_id,id,category,created_at,date,department,name,notes,qty,reason,sku,unit,item_id,item_name,item_sku,used_by,_migrated_at,_migrated_from
"6a89a2563fb8c43ecce7bf9e","out_1785864757555","","2026-08-04T17:32:37.555Z","04-08-2026","Kitchen","","","23","Kitchen Usage","","packet","stk_2","Palm Oil (পাম অয়েল)","J002","","""2026-08-22T13:49:30.090Z""","""public"".""stock_out"""
"6a89a2563fb8c43ecce7bf9f","out_1785864785551","","2026-08-04T17:33:05.551Z","04-08-2026","Kitchen","","","15","Kitchen Usage","","packet","stk_7","Chowmein Noodle (চাউমিন)","J007","","""2026-08-22T13:49:30.090Z""","""public"".""stock_out"""
"6a89a2563fb8c43ecce7bfa0","out_1785864807774","","2026-08-04T17:33:27.774Z","04-08-2026","Kitchen","","","4","Kitchen Usage","","packet","stk_8","Tomato Sauce (টমেটো sos)","J008","","""2026-08-22T13:49:30.090Z""","""public"".""stock_out"""
"6a89a2563fb8c43ecce7bfa1","out_1785864849200","","2026-08-04T17:34:09.200Z","04-08-2026","Kitchen","","","3","Kitchen Usage","","pcs","stk_13","Kasuri Methi","J013","","""2026-08-22T13:49:30.090Z""","""public"".""stock_out"""
"6a89a2563fb8c43ecce7bfa2","out_1785864880360","","2026-08-04T17:34:40.360Z","04-08-2026","Kitchen","","","1","Kitchen Usage","","kg","stk_12","Corn Flour","J012","","""2026-08-22T13:49:30.090Z""","""public"".""stock_out"""
"6a89a2563fb8c43ecce7bfa3","out_1785864898797","","2026-08-04T17:34:58.798Z","04-08-2026","Kitchen","","","2","Kitchen Usage","","kg","stk_16","Ajinomoto (Ajina)","J016","","""2026-08-22T13:49:30.090Z""","""public"".""stock_out"""
"6a89a2563fb8c43ecce7bfa4","out_1785864910178","","2026-08-04T17:35:10.179Z","04-08-2026","Kitchen","","","1","Kitchen Usage","","L","stk_3","Refined Oil (রেফাইন্ড অয়েল)","J003","","""2026-08-22T13:49:30.090Z""","""public"".""stock_out"""
"6a89a2573fb8c43ecce7bfa5","out_1785864922987","","2026-08-04T17:35:22.987Z","04-08-2026","Kitchen","","","1","Kitchen Usage","","L","stk_4","Mustard Oil (মাস্টার অয়েল)","J004","","""2026-08-22T13:49:30.090Z""","""public"".""stock_out"""
"6a89a2573fb8c43ecce7bfa6","out_1785864937341","","2026-08-04T17:35:37.341Z","04-08-2026","Kitchen","","","3","Kitchen Usage","","packet","stk_1","Rice (রাইস)","J001","","""2026-08-22T13:49:30.090Z""","""public"".""stock_out"""
"6a89a2573fb8c43ecce7bfa7","out_1785864959818","","2026-08-04T17:35:59.818Z","04-08-2026","Kitchen","","","250","Kitchen Usage","","g","stk_19","Jeera (Cumin Seeds)","J019","","""2026-08-22T13:49:30.090Z""","""public"".""stock_out"""
"6a89a2573fb8c43ecce7bfa8","out_1785866784751","","2026-08-04T18:06:24.751Z","04-08-2026","Kitchen","","","1","Kitchen Usage","","pcs","stk_23","Attar / Essence","J023","","""2026-08-22T13:49:30.090Z""","""public"".""stock_out"""
"6a89a2573fb8c43ecce7bfa9","out_1785866796854","","2026-08-04T18:06:36.854Z","04-08-2026","Kitchen","","","5","Kitchen Usage","","kg","stk_6","Atta (আটা)","J006","","""2026-08-22T13:49:30.090Z""","""public"".""stock_out"""
"6a89a2573fb8c43ecce7bfaa","out_1785866830144","","2026-08-04T18:07:10.144Z","04-08-2026","Kitchen","","","1","Kitchen Usage","","box","stk_42","Pure Ghee","J042","","""2026-08-22T13:49:30.090Z""","""public"".""stock_out"""
"6a89a2573fb8c43ecce7bfab","out_1785866843143","","2026-08-04T18:07:23.143Z","04-08-2026","Kitchen","","","1","Kitchen Usage","","pcs","stk_11","Vinegar","J011","","""2026-08-22T13:49:30.090Z""","""public"".""stock_out"""
"6a89a2573fb8c43ecce7bfac","out_1785867036876","","2026-08-04T18:10:36.876Z","04-08-2026","Kitchen","","","180","Kitchen Usage","","g","stk_35","Long (Cloves)","J035","","""2026-08-22T13:49:30.090Z""","""public"".""stock_out"""
"6a89a2573fb8c43ecce7bfad","out_1785867077467","","2026-08-04T18:11:17.467Z","04-08-2026","Kitchen","","","1","Kitchen Usage","","pcs","stk_9","Chili Sauce","J009","","""2026-08-22T13:49:30.090Z""","""public"".""stock_out"""
"6a89a2573fb8c43ecce7bfae","out_1785867090073","","2026-08-04T18:11:30.073Z","04-08-2026","Kitchen","","","2","Kitchen Usage","","pcs","stk_15","Kashmiri Chilli Powder","J015","","""2026-08-22T13:49:30.090Z""","""public"".""stock_out"""
"6a89a2573fb8c43ecce7bfaf","out_1785867139425","","2026-08-04T18:12:19.426Z","04-08-2026","Kitchen","","","2300","Kitchen Usage","","kg","stk_29","Sugar","J029","","""2026-08-22T13:49:30.090Z""","""public"".""stock_out"""
"6a89a2573fb8c43ecce7bfb0","out_1785869180920","","2026-08-04T18:46:20.921Z","04-08-2026","Kitchen","","","3.3","Kitchen Usage","","kg","stk_88","Cucumber (শসা)","J088","","""2026-08-22T13:49:30.090Z""","""public"".""stock_out"""
"6a89a2573fb8c43ecce7bfb1","out_1785869272602","","2026-08-04T18:47:52.602Z","04-08-2026","Kitchen","","","6","Kitchen Usage","","kg","stk_83","Tomato (টমেটো)","J083","","""2026-08-22T13:49:30.090Z""","""public"".""stock_out"""
"6a89a2573fb8c43ecce7bfb2","out_1785869327618","","2026-08-04T18:48:47.618Z","04-08-2026","Kitchen","","","2.4","Kitchen Usage","","kg","stk_80","Carrot","J080","","""2026-08-22T13:49:30.090Z""","""public"".""stock_out"""
"6a89a2573fb8c43ecce7bfb3","out_1785869410738","","2026-08-04T18:50:10.738Z","04-08-2026","Kitchen","","","2.6","Kitchen Usage","","kg","stk_79","Capsicum","J079","","""2026-08-22T13:49:30.090Z""","""public"".""stock_out"""
"6a89a2573fb8c43ecce7bfb4","out_1785869437894","","2026-08-04T18:50:37.894Z","04-08-2026","Kitchen","","","5.2","Kitchen Usage","","kg","stk_84","Cabbage (বাঁধাকপি)","J084","","""2026-08-22T13:49:30.090Z""","""public"".""stock_out"""
"6a89a2583fb8c43ecce7bfb5","out_1785869481457","","2026-08-04T18:51:21.457Z","04-08-2026","Kitchen","","","1","Kitchen Usage","","kg","stk_82","Green Chilli (কাঁচা লঙ্কা)","J082","","""2026-08-22T13:49:30.090Z""","""public"".""stock_out"""
"6a89a2583fb8c43ecce7bfb6","out_1785869542266","","2026-08-04T18:52:22.266Z","04-08-2026","Kitchen","","","14","Kitchen Usage","","kg","stk_75","Potato (আলু)","J075","","""2026-08-22T13:49:30.090Z""","""public"".""stock_out"""
"6a89a2583fb8c43ecce7bfb7","out_1785869570672","","2026-08-04T18:52:50.672Z","04-08-2026","Kitchen","","","17.5","Kitchen Usage","","kg","stk_76","Onion (পেঁয়াজ)","J076","","""2026-08-22T13:49:30.090Z""","""public"".""stock_out"""
"6a89a2583fb8c43ecce7bfb8","out_1785870005389","","2026-08-04T19:00:05.389Z","04-08-2026","Kitchen","","","5","Kitchen Usage","","packet","stk_54","Milk (দুধ)","J054","","""2026-08-22T13:49:30.090Z""","""public"".""stock_out"""
"6a89a2583fb8c43ecce7bfb9","out_1785870140163","","2026-08-04T19:02:20.163Z","04-08-2026","Kitchen","","","16","Kitchen Usage","","kg","stk_55","Dahi (দই / Curd)","J055","","""2026-08-22T13:49:30.090Z""","""public"".""stock_out"""
"6a89a2583fb8c43ecce7bfba","out_1785939924823","","2026-08-05T14:25:24.823Z","05-08-2026","Kitchen","","","10","Kitchen Usage","","kg","stk_5","Maida (মাইদা)","J005","","""2026-08-22T13:49:30.090Z""","""public"".""stock_out"""
"6a89a2583fb8c43ecce7bfbb","out_1785949182917","","2026-08-05T16:59:42.917Z","05-08-2026","Kitchen","","","5","Kitchen Usage","","packet","stk_2","Palm Oil (পাম অয়েল)","J002","","""2026-08-22T13:49:30.090Z""","""public"".""stock_out"""
"6a89a2583fb8c43ecce7bfbc","out_1785949192445","","2026-08-05T16:59:52.445Z","05-08-2026","Kitchen","","","1","Kitchen Usage","","pcs","stk_13","Kasuri Methi","J013","","""2026-08-22T13:49:30.090Z""","""public"".""stock_out"""
"6a89a2583fb8c43ecce7bfbd","out_1785949215631","","2026-08-05T17:00:15.631Z","05-08-2026","Kitchen","","","0.5","Kitchen Usage","","kg","stk_16","Ajinomoto (Ajina)","J016","","""2026-08-22T13:49:30.090Z""","""public"".""stock_out"""
"6a89a2583fb8c43ecce7bfbe","out_1785949321783","","2026-08-05T17:02:01.783Z","05-08-2026","Kitchen","","","1.5","Kitchen Usage","","kg","stk_16","Ajinomoto (Ajina)","J016","","""2026-08-22T13:49:30.090Z""","""public"".""stock_out"""
"6a89a2583fb8c43ecce7bfbf","out_1785949708709","","2026-08-05T17:08:28.709Z","05-08-2026","Kitchen","","","1","Kitchen Usage","","kg","stk_12","Corn Flour","J012","","""2026-08-22T13:49:30.090Z""","""public"".""stock_out"""
"6a89a2583fb8c43ecce7bfc0","out_1785949722775","","2026-08-05T17:08:42.775Z","05-08-2026","Kitchen","","","1","Kitchen Usage","","packet","stk_8","Tomato Sauce (টমেটো sos)","J008","","""2026-08-22T13:49:30.090Z""","""public"".""stock_out"""
"6a89a2583fb8c43ecce7bfc1","out_1785949757065","","2026-08-05T17:09:17.065Z","05-08-2026","Kitchen","","","150","Kitchen Usage","","g","stk_37","Dalchini (Cinnamon)","J037","","""2026-08-22T13:49:30.090Z""","""public"".""stock_out"""
"6a89a2593fb8c43ecce7bfc2","out_1785950846062","","2026-08-05T17:27:26.062Z","05-08-2026","Kitchen","","","100","Kitchen Usage","","g","stk_39","Rose Petals","J039","","""2026-08-22T13:49:30.090Z""","""public"".""stock_out"""
"6a89a2593fb8c43ecce7bfc3","out_1785950881273","","2026-08-05T17:28:01.273Z","05-08-2026","Kitchen","","","3","Kitchen Usage","","packet","stk_17","Chilli Powder","J017","","""2026-08-22T13:49:30.090Z""","""public"".""stock_out"""
"6a89a2593fb8c43ecce7bfc4","out_1785951122903","","2026-08-05T17:32:02.903Z","05-08-2026","Kitchen","","","1","Kitchen Usage","","box","stk_43","Baking Powder","J043","","""2026-08-22T13:49:30.090Z""","""public"".""stock_out"""
"6a89a2593fb8c43ecce7bfc5","out_1785951138660","","2026-08-05T17:32:18.660Z","05-08-2026","Kitchen","","","1","Kitchen Usage","","L","stk_4","Mustard Oil (মাস্টার অয়েল)","J004","","""2026-08-22T13:49:30.090Z""","""public"".""stock_out"""
"6a89a2593fb8c43ecce7bfc6","out_1785951157567","","2026-08-05T17:32:37.567Z","05-08-2026","Kitchen","","","1","Kitchen Usage","","box","stk_44","Mushroom","J044","","""2026-08-22T13:49:30.090Z""","""public"".""stock_out"""
"6a89a2593fb8c43ecce7bfc7","out_1785951205072","","2026-08-05T17:33:25.072Z","05-08-2026","Kitchen","","","3.5","Kitchen Usage","","kg","stk_5","Maida (মাইদা)","J005","","""2026-08-22T13:49:30.090Z""","""public"".""stock_out"""
"6a89a2593fb8c43ecce7bfc8","out_1785951385961","","2026-08-05T17:36:25.961Z","05-08-2026","Kitchen","","","0.7","Kitchen Usage","","kg","stk_83","Tomato (টমেটো)","J083","","""2026-08-22T13:49:30.090Z""","""public"".""stock_out"""
"6a89a2593fb8c43ecce7bfc9","out_1785951420666","","2026-08-05T17:37:00.666Z","05-08-2026","Kitchen","","","0.5","Kitchen Usage","","kg","stk_79","Capsicum","J079","","""2026-08-22T13:49:30.090Z""","""public"".""stock_out"""
"6a89a2593fb8c43ecce7bfca","out_1785951461181","","2026-08-05T17:37:41.181Z","05-08-2026","Kitchen","","","0.5","Kitchen Usage","","kg","stk_80","Carrot","J080","","""2026-08-22T13:49:30.090Z""","""public"".""stock_out"""
"6a89a2593fb8c43ecce7bfcb","out_1785951493746","","2026-08-05T17:38:13.746Z","05-08-2026","Kitchen","","","0.12","Kitchen Usage","","kg","stk_84","Cabbage (বাঁধাকপি)","J084","","""2026-08-22T13:49:30.090Z""","""public"".""stock_out"""
"6a89a2593fb8c43ecce7bfcc","out_1785951524672","","2026-08-05T17:38:44.672Z","05-08-2026","Kitchen","","","0.5","Kitchen Usage","","kg","stk_88","Cucumber (শসা)","J088","","""2026-08-22T13:49:30.090Z""","""public"".""stock_out"""
"6a89a2593fb8c43ecce7bfcd","out_1785951562998","","2026-08-05T17:39:22.998Z","05-08-2026","Kitchen","","","2.5","Kitchen Usage","","kg","stk_75","Potato (আলু)","J075","","""2026-08-22T13:49:30.090Z""","""public"".""stock_out"""
"6a89a2593fb8c43ecce7bfce","out_1785951601369","","2026-08-05T17:40:01.369Z","05-08-2026","Kitchen","","","3.5","Kitchen Usage","","kg","stk_76","Onion (পেঁয়াজ)","J076","","""2026-08-22T13:49:30.090Z""","""public"".""stock_out"""
"6a89a2593fb8c43ecce7bfcf","out_1785951623537","","2026-08-05T17:40:23.537Z","05-08-2026","Kitchen","","","0.2","Kitchen Usage","","kg","stk_82","Green Chilli (কাঁচা লঙ্কা)","J082","","""2026-08-22T13:49:30.090Z""","""public"".""stock_out"""
"6a89a2593fb8c43ecce7bfd0","out_1785951664679","","2026-08-05T17:41:04.680Z","05-08-2026","Kitchen","","","0.5","Kitchen Usage","","kg","stk_81","Beans","J081","","""2026-08-22T13:49:30.090Z""","""public"".""stock_out"""
"6a89a25a3fb8c43ecce7bfd1","out_1785951719271","","2026-08-05T17:41:59.271Z","05-08-2026","Kitchen","","","1","Kitchen Usage","","kg","stk_55","Dahi (দই / Curd)","J055","","""2026-08-22T13:49:30.090Z""","""public"".""stock_out"""
"6a89a25a3fb8c43ecce7bfd2","out_1785951735791","","2026-08-05T17:42:15.791Z","05-08-2026","Kitchen","","","2","Kitchen Usage","","packet","stk_54","Milk (দুধ)","J054","","""2026-08-22T13:49:30.090Z""","""public"".""stock_out"""
"6a89a25a3fb8c43ecce7bfd3","out_1785951776128","","2026-08-05T17:42:56.128Z","05-08-2026","Kitchen","","","1","Kitchen Usage","","packet","stk_57","Butter","J057","","""2026-08-22T13:49:30.090Z""","""public"".""stock_out"""
"6a89a25a3fb8c43ecce7bfd4","out_1785951795710","","2026-08-05T17:43:15.710Z","05-08-2026","Kitchen","","","1","Kitchen Usage","","packet","stk_112","13x16 Carry Bag","J112","","""2026-08-22T13:49:30.090Z""","""public"".""stock_out"""
"6a89a25a3fb8c43ecce7bfd5","out_1785951863813","","2026-08-05T17:44:23.813Z","05-08-2026","Kitchen","","","7","Kitchen Usage","","pcs","stk_64","Bisleri Water 1L","J064","","""2026-08-22T13:49:30.090Z""","""public"".""stock_out"""
"6a89a25a3fb8c43ecce7bfd6","out_1785951877053","","2026-08-05T17:44:37.053Z","05-08-2026","Kitchen","","","4","Kitchen Usage","","pcs","stk_67","Bisleri Water 500ml","J067","","""2026-08-22T13:49:30.090Z""","""public"".""stock_out"""
"6a89a25a3fb8c43ecce7bfd7","out_1785951895800","","2026-08-05T17:44:55.800Z","05-08-2026","Kitchen","","","1","Kitchen Usage","","pcs","stk_60","Campa White 100ml","J060","","""2026-08-22T13:49:30.090Z""","""public"".""stock_out"""
"6a89a25a3fb8c43ecce7bfd8","out_1785951916604","","2026-08-05T17:45:16.604Z","05-08-2026","Kitchen","","","4","Kitchen Usage","","pcs","stk_62","Campa White 500ml","J062","","""2026-08-22T13:49:30.090Z""","""public"".""stock_out"""
"6a89a25a3fb8c43ecce7bfd9","out_1785951966199","","2026-08-05T17:46:06.199Z","05-08-2026","Kitchen","","","4","Kitchen Usage","","pcs","stk_61","Campa Black 500ml","J061","","""2026-08-22T13:49:30.090Z""","""public"".""stock_out"""
"6a89a25a3fb8c43ecce7bfda","out_1786022643398","","2026-08-06T13:24:03.398Z","06-08-2026","Kitchen","","","5","Kitchen Usage","","packet","stk_2","Palm Oil (পাম অয়েল)","J002","","""2026-08-22T13:49:30.090Z""","""public"".""stock_out"""
"6a89a25a3fb8c43ecce7bfdb","out_1786022652638","","2026-08-06T13:24:12.638Z","06-08-2026","Kitchen","","","2","Kitchen Usage","","packet","stk_7","Chowmein Noodle (চাউমিন)","J007","","""2026-08-22T13:49:30.090Z""","""public"".""stock_out"""
"6a89a25a3fb8c43ecce7bfdc","out_1786022670844","","2026-08-06T13:24:30.844Z","06-08-2026","Kitchen","","","3","Kitchen Usage","","packet","stk_17","Chilli Powder","J017","","""2026-08-22T13:49:30.090Z""","""public"".""stock_out"""
"6a89a25a3fb8c43ecce7bfdd","out_1786022689203","","2026-08-06T13:24:49.203Z","06-08-2026","Kitchen","","","4","Kitchen Usage","","packet","stk_18","Haldi (Turmeric Powder)","J018","","""2026-08-22T13:49:30.090Z""","""public"".""stock_out"""
"6a89a25a3fb8c43ecce7bfde","out_1786022724488","","2026-08-06T13:25:24.488Z","06-08-2026","Kitchen","","","1","Kitchen Usage","","packet","stk_14","Chat Masala","J014","","""2026-08-22T13:49:30.090Z""","""public"".""stock_out"""
"6a89a25a3fb8c43ecce7bfdf","out_1786022893094","","2026-08-06T13:28:13.095Z","06-08-2026","Kitchen","","","1","Kitchen Usage","","L","stk_3","Refined Oil (রেফাইন্ড অয়েল)","J003","","""2026-08-22T13:49:30.090Z""","""public"".""stock_out"""
"6a89a25b3fb8c43ecce7bfe0","out_1786022904965","","2026-08-06T13:28:24.965Z","06-08-2026","Kitchen","","","1","Kitchen Usage","","pcs","stk_11","Vinegar","J011","","""2026-08-22T13:49:30.090Z""","""public"".""stock_out"""
"6a89a25b3fb8c43ecce7bfe1","out_1786022927163","","2026-08-06T13:28:47.163Z","06-08-2026","Kitchen","","","0.4","Kitchen Usage","","kg","stk_83","Tomato (টমেটো)","J083","","""2026-08-22T13:49:30.090Z""","""public"".""stock_out"""
"6a89a25b3fb8c43ecce7bfe2","out_1786022946145","","2026-08-06T13:29:06.145Z","06-08-2026","Kitchen","","","0.7","Kitchen Usage","","kg","stk_79","Capsicum","J079","","""2026-08-22T13:49:30.090Z""","""public"".""stock_out"""
"6a89a25b3fb8c43ecce7bfe3","out_1786022961564","","2026-08-06T13:29:21.564Z","06-08-2026","Kitchen","","","0.5","Kitchen Usage","","kg","stk_80","Carrot","J080","","""2026-08-22T13:49:30.090Z""","""public"".""stock_out"""
"6a89a25b3fb8c43ecce7bfe4","out_1786023011130","","2026-08-06T13:30:11.130Z","06-08-2026","Kitchen","","","1.1","Kitchen Usage","","kg","stk_84","Cabbage (বাঁধাকপি)","J084","","""2026-08-22T13:49:30.090Z""","""public"".""stock_out"""
"6a89a25b3fb8c43ecce7bfe5","out_1786023057497","","2026-08-06T13:30:57.497Z","06-08-2026","Kitchen","","","0.25","Kitchen Usage","","kg","stk_82","Green Chilli (কাঁচা লঙ্কা)","J082","","""2026-08-22T13:49:30.090Z""","""public"".""stock_out"""
"6a89a25b3fb8c43ecce7bfe6","out_1786023179377","","2026-08-06T13:32:59.377Z","06-08-2026","Kitchen","","","3.5","Kitchen Usage","","kg","stk_75","Potato (আলু)","J075","","""2026-08-22T13:49:30.090Z""","""public"".""stock_out"""
"6a89a25b3fb8c43ecce7bfe7","out_1786023197932","","2026-08-06T13:33:17.932Z","06-08-2026","Kitchen","","","4.5","Kitchen Usage","","kg","stk_76","Onion (পেঁয়াজ)","J076","","""2026-08-22T13:49:30.090Z""","""public"".""stock_out"""
"6a89a25b3fb8c43ecce7bfe8","out_1786023225110","","2026-08-06T13:33:45.111Z","06-08-2026","Kitchen","","","3","Kitchen Usage","","kg","stk_77","Ginger (আদা)","J077","","""2026-08-22T13:49:30.090Z""","""public"".""stock_out"""
"6a89a25b3fb8c43ecce7bfe9","out_1786023248603","","2026-08-06T13:34:08.603Z","06-08-2026","Kitchen","","","2.2","Kitchen Usage","","kg","stk_78","Garlic (রসুন)","J078","","""2026-08-22T13:49:30.090Z""","""public"".""stock_out"""
"6a89a25b3fb8c43ecce7bfea","out_1786023485756","","2026-08-06T13:38:05.756Z","06-08-2026","Kitchen","","","1","Kitchen Usage","","packet","stk_54","Milk (দুধ)","J054","","""2026-08-22T13:49:30.090Z""","""public"".""stock_out"""
"6a89a25b3fb8c43ecce7bfeb","out_1786023996037","","2026-08-06T13:46:36.037Z","06-08-2026","Kitchen","","","4","Kitchen Usage","","kg","stk_55","Dahi (দই / Curd)","J055","","""2026-08-22T13:49:30.090Z""","""public"".""stock_out"""
"6a89a25b3fb8c43ecce7bfec","out_1786029361252","","2026-08-06T15:16:01.252Z","06-08-2026","Kitchen","","","1","Kitchen Usage","","packet","stk_108","Tissue Paper","J108","","""2026-08-22T13:49:30.090Z""","""public"".""stock_out"""
"6a89a25c3fb8c43ecce7bfed","out_1786029411089","","2026-08-06T15:16:51.089Z","06-08-2026","Kitchen","","","50","Kitchen Usage","","pcs","stk_104","1000ml Container","J104","","""2026-08-22T13:49:30.090Z""","""public"".""stock_out"""
"6a89a25c3fb8c43ecce7bfee","out_1786032469169","","2026-08-06T16:07:49.169Z","06-08-2026","Kitchen","","","19.5","Kitchen Usage","","kg","stk_76","Onion (পেঁয়াজ)","J076","","""2026-08-22T13:49:30.090Z""","""public"".""stock_out"""
"6a89a25c3fb8c43ecce7bfef","out_1786036757121","","2026-08-06T17:19:17.121Z","06-08-2026","Kitchen","","","5","Kitchen Usage","","pcs","stk_61","Campa Black 500ml","J061","","""2026-08-22T13:49:30.090Z""","""public"".""stock_out"""
"6a89a25c3fb8c43ecce7bff0","out_1786036830993","","2026-08-06T17:20:30.993Z","06-08-2026","Kitchen","","","2","Kitchen Usage","","pcs","stk_74","Sprite 1L","J074","","""2026-08-22T13:49:30.090Z""","""public"".""stock_out"""
"6a89a25c3fb8c43ecce7bff1","out_1786036890633","","2026-08-06T17:21:30.634Z","06-08-2026","Kitchen","","","4","Kitchen Usage","","pcs","stk_90","Rs 10 Cone","J090","","""2026-08-22T13:49:30.090Z""","""public"".""stock_out"""
"6a89a25c3fb8c43ecce7bff2","out_1786036953609","","2026-08-06T17:22:33.610Z","06-08-2026","Kitchen","","","1","Kitchen Usage","","pcs","stk_95","Rs 30 Cone","J095","","""2026-08-22T13:49:30.090Z""","""public"".""stock_out"""
"6a89a25c3fb8c43ecce7bff3","out_1786037778896","","2026-08-06T17:36:18.897Z","06-08-2026","Kitchen","","","6","Kitchen Usage","","pcs","stk_93","Rs 20 Stick","J093","","""2026-08-22T13:49:30.090Z""","""public"".""stock_out"""
"6a89a25c3fb8c43ecce7bff4","out_1786085223319","","2026-08-07T06:47:03.320Z","07-08-2026","Kitchen","","","12","Kitchen Usage","","pcs","stk_64","Bisleri Water 1L","J064","","""2026-08-22T13:49:30.090Z""","""public"".""stock_out"""
"6a89a25c3fb8c43ecce7bff5","out_1786106457642","","2026-08-07T12:40:57.642Z","07-08-2026","Kitchen","","","4","Kitchen Usage","","packet","stk_17","Chilli Powder","J017","","""2026-08-22T13:49:30.090Z""","""public"".""stock_out"""
"6a89a25c3fb8c43ecce7bff6","out_1786106493443","","2026-08-07T12:41:33.443Z","07-08-2026","Kitchen","","","5","Kitchen Usage","","packet","stk_2","Palm Oil (পাম অয়েল)","J002","","""2026-08-22T13:49:30.090Z""","""public"".""stock_out"""
"6a89a25c3fb8c43ecce7bff7","out_1786106537876","","2026-08-07T12:42:17.876Z","07-08-2026","Kitchen","","","1","Kitchen Usage","","kg","stk_5","Maida (মাইদা)","J005","","""2026-08-22T13:49:30.090Z""","""public"".""stock_out"""
"6a89a25c3fb8c43ecce7bff8","out_1786106578620","","2026-08-07T12:42:58.620Z","07-08-2026","Kitchen","","","1","Kitchen Usage","","pcs","stk_13","Kasuri Methi","J013","","""2026-08-22T13:49:30.090Z""","""public"".""stock_out"""
"6a89a25d3fb8c43ecce7bff9","out_1786106621003","","2026-08-07T12:43:41.003Z","07-08-2026","Kitchen","","","1","Kitchen Usage","","box","stk_24","Red Food Color","J024","","""2026-08-22T13:49:30.090Z""","""public"".""stock_out"""
"6a89a25d3fb8c43ecce7bffa","out_1786106661836","","2026-08-07T12:44:21.836Z","07-08-2026","Kitchen","","","2","Kitchen Usage","","packet","stk_30","Posto (Poppy Seeds)","J030","","""2026-08-22T13:49:30.090Z""","""public"".""stock_out"""
"6a89a25d3fb8c43ecce7bffb","out_1786106684643","","2026-08-07T12:44:44.643Z","07-08-2026","Kitchen","","","2","Kitchen Usage","","packet","stk_31","Dalda / Vanaspati","J031","","""2026-08-22T13:49:30.090Z""","""public"".""stock_out"""
"6a89a25d3fb8c43ecce7bffc","out_1786106716875","","2026-08-07T12:45:16.875Z","07-08-2026","Kitchen","","","100","Kitchen Usage","","g","stk_33","Mogoz (Melon Seeds)","J033","","""2026-08-22T13:49:30.090Z""","""public"".""stock_out"""
"6a89a25d3fb8c43ecce7bffd","out_1786106803235","","2026-08-07T12:46:43.235Z","07-08-2026","Kitchen","","","4","Kitchen Usage","","packet","stk_52","Egg (ডিম)","J052","","""2026-08-22T13:49:30.090Z""","""public"".""stock_out"""
"6a89a25d3fb8c43ecce7bffe","out_1786106840450","","2026-08-07T12:47:20.450Z","07-08-2026","Kitchen","","","1","Kitchen Usage","","packet","stk_54","Milk (দুধ)","J054","","""2026-08-22T13:49:30.090Z""","""public"".""stock_out"""
"6a89a25d3fb8c43ecce7bfff","out_1786106898980","","2026-08-07T12:48:18.980Z","07-08-2026","Kitchen","","","1","Kitchen Usage","","packet","stk_57","Butter","J057","","""2026-08-22T13:49:30.090Z""","""public"".""stock_out"""
"6a89a25d3fb8c43ecce7c000","out_1786106936372","","2026-08-07T12:48:56.372Z","07-08-2026","Kitchen","","","2.8","Kitchen Usage","","kg","stk_75","Potato (আলু)","J075","","""2026-08-22T13:49:30.090Z""","""public"".""stock_out"""
"6a89a25d3fb8c43ecce7c001","out_1786107035699","","2026-08-07T12:50:35.699Z","07-08-2026","Kitchen","","","0.5","Kitchen Usage","","kg","stk_79","Capsicum","J079","","""2026-08-22T13:49:30.090Z""","""public"".""stock_out"""
"6a89a25d3fb8c43ecce7c002","out_1786107105507","","2026-08-07T12:51:45.507Z","07-08-2026","Kitchen","","","0.5","Kitchen Usage","","kg","stk_80","Carrot","J080","","""2026-08-22T13:49:30.090Z""","""public"".""stock_out"""
"6a89a25d3fb8c43ecce7c003","out_1786107145947","","2026-08-07T12:52:25.947Z","07-08-2026","Kitchen","","","0.25","Kitchen Usage","","kg","stk_82","Green Chilli (কাঁচা লঙ্কা)","J082","","""2026-08-22T13:49:30.090Z""","""public"".""stock_out"""
"6a89a25d3fb8c43ecce7c004","out_1786107195811","","2026-08-07T12:53:15.811Z","07-08-2026","Kitchen","","","3.6","Kitchen Usage","","kg","stk_83","Tomato (টমেটো)","J083","","""2026-08-22T13:49:30.090Z""","""public"".""stock_out"""
"6a89a25d3fb8c43ecce7c005","out_1786107236146","","2026-08-07T12:53:56.146Z","07-08-2026","Kitchen","","","1.1","Kitchen Usage","","kg","stk_84","Cabbage (বাঁধাকপি)","J084","","""2026-08-22T13:49:30.090Z""","""public"".""stock_out"""
"6a89a25d3fb8c43ecce7c006","out_1786107340259","","2026-08-07T12:55:40.259Z","07-08-2026","Kitchen","","","0.6","Kitchen Usage","","kg","stk_88","Cucumber (শসা)","J088","","""2026-08-22T13:49:30.090Z""","""public"".""stock_out"""
"6a89a25d3fb8c43ecce7c007","out_1786107452482","","2026-08-07T12:57:32.482Z","07-08-2026","Kitchen","","","1","Kitchen Usage","","packet","stk_112","13x16 Carry Bag","J112","","""2026-08-22T13:49:30.090Z""","""public"".""stock_out"""
"6a89a25d3fb8c43ecce7c008","out_1786107520282","","2026-08-07T12:58:40.283Z","07-08-2026","Kitchen","","","2","Kitchen Usage","","packet","stk_108","Tissue Paper","J108","","""2026-08-22T13:49:30.090Z""","""public"".""stock_out"""
"6a89a25e3fb8c43ecce7c009","out_1786107586971","","2026-08-07T12:59:46.971Z","07-08-2026","Kitchen","","","2","Kitchen Usage","","pcs","stk_124","Vim Soap / Bar (Bhim Srap)","J124","","""2026-08-22T13:49:30.090Z""","""public"".""stock_out"""
"6a89a25e3fb8c43ecce7c00a","out_1786111021824","","2026-08-07T13:57:01.824Z","07-08-2026","Kitchen","","","50","Kitchen Usage","","pcs","stk_106","750ml Container","J106","","""2026-08-22T13:49:30.090Z""","""public"".""stock_out"""
"6a89a25e3fb8c43ecce7c00b","out_1786114400172","","2026-08-07T14:53:20.172Z","07-08-2026","Kitchen","","","3","Kitchen Usage","","packet","stk_2","Palm Oil (পাম অয়েল)","J002","","""2026-08-22T13:49:30.090Z""","""public"".""stock_out"""
"6a89a25e3fb8c43ecce7c00c","out_1786114464177","","2026-08-07T14:54:24.177Z","07-08-2026","Kitchen","","","8","Kitchen Usage","","packet","stk_2","Palm Oil (পাম অয়েল)","J002","","""2026-08-22T13:49:30.090Z""","""public"".""stock_out"""
"6a89a25e3fb8c43ecce7c00d","out_1786114507665","","2026-08-07T14:55:07.665Z","07-08-2026","Kitchen","","","4","Kitchen Usage","","packet","stk_46","Papad","J046","","""2026-08-22T13:49:30.090Z""","""public"".""stock_out"""
"6a89a25e3fb8c43ecce7c00e","out_1786114701434","","2026-08-07T14:58:21.435Z","07-08-2026","Kitchen","","","3","Kitchen Usage","","packet","stk_14","Chat Masala","J014","","""2026-08-22T13:49:30.090Z""","""public"".""stock_out"""
"6a89a25e3fb8c43ecce7c00f","out_1786119805504","","2026-08-07T16:23:25.504Z","07-08-2026","Kitchen","","","6","Kitchen Usage","","pcs","stk_68","Local Mineral Water 500ml","J068","","""2026-08-22T13:49:30.090Z""","""public"".""stock_out"""
"6a89a25e3fb8c43ecce7c010","out_1786122681760","","2026-08-07T17:11:21.760Z","07-08-2026","Kitchen","","","7","Kitchen Usage","","pcs","stk_64","Bisleri Water 1L","J064","","""2026-08-22T13:49:30.090Z""","""public"".""stock_out"""
"6a89a25e3fb8c43ecce7c011","out_1786122711740","","2026-08-07T17:11:51.740Z","07-08-2026","Kitchen","","","6","Kitchen Usage","","pcs","stk_67","Bisleri Water 500ml","J067","","""2026-08-22T13:49:30.090Z""","""public"".""stock_out"""
"6a89a25e3fb8c43ecce7c012","out_1786122729091","","2026-08-07T17:12:09.092Z","07-08-2026","Kitchen","","","1","Kitchen Usage","","packet","stk_54","Milk (দুধ)","J054","","""2026-08-22T13:49:30.090Z""","""public"".""stock_out"""
"6a89a25e3fb8c43ecce7c013","out_1786122777692","","2026-08-07T17:12:57.692Z","07-08-2026","Kitchen","","","6.5","Kitchen Usage","","kg","stk_76","Onion (পেঁয়াজ)","J076","","""2026-08-22T13:49:30.090Z""","""public"".""stock_out"""
"6a89a25e3fb8c43ecce7c014","out_1786124683125","","2026-08-07T17:44:43.126Z","07-08-2026","Kitchen","","","0.5","Kitchen Usage","","kg","stk_76","Onion (পেঁয়াজ)","J076","","""2026-08-22T13:49:30.090Z""","""public"".""stock_out"""
"6a89a25e3fb8c43ecce7c015","out_1786124883697","","2026-08-07T17:48:03.697Z","07-08-2026","Kitchen","","","7","Kitchen Usage","","packet","stk_52","Egg (ডিম)","J052","","""2026-08-22T13:49:30.090Z""","""public"".""stock_out"""
"6a89a25f3fb8c43ecce7c016","out_1786125757595","","2026-08-07T18:02:37.595Z","07-08-2026","Kitchen","","","3","Kitchen Usage","","pcs","stk_64","Bisleri Water 1L","J064","","""2026-08-22T13:49:30.090Z""","""public"".""stock_out"""
"6a89a25f3fb8c43ecce7c017","out_1786125815066","","2026-08-07T18:03:35.066Z","07-08-2026","Kitchen","","","6","Kitchen Usage","","pcs","stk_61","Campa Black 500ml","J061","","""2026-08-22T13:49:30.090Z""","""public"".""stock_out"""
"6a89a25f3fb8c43ecce7c018","out_1786125836133","","2026-08-07T18:03:56.133Z","07-08-2026","Kitchen","","","3","Kitchen Usage","","pcs","stk_62","Campa White 500ml","J062","","""2026-08-22T13:49:30.090Z""","""public"".""stock_out"""
"6a89a25f3fb8c43ecce7c019","out_1786125864126","","2026-08-07T18:04:24.126Z","07-08-2026","Kitchen","","","2","Kitchen Usage","","pcs","stk_1785945290174","CAMPA JEERA","J138","","""2026-08-22T13:49:30.090Z""","""public"".""stock_out"""
"6a89a25f3fb8c43ecce7c01a","out_1786197216915","","2026-08-08T13:53:36.915Z","08-08-2026","Kitchen","","","1","Kitchen Usage","","packet","stk_1","Rice (রাইস)","J001","","""2026-08-22T13:49:30.090Z""","""public"".""stock_out"""
"6a89a2603fb8c43ecce7c01b","out_1786197412783","","2026-08-08T13:56:52.783Z","08-08-2026","Kitchen","","","5","Kitchen Usage","","packet","stk_2","Palm Oil (পাম অয়েল)","J002","","""2026-08-22T13:49:30.090Z""","""public"".""stock_out"""
"6a89a2603fb8c43ecce7c01c","out_1786197440426","","2026-08-08T13:57:20.426Z","08-08-2026","Kitchen","","","1","Kitchen Usage","","L","stk_3","Refined Oil (রেফাইন্ড অয়েল)","J003","","""2026-08-22T13:49:30.090Z""","""public"".""stock_out"""
"6a89a2603fb8c43ecce7c01d","out_1786197505334","","2026-08-08T13:58:25.334Z","08-08-2026","Kitchen","","","5","Kitchen Usage","","kg","stk_6","Atta (আটা)","J006","","""2026-08-22T13:49:30.090Z""","""public"".""stock_out"""
"6a89a2603fb8c43ecce7c01e","out_1786197539293","","2026-08-08T13:58:59.293Z","08-08-2026","Kitchen","","","5","Kitchen Usage","","packet","stk_7","Chowmein Noodle (চাউমিন)","J007","","""2026-08-22T13:49:30.090Z""","""public"".""stock_out"""
"6a89a2603fb8c43ecce7c01f","out_1786197644633","","2026-08-08T14:00:44.633Z","08-08-2026","Kitchen","","","1","Kitchen Usage","","packet","stk_8","Tomato Sauce (টমেটো sos)","J008","","""2026-08-22T13:49:30.090Z""","""public"".""stock_out"""
"6a89a2613fb8c43ecce7c020","out_1786197661319","","2026-08-08T14:01:01.319Z","08-08-2026","Kitchen","","","1","Kitchen Usage","","pcs","stk_9","Chili Sauce","J009","","""2026-08-22T13:49:30.090Z""","""public"".""stock_out"""
"6a89a2613fb8c43ecce7c021","out_1786197678745","","2026-08-08T14:01:18.746Z","08-08-2026","Kitchen","","","1","Kitchen Usage","","pcs","stk_11","Vinegar","J011","","""2026-08-22T13:49:30.090Z""","""public"".""stock_out"""
"6a89a2613fb8c43ecce7c022","out_1786198083495","","2026-08-08T14:08:03.496Z","08-08-2026","Kitchen","","","1","Kitchen Usage","","pcs","stk_13","Kasuri Methi","J013","","""2026-08-22T13:49:30.090Z""","""public"".""stock_out"""
"6a89a2623fb8c43ecce7c023","out_1786198277440","","2026-08-08T14:11:17.440Z","08-08-2026","Kitchen","","","4.5","Kitchen Usage","","kg","stk_75","Potato (আলু)","J075","","""2026-08-22T13:49:30.090Z""","""public"".""stock_out"""
"6a89a2633fb8c43ecce7c024","out_1786198362087","","2026-08-08T14:12:42.087Z","08-08-2026","Kitchen","","","4","Kitchen Usage","","kg","stk_76","Onion (পেঁয়াজ)","J076","","""2026-08-22T13:49:30.090Z""","""public"".""stock_out"""
"6a89a2633fb8c43ecce7c025","out_1786198404958","","2026-08-08T14:13:24.959Z","08-08-2026","Kitchen","","","0.8","Kitchen Usage","","kg","stk_79","Capsicum","J079","","""2026-08-22T13:49:30.090Z""","""public"".""stock_out"""
"6a89a2633fb8c43ecce7c026","out_1786198441918","","2026-08-08T14:14:01.918Z","08-08-2026","Kitchen","","","0.55","Kitchen Usage","","kg","stk_80","Carrot","J080","","""2026-08-22T13:49:30.090Z""","""public"".""stock_out"""
"6a89a2633fb8c43ecce7c027","out_1786198473752","","2026-08-08T14:14:33.752Z","08-08-2026","Kitchen","","","0.5","Kitchen Usage","","kg","stk_81","Beans","J081","","""2026-08-22T13:49:30.090Z""","""public"".""stock_out"""
"6a89a2633fb8c43ecce7c028","out_1786198557758","","2026-08-08T14:15:57.758Z","08-08-2026","Kitchen","","","0.25","Kitchen Usage","","kg","stk_82","Green Chilli (কাঁচা লঙ্কা)","J082","","""2026-08-22T13:49:30.090Z""","""public"".""stock_out"""
"6a89a2633fb8c43ecce7c029","out_1786198586555","","2026-08-14T16:16:26.555Z","08-08-2026","Kitchen","","","0.8","Kitchen Usage","","kg","stk_83","Tomato (টমেটো)","J083","","""2026-08-22T13:49:30.090Z""","""public"".""stock_out"""
"6a89a2633fb8c43ecce7c02a","out_1786198774496","","2026-08-08T14:19:34.496Z","08-08-2026","Kitchen","","","1.5","Kitchen Usage","","kg","stk_84","Cabbage (বাঁধাকপি)","J084","","""2026-08-22T13:49:30.090Z""","""public"".""stock_out"""
"6a89a2633fb8c43ecce7c02b","out_1786198807097","","2026-08-08T14:20:07.098Z","08-08-2026","Kitchen","","","0.5","Kitchen Usage","","kg","stk_88","Cucumber (শসা)","J088","","""2026-08-22T13:49:30.090Z""","""public"".""stock_out"""
"6a89a2633fb8c43ecce7c02c","out_1786199383759","","2026-08-08T14:29:43.759Z","08-08-2026","Kitchen","","","4","Kitchen Usage","","kg","stk_55","Dahi (দই / Curd)","J055","","""2026-08-22T13:49:30.090Z""","""public"".""stock_out"""
"6a89a2633fb8c43ecce7c02d","out_1786201641048","","2026-08-08T15:07:21.048Z","08-08-2026","Kitchen","","","1","Kitchen Usage","","packet","stk_112","13x16 Carry Bag","J112","","""2026-08-22T13:49:30.090Z""","""public"".""stock_out"""
"6a89a2633fb8c43ecce7c02e","out_1786205173246","","2026-08-08T16:06:13.247Z","08-08-2026","Kitchen","","","1","Kitchen Usage","","packet","stk_54","Milk (দুধ)","J054","","""2026-08-22T13:49:30.090Z""","""public"".""stock_out"""
"6a89a2643fb8c43ecce7c02f","out_1786205191109","","2026-08-08T16:06:31.109Z","08-08-2026","Kitchen","","","1","Kitchen Usage","","packet","stk_57","Butter","J057","","""2026-08-22T13:49:30.090Z""","""public"".""stock_out"""
"6a89a2643fb8c43ecce7c030","out_1786207721922","","2026-08-08T16:48:41.922Z","08-08-2026","Kitchen","","","2","Kitchen Usage","","packet","stk_108","Tissue Paper","J108","","""2026-08-22T13:49:30.090Z""","""public"".""stock_out"""
"6a89a2643fb8c43ecce7c031","out_1786207760259","","2026-08-08T16:49:20.259Z","08-08-2026","Kitchen","","","7","Kitchen Usage","","pcs","stk_64","Bisleri Water 1L","J064","","""2026-08-22T13:49:30.090Z""","""public"".""stock_out"""
"6a89a2643fb8c43ecce7c032","out_1786207781197","","2026-08-08T16:49:41.198Z","08-08-2026","Kitchen","","","4","Kitchen Usage","","pcs","stk_61","Campa Black 500ml","J061","","""2026-08-22T13:49:30.090Z""","""public"".""stock_out"""
"6a89a2643fb8c43ecce7c033","out_1786207817933","","2026-08-08T16:50:17.933Z","08-08-2026","Kitchen","","","4","Kitchen Usage","","pcs","stk_62","Campa White 500ml","J062","","""2026-08-22T13:49:30.090Z""","""public"".""stock_out"""
"6a89a2643fb8c43ecce7c034","out_1786290421948","","2026-08-09T15:47:01.949Z","09-08-2026","Kitchen","","","3","Kitchen Usage","","packet","stk_2","Palm Oil (পাম অয়েল)","J002","","""2026-08-22T13:49:30.090Z""","""public"".""stock_out"""
"6a89a2643fb8c43ecce7c035","out_1786290442425","","2026-08-09T15:47:22.425Z","09-08-2026","Kitchen","","","4","Kitchen Usage","","packet","stk_7","Chowmein Noodle (চাউমিন)","J007","","""2026-08-22T13:49:30.090Z""","""public"".""stock_out"""
"6a89a2643fb8c43ecce7c036","out_1786290467406","","2026-08-09T15:47:47.406Z","09-08-2026","Kitchen","","","1","Kitchen Usage","","packet","stk_8","Tomato Sauce (টমেটো sos)","J008","","""2026-08-22T13:49:30.090Z""","""public"".""stock_out"""
"6a89a2643fb8c43ecce7c037","out_1786290484085","","2026-08-09T15:48:04.085Z","09-08-2026","Kitchen","","","1","Kitchen Usage","","kg","stk_12","Corn Flour","J012","","""2026-08-22T13:49:30.090Z""","""public"".""stock_out"""
"6a89a2643fb8c43ecce7c038","out_1786290505449","","2026-08-09T15:48:25.449Z","09-08-2026","Kitchen","","","1","Kitchen Usage","","packet","stk_14","Chat Masala","J014","","""2026-08-22T13:49:30.090Z""","""public"".""stock_out"""
"6a89a2643fb8c43ecce7c039","out_1786290530306","","2026-08-09T15:48:50.306Z","09-08-2026","Kitchen","","","2","Kitchen Usage","","pcs","stk_15","Kashmiri Chilli Powder","J015","","""2026-08-22T13:49:30.090Z""","""public"".""stock_out"""
"6a89a2643fb8c43ecce7c03a","out_1786290573947","","2026-08-09T15:49:33.947Z","09-08-2026","Kitchen","","","0.3","Kitchen Usage","","g","stk_19","Jeera (Cumin Seeds)","J019","","""2026-08-22T13:49:30.090Z""","""public"".""stock_out"""
"6a89a2643fb8c43ecce7c03b","out_1786290622165","","2026-08-09T15:50:22.165Z","09-08-2026","Kitchen","","","1","Kitchen Usage","","pcs","stk_23","Attar / Essence","J023","","""2026-08-22T13:49:30.090Z""","""public"".""stock_out"""
"6a89a2643fb8c43ecce7c03c","out_1786290675266","","2026-08-09T15:51:15.266Z","09-08-2026","Kitchen","","","0.2","Kitchen Usage","","g","stk_27","Dry Chilli","J027","","""2026-08-22T13:49:30.090Z""","""public"".""stock_out"""
"6a89a2643fb8c43ecce7c03d","out_1786290755692","","2026-08-09T15:52:35.693Z","09-08-2026","Kitchen","","","0.15","Kitchen Usage","","g","stk_41","Black Pepper (Gol Morich)","J041","","""2026-08-22T13:49:30.090Z""","""public"".""stock_out"""
"6a89a2643fb8c43ecce7c03e","out_1786290808486","","2026-08-09T15:53:28.486Z","09-08-2026","Kitchen","","","1","Kitchen Usage","","box","stk_42","Pure Ghee","J042","","""2026-08-22T13:49:30.090Z""","""public"".""stock_out"""
"6a89a2653fb8c43ecce7c03f","out_1786290885520","","2026-08-09T15:54:45.520Z","09-08-2026","Kitchen","","","1","Kitchen Usage","","kg","stk_16","Ajinomoto (Ajina)","J016","","""2026-08-22T13:49:30.090Z""","""public"".""stock_out"""
"6a89a2653fb8c43ecce7c040","out_1786290957474","","2026-08-09T15:55:57.474Z","09-08-2026","Kitchen","","","1","Kitchen Usage","","packet","stk_54","Milk (দুধ)","J054","","""2026-08-22T13:49:30.090Z""","""public"".""stock_out"""
"6a89a2653fb8c43ecce7c041","out_1786290974911","","2026-08-09T15:56:14.911Z","09-08-2026","Kitchen","","","2","Kitchen Usage","","kg","stk_55","Dahi (দই / Curd)","J055","","""2026-08-22T13:49:30.090Z""","""public"".""stock_out"""
"6a89a2653fb8c43ecce7c042","out_1786291004315","","2026-08-09T15:56:44.315Z","09-08-2026","Kitchen","","","0.25","Kitchen Usage","","g","stk_56","Paneer (পনির)","J056","","""2026-08-22T13:49:30.090Z""","""public"".""stock_out"""
"6a89a2653fb8c43ecce7c043","out_1786291039660","","2026-08-09T15:57:19.660Z","09-08-2026","Kitchen","","","1","Kitchen Usage","","packet","stk_57","Butter","J057","","""2026-08-22T13:49:30.090Z""","""public"".""stock_out"""
"6a89a2653fb8c43ecce7c044","out_1786291076577","","2026-08-09T15:57:56.578Z","09-08-2026","Kitchen","","","2","Kitchen Usage","","kg","stk_75","Potato (আলু)","J075","","""2026-08-22T13:49:30.090Z""","""public"".""stock_out"""
"6a89a2653fb8c43ecce7c045","out_1786291388812","","2026-08-09T16:03:08.812Z","09-08-2026","Kitchen","","","0.7","Kitchen Usage","","kg","stk_79","Capsicum","J079","","""2026-08-22T13:49:30.090Z""","""public"".""stock_out"""
"6a89a2653fb8c43ecce7c046","out_1786291434672","","2026-08-09T16:03:54.672Z","09-08-2026","Kitchen","","","0.7","Kitchen Usage","","kg","stk_80","Carrot","J080","","""2026-08-22T13:49:30.090Z""","""public"".""stock_out"""
"6a89a2653fb8c43ecce7c047","out_1786291461353","","2026-08-09T16:04:21.353Z","09-08-2026","Kitchen","","","0.35","Kitchen Usage","","kg","stk_82","Green Chilli (কাঁচা লঙ্কা)","J082","","""2026-08-22T13:49:30.090Z""","""public"".""stock_out"""
"6a89a2653fb8c43ecce7c048","out_1786291535809","","2026-08-09T16:05:35.809Z","09-08-2026","Kitchen","","","0.85","Kitchen Usage","","kg","stk_83","Tomato (টমেটো)","J083","","""2026-08-22T13:49:30.090Z""","""public"".""stock_out"""
"6a89a2653fb8c43ecce7c049","out_1786291596256","","2026-08-09T16:06:36.256Z","09-08-2026","Kitchen","","","1.5","Kitchen Usage","","kg","stk_84","Cabbage (বাঁধাকপি)","J084","","""2026-08-22T13:49:30.090Z""","""public"".""stock_out"""
"6a89a2653fb8c43ecce7c04a","out_1786291623881","","2026-08-09T16:07:03.881Z","09-08-2026","Kitchen","","","3.3","Kitchen Usage","","kg","stk_76","Onion (পেঁয়াজ)","J076","","""2026-08-22T13:49:30.090Z""","""public"".""stock_out"""
"6a89a2653fb8c43ecce7c04b","out_1786291677495","","2026-08-09T16:07:57.495Z","09-08-2026","Kitchen","","","0.5","Kitchen Usage","","kg","stk_88","Cucumber (শসা)","J088","","""2026-08-22T13:49:30.090Z""","""public"".""stock_out"""
"6a89a2653fb8c43ecce7c04c","out_1786291702673","","2026-08-09T16:08:22.673Z","09-08-2026","Kitchen","","","1","Kitchen Usage","","packet","stk_117","9x12 SP Pouch","J117","","""2026-08-22T13:49:30.090Z""","""public"".""stock_out"""
"6a89a2653fb8c43ecce7c04d","out_1786291738887","","2026-08-09T16:08:58.887Z","09-08-2026","Kitchen","","","50","Kitchen Usage","","pcs","stk_104","1000ml Container","J104","","""2026-08-22T13:49:30.090Z""","""public"".""stock_out"""
"6a89a2653fb8c43ecce7c04e","out_1786291769213","","2026-08-09T16:09:29.213Z","09-08-2026","Kitchen","","","2","Kitchen Usage","","packet","stk_108","Tissue Paper","J108","","""2026-08-22T13:49:30.090Z""","""public"".""stock_out"""
"6a89a2663fb8c43ecce7c04f","out_1786292670271","","2026-08-09T16:24:30.271Z","09-08-2026","Kitchen","","","2","Kitchen Usage","","packet","stk_2","Palm Oil (পাম অয়েল)","J002","","""2026-08-22T13:49:30.090Z""","""public"".""stock_out"""
"6a89a2663fb8c43ecce7c050","out_1786297649900","","2026-08-09T17:47:29.901Z","09-08-2026","Kitchen","","","11","Kitchen Usage","","pcs","stk_64","Bisleri Water 1L","J064","","""2026-08-22T13:49:30.090Z""","""public"".""stock_out"""
"6a89a2663fb8c43ecce7c051","out_1786297674048","","2026-08-09T17:47:54.048Z","09-08-2026","Kitchen","","","2","Kitchen Usage","","pcs","stk_67","Bisleri Water 500ml","J067","","""2026-08-22T13:49:30.090Z""","""public"".""stock_out"""
"6a89a2663fb8c43ecce7c052","out_1786297693070","","2026-08-09T17:48:13.070Z","09-08-2026","Kitchen","","","2","Kitchen Usage","","pcs","stk_64","Bisleri Water 1L","J064","","""2026-08-22T13:49:30.090Z""","""public"".""stock_out"""
"6a89a2663fb8c43ecce7c053","out_1786297714761","","2026-08-09T17:48:34.761Z","09-08-2026","Kitchen","","","5","Kitchen Usage","","pcs","stk_61","Campa Black 500ml","J061","","""2026-08-22T13:49:30.090Z""","""public"".""stock_out"""
"6a89a2663fb8c43ecce7c054","out_1786377715777","","2026-08-10T16:01:55.777Z","10-08-2026","Kitchen","","","5","Kitchen Usage","","packet","stk_2","Palm Oil (পাম অয়েল)","J002","","""2026-08-22T13:49:30.090Z""","""public"".""stock_out"""
"6a89a2663fb8c43ecce7c055","out_1786377753383","","2026-08-10T16:02:33.383Z","10-08-2026","Kitchen","","","1","Kitchen Usage","","packet","stk_8","Tomato Sauce (টমেটো sos)","J008","","""2026-08-22T13:49:30.090Z""","""public"".""stock_out"""
"6a89a2663fb8c43ecce7c056","out_1786377776555","","2026-08-10T16:02:56.555Z","10-08-2026","Kitchen","","","1","Kitchen Usage","","pcs","stk_13","Kasuri Methi","J013","","""2026-08-22T13:49:30.090Z""","""public"".""stock_out"""
"6a89a2663fb8c43ecce7c057","out_1786377801635","","2026-08-10T16:03:21.635Z","10-08-2026","Kitchen","","","0.7","Kitchen Usage","","g","stk_21","Kabuli Chana","J021","","""2026-08-22T13:49:30.090Z""","""public"".""stock_out"""
"6a89a2663fb8c43ecce7c058","out_1786377825656","","2026-08-10T16:03:45.657Z","10-08-2026","Kitchen","","","4","Kitchen Usage","","packet","stk_17","Chilli Powder","J017","","""2026-08-22T13:49:30.090Z""","""public"".""stock_out"""
"6a89a2663fb8c43ecce7c059","out_1786377863975","","2026-08-10T16:04:23.975Z","10-08-2026","Kitchen","","","1.5","Kitchen Usage","","g","stk_29","Sugar","J029","","""2026-08-22T13:49:30.090Z""","""public"".""stock_out"""
"6a89a2663fb8c43ecce7c05a","out_1786377908644","","2026-08-10T16:05:08.644Z","10-08-2026","Kitchen","","","0.2","Kitchen Usage","","g","stk_37","Dalchini (Cinnamon)","J037","","""2026-08-22T13:49:30.090Z""","""public"".""stock_out"""
"6a89a2663fb8c43ecce7c05b","out_1786377926118","","2026-08-10T16:05:26.118Z","10-08-2026","Kitchen","","","0.18","Kitchen Usage","","g","stk_38","Starful (Star Anise)","J038","","""2026-08-22T13:49:30.090Z""","""public"".""stock_out"""
"6a89a2673fb8c43ecce7c05c","out_1786378000974","","2026-08-10T16:06:40.974Z","10-08-2026","Kitchen","","","5","Kitchen Usage","","kg","stk_55","Dahi (দই / Curd)","J055","","""2026-08-22T13:49:30.090Z""","""public"".""stock_out"""
"6a89a2673fb8c43ecce7c05d","out_1786378044674","","2026-08-10T16:07:24.674Z","10-08-2026","Kitchen","","","3","Kitchen Usage","","kg","stk_75","Potato (আলু)","J075","","""2026-08-22T13:49:30.090Z""","""public"".""stock_out"""
"6a89a2673fb8c43ecce7c05e","out_1786378065578","","2026-08-10T16:07:45.578Z","10-08-2026","Kitchen","","","10","Kitchen Usage","","kg","stk_76","Onion (পেঁয়াজ)","J076","","""2026-08-22T13:49:30.090Z""","""public"".""stock_out"""
"6a89a2673fb8c43ecce7c05f","out_1786378095928","","2026-08-10T16:08:15.928Z","10-08-2026","Kitchen","","","0.5","Kitchen Usage","","kg","stk_79","Capsicum","J079","","""2026-08-22T13:49:30.090Z""","""public"".""stock_out"""
"6a89a2673fb8c43ecce7c060","out_1786378158546","","2026-08-10T16:09:18.546Z","10-08-2026","Kitchen","","","0.5","Kitchen Usage","","kg","stk_80","Carrot","J080","","""2026-08-22T13:49:30.090Z""","""public"".""stock_out"""
"6a89a2673fb8c43ecce7c061","out_1786378184731","","2026-08-10T16:09:44.731Z","10-08-2026","Kitchen","","","0.2","Kitchen Usage","","kg","stk_82","Green Chilli (কাঁচা লঙ্কা)","J082","","""2026-08-22T13:49:30.090Z""","""public"".""stock_out"""
"6a89a2673fb8c43ecce7c062","out_1786378208912","","2026-08-10T16:10:08.912Z","10-08-2026","Kitchen","","","0.3","Kitchen Usage","","kg","stk_83","Tomato (টমেটো)","J083","","""2026-08-22T13:49:30.090Z""","""public"".""stock_out"""
"6a89a2673fb8c43ecce7c063","out_1786378229216","","2026-08-10T16:10:29.216Z","10-08-2026","Kitchen","","","1","Kitchen Usage","","kg","stk_84","Cabbage (বাঁধাকপি)","J084","","""2026-08-22T13:49:30.090Z""","""public"".""stock_out"""
"6a89a2673fb8c43ecce7c064","out_1786378317668","","2026-08-10T16:11:57.668Z","10-08-2026","Kitchen","","","0.5","Kitchen Usage","","kg","stk_88","Cucumber (শসা)","J088","","""2026-08-22T13:49:30.090Z""","""public"".""stock_out"""
"6a89a2673fb8c43ecce7c065","out_1786378339394","","2026-08-10T16:12:19.394Z","10-08-2026","Kitchen","","","1","Kitchen Usage","","packet","stk_112","13x16 Carry Bag","J112","","""2026-08-22T13:49:30.090Z""","""public"".""stock_out"""
"6a89a2673fb8c43ecce7c066","out_1786378363475","","2026-08-10T16:12:43.475Z","10-08-2026","Kitchen","","","1","Kitchen Usage","","packet","stk_108","Tissue Paper","J108","","""2026-08-22T13:49:30.090Z""","""public"".""stock_out"""
"6a89a2673fb8c43ecce7c067","out_1786378448716","","2026-08-10T16:14:08.716Z","10-08-2026","Kitchen","","","1","Kitchen Usage","","packet","stk_54","Milk (দুধ)","J054","","""2026-08-22T13:49:30.090Z""","""public"".""stock_out"""
"6a89a2673fb8c43ecce7c068","out_1786381525524","","2026-08-10T17:05:25.525Z","10-08-2026","Kitchen","","","1","Kitchen Usage","","packet","stk_58","Amul Fresh Cream","J058","","""2026-08-22T13:49:30.090Z""","""public"".""stock_out"""
"6a89a2673fb8c43ecce7c069","out_1786383810065","","2026-08-10T17:43:30.066Z","10-08-2026","Kitchen","","","4","Kitchen Usage","","kg","stk_5","Maida (মাইদা)","J005","","""2026-08-22T13:49:30.090Z""","""public"".""stock_out"""
"6a89a2673fb8c43ecce7c06a","out_1786385281529","","2026-08-10T18:08:01.529Z","10-08-2026","Kitchen","","","4","Kitchen Usage","","pcs","stk_61","Campa Black 500ml","J061","","""2026-08-22T13:49:30.090Z""","""public"".""stock_out"""
"6a89a2683fb8c43ecce7c06b","out_1786385314535","","2026-08-10T18:08:34.535Z","10-08-2026","Kitchen","","","7","Kitchen Usage","","pcs","stk_64","Bisleri Water 1L","J064","","""2026-08-22T13:49:30.090Z""","""public"".""stock_out"""
"6a89a2683fb8c43ecce7c06c","out_1786385345629","","2026-08-10T18:09:05.629Z","10-08-2026","Kitchen","","","3","Kitchen Usage","","pcs","stk_67","Bisleri Water 500ml","J067","","""2026-08-22T13:49:30.090Z""","""public"".""stock_out"""
"6a89a2683fb8c43ecce7c06d","out_1786428945551","","2026-08-11T06:15:45.552Z","11-08-2026","Kitchen","","","9","Kitchen Usage","","kg","stk_86","Dhania Pata (Coriander)","J086","","""2026-08-22T13:49:30.090Z""","""public"".""stock_out"""
"6a89a2683fb8c43ecce7c06e","out_1786429366236","","2026-08-11T06:22:46.237Z","11-08-2026","Kitchen","","","3","Kitchen Usage","","kg","stk_55","Dahi (দই / Curd)","J055","","""2026-08-22T13:49:30.090Z""","""public"".""stock_out"""
"6a89a2683fb8c43ecce7c06f","out_1786458201841","","2026-08-11T14:23:21.841Z","11-08-2026","Kitchen","","","5","Kitchen Usage","","packet","stk_2","Palm Oil (পাম অয়েল)","J002","","""2026-08-22T13:49:30.090Z""","""public"".""stock_out"""
"6a89a2683fb8c43ecce7c070","out_1786458397016","","2026-08-11T14:26:37.016Z","11-08-2026","Kitchen","","","1","Kitchen Usage","","packet","stk_8","Tomato Sauce (টমেটো sos)","J008","","""2026-08-22T13:49:30.090Z""","""public"".""stock_out"""
"6a89a2683fb8c43ecce7c071","out_1786458465756","","2026-08-11T14:27:45.756Z","11-08-2026","Kitchen","","","1","Kitchen Usage","","pcs","stk_9","Chili Sauce","J009","","""2026-08-22T13:49:30.090Z""","""public"".""stock_out"""
"6a89a2683fb8c43ecce7c072","out_1786458477875","","2026-08-11T14:27:57.875Z","11-08-2026","Kitchen","","","1","Kitchen Usage","","pcs","stk_10","Soy Sauce","J010","","""2026-08-22T13:49:30.090Z""","""public"".""stock_out"""
"6a89a2683fb8c43ecce7c073","out_1786458492120","","2026-08-11T14:28:12.121Z","11-08-2026","Kitchen","","","1","Kitchen Usage","","pcs","stk_11","Vinegar","J011","","""2026-08-22T13:49:30.090Z""","""public"".""stock_out"""
"6a89a2683fb8c43ecce7c074","out_1786458518622","","2026-08-11T14:28:38.622Z","11-08-2026","Kitchen","","","1","Kitchen Usage","","pcs","stk_13","Kasuri Methi","J013","","""2026-08-22T13:49:30.090Z""","""public"".""stock_out"""
"6a89a2683fb8c43ecce7c075","out_1786458534122","","2026-08-11T14:28:54.122Z","11-08-2026","Kitchen","","","0.5","Kitchen Usage","","kg","stk_16","Ajinomoto (Ajina)","J016","","""2026-08-22T13:49:30.090Z""","""public"".""stock_out"""
"6a89a2683fb8c43ecce7c076","out_1786458551622","","2026-08-11T14:29:11.622Z","11-08-2026","Kitchen","","","2","Kitchen Usage","","packet","stk_14","Chat Masala","J014","","""2026-08-22T13:49:30.090Z""","""public"".""stock_out"""
"6a89a2683fb8c43ecce7c077","out_1786458577278","","2026-08-11T14:29:37.278Z","11-08-2026","Kitchen","","","5","Kitchen Usage","","packet","stk_17","Chilli Powder","J017","","""2026-08-22T13:49:30.090Z""","""public"".""stock_out"""
"6a89a2683fb8c43ecce7c078","out_1786458655346","","2026-08-11T14:30:55.346Z","11-08-2026","Kitchen","","","0.1","Kitchen Usage","","g","stk_51","Dhania (Coriander Seeds)","J051","","""2026-08-22T13:49:30.090Z""","""public"".""stock_out"""
"6a89a2683fb8c43ecce7c079","out_1786458689742","","2026-08-11T14:31:29.742Z","11-08-2026","Kitchen","","","1","Kitchen Usage","","packet","stk_54","Milk (দুধ)","J054","","""2026-08-22T13:49:30.090Z""","""public"".""stock_out"""
"6a89a2683fb8c43ecce7c07a","out_1786458708506","","2026-08-11T14:31:48.506Z","11-08-2026","Kitchen","","","4","Kitchen Usage","","kg","stk_55","Dahi (দই / Curd)","J055","","""2026-08-22T13:49:30.090Z""","""public"".""stock_out"""
"6a89a2683fb8c43ecce7c07b","out_1786458724406","","2026-08-11T14:32:04.406Z","11-08-2026","Kitchen","","","1","Kitchen Usage","","packet","stk_57","Butter","J057","","""2026-08-22T13:49:30.090Z""","""public"".""stock_out"""
"6a89a2693fb8c43ecce7c07c","out_1786458741600","","2026-08-11T14:32:21.600Z","11-08-2026","Kitchen","","","1","Kitchen Usage","","packet","stk_58","Amul Fresh Cream","J058","","""2026-08-22T13:49:30.090Z""","""public"".""stock_out"""
"6a89a2693fb8c43ecce7c07d","out_1786458816864","","2026-08-11T14:33:36.865Z","11-08-2026","Kitchen","","","3.5","Kitchen Usage","","kg","stk_75","Potato (আলু)","J075","","""2026-08-22T13:49:30.090Z""","""public"".""stock_out"""
"6a89a2693fb8c43ecce7c07e","out_1786458839206","","2026-08-11T14:33:59.206Z","11-08-2026","Kitchen","","","2.5","Kitchen Usage","","kg","stk_76","Onion (পেঁয়াজ)","J076","","""2026-08-22T13:49:30.090Z""","""public"".""stock_out"""
"6a89a2693fb8c43ecce7c07f","out_1786458863382","","2026-08-11T14:34:23.382Z","11-08-2026","Kitchen","","","0.7","Kitchen Usage","","kg","stk_79","Capsicum","J079","","""2026-08-22T13:49:30.090Z""","""public"".""stock_out"""
"6a89a2693fb8c43ecce7c080","out_1786458887681","","2026-08-11T14:34:47.681Z","11-08-2026","Kitchen","","","0.5","Kitchen Usage","","kg","stk_80","Carrot","J080","","""2026-08-22T13:49:30.090Z""","""public"".""stock_out"""
"6a89a2693fb8c43ecce7c081","out_1786458916942","","2026-08-11T14:35:16.942Z","11-08-2026","Kitchen","","","0.5","Kitchen Usage","","kg","stk_81","Beans","J081","","""2026-08-22T13:49:30.090Z""","""public"".""stock_out"""
"6a89a2693fb8c43ecce7c082","out_1786458939877","","2026-08-11T14:35:39.877Z","11-08-2026","Kitchen","","","0.25","Kitchen Usage","","kg","stk_82","Green Chilli (কাঁচা লঙ্কা)","J082","","""2026-08-22T13:49:30.090Z""","""public"".""stock_out"""
"6a89a2693fb8c43ecce7c083","out_1786458965971","","2026-08-11T14:36:05.971Z","11-08-2026","Kitchen","","","1","Kitchen Usage","","kg","stk_83","Tomato (টমেটো)","J083","","""2026-08-22T13:49:30.090Z""","""public"".""stock_out"""
"6a89a2693fb8c43ecce7c084","out_1786459003880","","2026-08-11T14:36:43.880Z","11-08-2026","Kitchen","","","1.2","Kitchen Usage","","kg","stk_84","Cabbage (বাঁধাকপি)","J084","","""2026-08-22T13:49:30.090Z""","""public"".""stock_out"""
"6a89a2693fb8c43ecce7c085","out_1786459026544","","2026-08-11T14:37:06.544Z","11-08-2026","Kitchen","","","0.3","Kitchen Usage","","kg","stk_86","Dhania Pata (Coriander)","J086","","""2026-08-22T13:49:30.090Z""","""public"".""stock_out"""
"6a89a2693fb8c43ecce7c086","out_1786459048110","","2026-08-11T14:37:28.110Z","11-08-2026","Kitchen","","","0.6","Kitchen Usage","","kg","stk_88","Cucumber (শসা)","J088","","""2026-08-22T13:49:30.090Z""","""public"".""stock_out"""
"6a89a2693fb8c43ecce7c087","out_1786459071380","","2026-08-11T14:37:51.380Z","11-08-2026","Kitchen","","","2","Kitchen Usage","","packet","stk_108","Tissue Paper","J108","","""2026-08-22T13:49:30.090Z""","""public"".""stock_out"""
"6a89a2693fb8c43ecce7c088","out_1786459088672","","2026-08-11T14:38:08.672Z","11-08-2026","Kitchen","","","1","Kitchen Usage","","packet","stk_116","7x9 SP Pouch","J116","","""2026-08-22T13:49:30.090Z""","""public"".""stock_out"""
"6a89a2693fb8c43ecce7c089","out_1786459103370","","2026-08-11T14:38:23.370Z","11-08-2026","Kitchen","","","1","Kitchen Usage","","pcs","stk_118","6x8 SP Pouch","J118","","""2026-08-22T13:49:30.090Z""","""public"".""stock_out"""
"6a89a2693fb8c43ecce7c08a","out_1786459118464","","2026-08-11T14:38:38.464Z","11-08-2026","Kitchen","","","1","Kitchen Usage","","packet","stk_111","16x20 Carry Bag","J111","","""2026-08-22T13:49:30.090Z""","""public"".""stock_out"""
"6a89a26a3fb8c43ecce7c08b","out_1786459147250","","2026-08-11T14:39:07.250Z","11-08-2026","Kitchen","","","1","Kitchen Usage","","pcs","stk_104","1000ml Container","J104","","""2026-08-22T13:49:30.090Z""","""public"".""stock_out"""
"6a89a26a3fb8c43ecce7c08c","out_1786460653320","","2026-08-11T15:04:13.320Z","11-08-2026","Kitchen","","","0.5","Kitchen Usage","","kg","stk_88","Cucumber (শসা)","J088","","""2026-08-22T13:49:30.090Z""","""public"".""stock_out"""
"6a89a26a3fb8c43ecce7c08d","out_1786460681170","","2026-08-11T15:04:41.170Z","11-08-2026","Kitchen","","","0.5","Kitchen Usage","","kg","stk_80","Carrot","J080","","""2026-08-22T13:49:30.090Z""","""public"".""stock_out"""
"6a89a26a3fb8c43ecce7c08e","out_1786462603093","","2026-08-11T15:36:43.093Z","11-08-2026","Kitchen","","","2","Kitchen Usage","","packet","stk_112","13x16 Carry Bag","J112","","""2026-08-22T13:49:30.090Z""","""public"".""stock_out"""
"6a89a26a3fb8c43ecce7c08f","out_1786463969659","","2026-08-11T15:59:29.659Z","11-08-2026","Kitchen","","","1","Kitchen Usage","","packet","stk_54","Milk (দুধ)","J054","","""2026-08-22T13:49:30.090Z""","""public"".""stock_out"""
"6a89a26a3fb8c43ecce7c090","out_1786468209070","","2026-08-11T17:10:09.070Z","11-08-2026","Kitchen","","","1","Kitchen Usage","","L","stk_3","Refined Oil (রেফাইন্ড অয়েল)","J003","","""2026-08-22T13:49:30.090Z""","""public"".""stock_out"""
"6a89a26a3fb8c43ecce7c091","out_1786549593608","","2026-08-12T15:46:33.608Z","12-08-2026","Kitchen","","","1","Kitchen Usage","","packet","stk_1","Rice (রাইস)","J001","","""2026-08-22T13:49:30.090Z""","""public"".""stock_out"""
"6a89a26a3fb8c43ecce7c092","out_1786549778868","","2026-08-12T15:49:38.868Z","12-08-2026","Kitchen","","","8","Kitchen Usage","","packet","stk_2","Palm Oil (পাম অয়েল)","J002","","""2026-08-22T13:49:30.090Z""","""public"".""stock_out"""
"6a89a26a3fb8c43ecce7c093","out_1786549832864","","2026-08-12T15:50:32.864Z","12-08-2026","Kitchen","","","1","Kitchen Usage","","L","stk_4","Mustard Oil (মাস্টার অয়েল)","J004","","""2026-08-22T13:49:30.090Z""","""public"".""stock_out"""
"6a89a26a3fb8c43ecce7c094","out_1786549872278","","2026-08-12T15:51:12.278Z","12-08-2026","Kitchen","","","5","Kitchen Usage","","packet","stk_7","Chowmein Noodle (চাউমিন)","J007","","""2026-08-22T13:49:30.090Z""","""public"".""stock_out"""
"6a89a26a3fb8c43ecce7c095","out_1786549902969","","2026-08-12T15:51:42.969Z","12-08-2026","Kitchen","","","1","Kitchen Usage","","pcs","stk_13","Kasuri Methi","J013","","""2026-08-22T13:49:30.090Z""","""public"".""stock_out"""
"6a89a26a3fb8c43ecce7c096","out_1786549942755","","2026-08-12T15:52:22.756Z","12-08-2026","Kitchen","","","5","Kitchen Usage","","packet","stk_17","Chilli Powder","J017","","""2026-08-22T13:49:30.090Z""","""public"".""stock_out"""
"6a89a26a3fb8c43ecce7c097","out_1786549955809","","2026-08-12T15:52:35.810Z","12-08-2026","Kitchen","","","4","Kitchen Usage","","packet","stk_18","Haldi (Turmeric Powder)","J018","","""2026-08-22T13:49:30.090Z""","""public"".""stock_out"""
"6a89a26a3fb8c43ecce7c098","out_1786550001331","","2026-08-12T15:53:21.331Z","12-08-2026","Kitchen","","","0.1","Kitchen Usage","","g","stk_34","Elachi (Cardamom)","J034","","""2026-08-22T13:49:30.090Z""","""public"".""stock_out"""
"6a89a26a3fb8c43ecce7c099","out_1786550026361","","2026-08-12T15:53:46.361Z","12-08-2026","Kitchen","","","0.1","Kitchen Usage","","g","stk_35","Long (Cloves)","J035","","""2026-08-22T13:49:30.090Z""","""public"".""stock_out"""
"6a89a26a3fb8c43ecce7c09a","out_1786550127583","","2026-08-12T15:55:27.583Z","12-08-2026","Kitchen","","","0.2","Kitchen Usage","","g","stk_41","Black Pepper (Gol Morich)","J041","","""2026-08-22T13:49:30.090Z""","""public"".""stock_out"""
"6a89a26b3fb8c43ecce7c09b","out_1786550154017","","2026-08-12T15:55:54.018Z","12-08-2026","Kitchen","","","3","Kitchen Usage","","pcs","stk_124","Vim Soap / Bar (Bhim Srap)","J124","","""2026-08-22T13:49:30.090Z""","""public"".""stock_out"""
"6a89a26b3fb8c43ecce7c09c","out_1786550200343","","2026-08-12T15:56:40.344Z","12-08-2026","Kitchen","","","1","Kitchen Usage","","packet","stk_54","Milk (দুধ)","J054","","""2026-08-22T13:49:30.090Z""","""public"".""stock_out"""
"6a89a26b3fb8c43ecce7c09d","out_1786550225954","","2026-08-12T15:57:05.955Z","12-08-2026","Kitchen","","","9","Kitchen Usage","","kg","stk_55","Dahi (দই / Curd)","J055","","""2026-08-22T13:49:30.090Z""","""public"".""stock_out"""
"6a89a26b3fb8c43ecce7c09e","out_1786550309409","","2026-08-12T15:58:29.409Z","12-08-2026","Kitchen","","","1","Kitchen Usage","","packet","stk_57","Butter","J057","","""2026-08-22T13:49:30.090Z""","""public"".""stock_out"""
"6a89a26b3fb8c43ecce7c09f","out_1786550340078","","2026-08-12T15:59:00.078Z","12-08-2026","Kitchen","","","1","Kitchen Usage","","packet","stk_58","Amul Fresh Cream","J058","","""2026-08-22T13:49:30.090Z""","""public"".""stock_out"""
"6a89a26b3fb8c43ecce7c0a0","out_1786550437897","","2026-08-12T16:00:37.897Z","12-08-2026","Kitchen","","","2.5","Kitchen Usage","","kg","stk_75","Potato (আলু)","J075","","""2026-08-22T13:49:30.090Z""","""public"".""stock_out"""
"6a89a26b3fb8c43ecce7c0a1","out_1786550470763","","2026-08-12T16:01:10.763Z","12-08-2026","Kitchen","","","4.5","Kitchen Usage","","kg","stk_76","Onion (পেঁয়াজ)","J076","","""2026-08-22T13:49:30.090Z""","""public"".""stock_out"""
"6a89a26b3fb8c43ecce7c0a2","out_1786550510815","","2026-08-12T16:01:50.815Z","12-08-2026","Kitchen","","","0.5","Kitchen Usage","","kg","stk_79","Capsicum","J079","","""2026-08-22T13:49:30.090Z""","""public"".""stock_out"""
"6a89a26b3fb8c43ecce7c0a3","out_1786550533678","","2026-08-12T16:02:13.678Z","12-08-2026","Kitchen","","","0.6","Kitchen Usage","","kg","stk_80","Carrot","J080","","""2026-08-22T13:49:30.090Z""","""public"".""stock_out"""
"6a89a26b3fb8c43ecce7c0a4","out_1786550560973","","2026-08-12T16:02:40.973Z","12-08-2026","Kitchen","","","0.4","Kitchen Usage","","kg","stk_82","Green Chilli (কাঁচা লঙ্কা)","J082","","""2026-08-22T13:49:30.090Z""","""public"".""stock_out"""
"6a89a26b3fb8c43ecce7c0a5","out_1786550580492","","2026-08-12T16:03:00.492Z","12-08-2026","Kitchen","","","0.8","Kitchen Usage","","kg","stk_83","Tomato (টমেটো)","J083","","""2026-08-22T13:49:30.090Z""","""public"".""stock_out"""
"6a89a26b3fb8c43ecce7c0a6","out_1786550617587","","2026-08-12T16:03:37.587Z","12-08-2026","Kitchen","","","2","Kitchen Usage","","kg","stk_84","Cabbage (বাঁধাকপি)","J084","","""2026-08-22T13:49:30.090Z""","""public"".""stock_out"""
"6a89a26b3fb8c43ecce7c0a7","out_1786550640812","","2026-08-12T16:04:00.813Z","12-08-2026","Kitchen","","","0.4","Kitchen Usage","","kg","stk_86","Dhania Pata (Coriander)","J086","","""2026-08-22T13:49:30.090Z""","""public"".""stock_out"""
"6a89a26b3fb8c43ecce7c0a8","out_1786550667848","","2026-08-12T16:04:27.848Z","12-08-2026","Kitchen","","","0.5","Kitchen Usage","","kg","stk_88","Cucumber (শসা)","J088","","""2026-08-22T13:49:30.090Z""","""public"".""stock_out"""
"6a89a26b3fb8c43ecce7c0a9","out_1786550730851","","2026-08-12T16:05:30.851Z","12-08-2026","Kitchen","","","1","Kitchen Usage","","packet","stk_112","13x16 Carry Bag","J112","","""2026-08-22T13:49:30.090Z""","""public"".""stock_out"""
"6a89a26b3fb8c43ecce7c0aa","out_1786550753984","","2026-08-12T16:05:53.984Z","12-08-2026","Kitchen","","","1","Kitchen Usage","","packet","stk_110","Chatni Box","J110","","""2026-08-22T13:49:30.090Z""","""public"".""stock_out"""
"6a89a26c3fb8c43ecce7c0ab","out_1786550785861","","2026-08-12T16:06:25.861Z","12-08-2026","Kitchen","","","3","Kitchen Usage","","packet","stk_108","Tissue Paper","J108","","""2026-08-22T13:49:30.090Z""","""public"".""stock_out"""
"6a89a26c3fb8c43ecce7c0ac","out_1786552375589","","2026-08-12T16:32:55.589Z","12-08-2026","Kitchen","","","5","Kitchen Usage","","packet","stk_46","Papad","J046","","""2026-08-22T13:49:30.090Z""","""public"".""stock_out"""
"6a89a26c3fb8c43ecce7c0ad","out_1786634984959","","2026-08-13T15:29:44.959Z","13-08-2026","Kitchen","","","5","Kitchen Usage","","packet","stk_2","Palm Oil (পাম অয়েল)","J002","","""2026-08-22T13:49:30.090Z""","""public"".""stock_out"""
"6a89a26c3fb8c43ecce7c0ae","out_1786635000268","","2026-08-13T15:30:00.268Z","13-08-2026","Kitchen","","","1","Kitchen Usage","","L","stk_3","Refined Oil (রেফাইন্ড অয়েল)","J003","","""2026-08-22T13:49:30.090Z""","""public"".""stock_out"""
"6a89a26c3fb8c43ecce7c0af","out_1786635057893","","2026-08-13T15:30:57.893Z","13-08-2026","Kitchen","","","4","Kitchen Usage","","kg","stk_5","Maida (মাইদা)","J005","","""2026-08-22T13:49:30.090Z""","""public"".""stock_out"""
"6a89a26c3fb8c43ecce7c0b0","out_1786635076653","","2026-08-13T15:31:16.653Z","13-08-2026","Kitchen","","","5","Kitchen Usage","","kg","stk_6","Atta (আটা)","J006","","""2026-08-22T13:49:30.090Z""","""public"".""stock_out"""
"6a89a26c3fb8c43ecce7c0b1","out_1786635109021","","2026-08-13T15:31:49.021Z","13-08-2026","Kitchen","","","1","Kitchen Usage","","packet","stk_8","Tomato Sauce (টমেটো sos)","J008","","""2026-08-22T13:49:30.090Z""","""public"".""stock_out"""
"6a89a26c3fb8c43ecce7c0b2","out_1786635124509","","2026-08-13T15:32:04.509Z","13-08-2026","Kitchen","","","1","Kitchen Usage","","pcs","stk_11","Vinegar","J011","","""2026-08-22T13:49:30.090Z""","""public"".""stock_out"""
"6a89a26c3fb8c43ecce7c0b3","out_1786635791766","","2026-08-13T15:43:11.766Z","13-08-2026","Kitchen","","","1","Kitchen Usage","","pcs","stk_13","Kasuri Methi","J013","","""2026-08-22T13:49:30.090Z""","""public"".""stock_out"""
"6a89a26c3fb8c43ecce7c0b4","out_1786635804950","","2026-08-13T15:43:24.950Z","13-08-2026","Kitchen","","","2","Kitchen Usage","","packet","stk_14","Chat Masala","J014","","""2026-08-22T13:49:30.090Z""","""public"".""stock_out"""
"6a89a26c3fb8c43ecce7c0b5","out_1786635816190","","2026-08-13T15:43:36.191Z","13-08-2026","Kitchen","","","2","Kitchen Usage","","pcs","stk_15","Kashmiri Chilli Powder","J015","","""2026-08-22T13:49:30.090Z""","""public"".""stock_out"""
"6a89a26c3fb8c43ecce7c0b6","out_1786635841920","","2026-08-13T15:44:01.921Z","13-08-2026","Kitchen","","","5","Kitchen Usage","","packet","stk_17","Chilli Powder","J017","","""2026-08-22T13:49:30.090Z""","""public"".""stock_out"""
"6a89a26c3fb8c43ecce7c0b7","out_1786635873478","","2026-08-13T15:44:33.478Z","13-08-2026","Kitchen","","","1","Kitchen Usage","","box","stk_24","Red Food Color","J024","","""2026-08-22T13:49:30.090Z""","""public"".""stock_out"""
"6a89a26c3fb8c43ecce7c0b8","out_1786636120350","","2026-08-13T15:48:40.350Z","13-08-2026","Kitchen","","","2","Kitchen Usage","","pcs","stk_124","Vim Soap / Bar (Bhim Srap)","J124","","""2026-08-22T13:49:30.090Z""","""public"".""stock_out"""
"6a89a26c3fb8c43ecce7c0b9","out_1786636188350","","2026-08-13T15:49:48.350Z","13-08-2026","Kitchen","","","3","Kitchen Usage","","kg","stk_55","Dahi (দই / Curd)","J055","","""2026-08-22T13:49:30.090Z""","""public"".""stock_out"""
"6a89a26d3fb8c43ecce7c0ba","out_1786636209934","","2026-08-13T15:50:09.934Z","13-08-2026","Kitchen","","","1","Kitchen Usage","","packet","stk_57","Butter","J057","","""2026-08-22T13:49:30.090Z""","""public"".""stock_out"""
"6a89a26d3fb8c43ecce7c0bb","out_1786636233302","","2026-08-13T15:50:33.303Z","13-08-2026","Kitchen","","","1","Kitchen Usage","","pcs","stk_104","1000ml Container","J104","","""2026-08-22T13:49:30.090Z""","""public"".""stock_out"""
"6a89a26d3fb8c43ecce7c0bc","out_1786636254462","","2026-08-13T15:50:54.462Z","13-08-2026","Kitchen","","","1","Kitchen Usage","","pcs","stk_106","750ml Container","J106","","""2026-08-22T13:49:30.090Z""","""public"".""stock_out"""
"6a89a26d3fb8c43ecce7c0bd","out_1786636299190","","2026-08-13T15:51:39.190Z","13-08-2026","Kitchen","","","4.5","Kitchen Usage","","kg","stk_75","Potato (আলু)","J075","","""2026-08-22T13:49:30.090Z""","""public"".""stock_out"""
"6a89a26d3fb8c43ecce7c0be","out_1786636345167","","2026-08-13T15:52:25.167Z","13-08-2026","Kitchen","","","5","Kitchen Usage","","kg","stk_76","Onion (পেঁয়াজ)","J076","","""2026-08-22T13:49:30.090Z""","""public"".""stock_out"""
"6a89a26e3fb8c43ecce7c0bf","out_1786636363942","","2026-08-13T15:52:43.942Z","13-08-2026","Kitchen","","","3","Kitchen Usage","","kg","stk_77","Ginger (আদা)","J077","","""2026-08-22T13:49:30.090Z""","""public"".""stock_out"""
"6a89a26f3fb8c43ecce7c0c0","out_1786636381430","","2026-08-13T15:53:01.430Z","13-08-2026","Kitchen","","","2.5","Kitchen Usage","","kg","stk_78","Garlic (রসুন)","J078","","""2026-08-22T13:49:30.090Z""","""public"".""stock_out"""
"6a89a26f3fb8c43ecce7c0c1","out_1786636410319","","2026-08-13T15:53:30.319Z","13-08-2026","Kitchen","","","0.5","Kitchen Usage","","kg","stk_79","Capsicum","J079","","""2026-08-22T13:49:30.090Z""","""public"".""stock_out"""
"6a89a2703fb8c43ecce7c0c2","out_1786636550198","","2026-08-13T15:55:50.199Z","13-08-2026","Kitchen","","","0.5","Kitchen Usage","","kg","stk_80","Carrot","J080","","""2026-08-22T13:49:30.090Z""","""public"".""stock_out"""
"6a89a2703fb8c43ecce7c0c3","out_1786636570407","","2026-08-13T15:56:10.407Z","13-08-2026","Kitchen","","","0.5","Kitchen Usage","","kg","stk_83","Tomato (টমেটো)","J083","","""2026-08-22T13:49:30.090Z""","""public"".""stock_out"""
"6a89a2703fb8c43ecce7c0c4","out_1786636600703","","2026-08-13T15:56:40.703Z","13-08-2026","Kitchen","","","0.5","Kitchen Usage","","kg","stk_86","Dhania Pata (Coriander)","J086","","""2026-08-22T13:49:30.090Z""","""public"".""stock_out"""
"6a89a2713fb8c43ecce7c0c5","out_1786636616775","","2026-08-13T15:56:56.775Z","13-08-2026","Kitchen","","","0.4","Kitchen Usage","","kg","stk_88","Cucumber (শসা)","J088","","""2026-08-22T13:49:30.090Z""","""public"".""stock_out"""
"6a89a2713fb8c43ecce7c0c6","out_1786642341597","","2026-08-13T17:32:21.597Z","13-08-2026","Kitchen","","","9","Kitchen Usage","","pcs","stk_61","Campa Black 500ml","J061","","""2026-08-22T13:49:30.090Z""","""public"".""stock_out"""
"6a89a2713fb8c43ecce7c0c7","out_1786642359045","","2026-08-13T17:32:39.045Z","13-08-2026","Kitchen","","","21","Kitchen Usage","","pcs","stk_64","Bisleri Water 1L","J064","","""2026-08-22T13:49:30.090Z""","""public"".""stock_out"""
"6a89a2713fb8c43ecce7c0c8","out_1786642380764","","2026-08-13T17:33:00.764Z","13-08-2026","Kitchen","","","4","Kitchen Usage","","pcs","stk_67","Bisleri Water 500ml","J067","","""2026-08-22T13:49:30.090Z""","""public"".""stock_out"""
"6a89a2713fb8c43ecce7c0c9","out_1786686647661","","2026-08-14T05:50:47.661Z","14-08-2026","Kitchen","","","50","Kitchen Usage","","pcs","stk_85","Lemon (লেবু)","J085","","""2026-08-22T13:49:30.090Z""","""public"".""stock_out"""
"6a89a2713fb8c43ecce7c0ca","out_1786686685218","","2026-08-14T05:51:25.218Z","14-08-2026","Kitchen","","","6","Kitchen Usage","","pcs","stk_85","Lemon (লেবু)","J085","","""2026-08-22T13:49:30.090Z""","""public"".""stock_out"""
"6a89a2713fb8c43ecce7c0cb","out_1786688900841","","2026-08-14T06:28:20.841Z","14-08-2026","Kitchen","","","0.7","Kitchen Usage","","kg","stk_84","Cabbage (বাঁধাকপি)","J084","","""2026-08-22T13:49:30.090Z""","""public"".""stock_out"""
"6a89a2723fb8c43ecce7c0cc","out_1786689172529","","2026-08-14T06:32:52.530Z","14-08-2026","Kitchen","","","1","Kitchen Usage","","kg","stk_82","Green Chilli (কাঁচা লঙ্কা)","J082","","""2026-08-22T13:49:30.090Z""","""public"".""stock_out"""
"6a89a2723fb8c43ecce7c0cd","out_1786689575036","","2026-08-14T06:39:35.037Z","14-08-2026","Kitchen","","","5","Kitchen Usage","","packet","stk_52","Egg (ডিম)","J052","","""2026-08-22T13:49:30.090Z""","""public"".""stock_out"""
"6a89a2723fb8c43ecce7c0ce","out_1786689603868","","2026-08-14T06:40:03.868Z","14-08-2026","Kitchen","","","2","Kitchen Usage","","packet","stk_52","Egg (ডিম)","J052","","""2026-08-22T13:49:30.090Z""","""public"".""stock_out"""
"6a89a2723fb8c43ecce7c0cf","out_1786689641493","","2026-08-14T06:40:41.493Z","14-08-2026","Kitchen","","","5","Kitchen Usage","","packet","stk_134","plastic FOLK","J00134","","""2026-08-22T13:49:30.090Z""","""public"".""stock_out"""
"6a89a2723fb8c43ecce7c0d0","out_1786689661157","","2026-08-14T06:41:01.157Z","14-08-2026","Kitchen","","","4","Kitchen Usage","","kg","stk_5","Maida (মাইদা)","J005","","""2026-08-22T13:49:30.090Z""","""public"".""stock_out"""
"6a89a2723fb8c43ecce7c0d1","out_1786689702741","","2026-08-14T06:41:42.741Z","14-08-2026","Kitchen","","","4","Kitchen Usage","","packet","stk_7","Chowmein Noodle (চাউমিন)","J007","","""2026-08-22T13:49:30.090Z""","""public"".""stock_out"""
"6a89a2723fb8c43ecce7c0d2","out_1786689736621","","2026-08-14T06:42:16.621Z","14-08-2026","Kitchen","","","1","Kitchen Usage","","packet","stk_57","Butter","J057","","""2026-08-22T13:49:30.090Z""","""public"".""stock_out"""
"6a89a2723fb8c43ecce7c0d3","out_1786689754308","","2026-08-14T06:42:34.308Z","14-08-2026","Kitchen","","","1","Kitchen Usage","","pcs","stk_13","Kasuri Methi","J013","","""2026-08-22T13:49:30.090Z""","""public"".""stock_out"""
"6a89a2723fb8c43ecce7c0d4","out_1786689784085","","2026-08-14T06:43:04.085Z","14-08-2026","Kitchen","","","0.7","Kitchen Usage","","g","stk_29","Sugar","J029","","""2026-08-22T13:49:30.090Z""","""public"".""stock_out"""
"6a89a2723fb8c43ecce7c0d5","out_1786689800014","","2026-08-14T06:43:20.014Z","14-08-2026","Kitchen","","","0.5","Kitchen Usage","","kg","stk_16","Ajinomoto (Ajina)","J016","","""2026-08-22T13:49:30.090Z""","""public"".""stock_out"""
"6a89a2723fb8c43ecce7c0d6","out_1786689830838","","2026-08-14T06:43:50.838Z","14-08-2026","Kitchen","","","0.1","Kitchen Usage","","g","stk_51","Dhania (Coriander Seeds)","J051","","""2026-08-22T13:49:30.090Z""","""public"".""stock_out"""
"6a89a2723fb8c43ecce7c0d7","out_1786689851221","","2026-08-14T06:44:11.221Z","14-08-2026","Kitchen","","","0.2","Kitchen Usage","","g","stk_41","Black Pepper (Gol Morich)","J041","","""2026-08-22T13:49:30.090Z""","""public"".""stock_out"""
"6a89a2723fb8c43ecce7c0d8","out_1786697009901","","2026-08-14T08:43:29.902Z","14-08-2026","Kitchen","","","0.25","Kitchen Usage","","g","stk_27","Dry Chilli","J027","","""2026-08-22T13:49:30.090Z""","""public"".""stock_out"""
"6a89a2723fb8c43ecce7c0d9","out_1786697040654","","2026-08-14T08:44:00.654Z","14-08-2026","Kitchen","","","0.6","Kitchen Usage","","g","stk_33","Mogoz (Melon Seeds)","J033","","""2026-08-22T13:49:30.090Z""","""public"".""stock_out"""
"6a89a2733fb8c43ecce7c0da","out_1786697125573","","2026-08-14T08:45:25.573Z","14-08-2026","Kitchen","","","2","Kitchen Usage","","packet","stk_31","Dalda / Vanaspati","J031","","""2026-08-22T13:49:30.090Z""","""public"".""stock_out"""
"6a89a2733fb8c43ecce7c0db","out_1786697148182","","2026-08-14T08:45:48.182Z","14-08-2026","Kitchen","","","2","Kitchen Usage","","packet","stk_30","Posto (Poppy Seeds)","J030","","""2026-08-22T13:49:30.090Z""","""public"".""stock_out"""
"6a89a2733fb8c43ecce7c0dc","out_1786697167287","","2026-08-14T08:46:07.287Z","14-08-2026","Kitchen","","","2.1","Kitchen Usage","","kg","stk_83","Tomato (টমেটো)","J083","","""2026-08-22T13:49:30.090Z""","""public"".""stock_out"""
"6a89a2733fb8c43ecce7c0dd","out_1786697193174","","2026-08-14T08:46:33.174Z","14-08-2026","Kitchen","","","0.3","Kitchen Usage","","kg","stk_88","Cucumber (শসা)","J088","","""2026-08-22T13:49:30.090Z""","""public"".""stock_out"""
"6a89a2733fb8c43ecce7c0de","out_1786697210150","","2026-08-14T08:46:50.150Z","14-08-2026","Kitchen","","","0.2","Kitchen Usage","","kg","stk_80","Carrot","J080","","""2026-08-22T13:49:30.090Z""","""public"".""stock_out"""
"6a89a2733fb8c43ecce7c0df","out_1786698977432","","2026-08-14T09:16:17.432Z","14-08-2026","Kitchen","","","0.5","Kitchen Usage","","kg","stk_80","Carrot","J080","","""2026-08-22T13:49:30.090Z""","""public"".""stock_out"""
"6a89a2733fb8c43ecce7c0e0","out_1786698994264","","2026-08-14T09:16:34.264Z","14-08-2026","Kitchen","","","0.5","Kitchen Usage","","kg","stk_88","Cucumber (শসা)","J088","","""2026-08-22T13:49:30.090Z""","""public"".""stock_out"""
"6a89a2733fb8c43ecce7c0e1","out_1786699272600","","2026-08-14T09:21:12.600Z","14-08-2026","Kitchen","","","2.4","Kitchen Usage","","kg","stk_75","Potato (আলু)","J075","","""2026-08-22T13:49:30.090Z""","""public"".""stock_out"""
"6a89a2733fb8c43ecce7c0e2","out_1786713920343","","2026-08-14T13:25:20.344Z","14-08-2026","Kitchen","","","1","Kitchen Usage","","packet","stk_58","Amul Fresh Cream","J058","","""2026-08-22T13:49:30.090Z""","""public"".""stock_out"""
"6a89a2733fb8c43ecce7c0e3","out_1786724962154","","2026-08-14T16:29:22.155Z","14-08-2026","Kitchen","","","1","Kitchen Usage","","packet","stk_57","Butter","J057","","""2026-08-22T13:49:30.090Z""","""public"".""stock_out"""
"6a89a2743fb8c43ecce7c0e4","out_1786724982490","","2026-08-14T16:29:42.490Z","14-08-2026","Kitchen","","","0.5","Kitchen Usage","","kg","stk_88","Cucumber (শসা)","J088","","""2026-08-22T13:49:30.090Z""","""public"".""stock_out"""
"6a89a2743fb8c43ecce7c0e5","out_1786725589441","","2026-08-14T16:39:49.441Z","14-08-2026","Kitchen","","","2","Kitchen Usage","","packet","stk_2","Palm Oil (পাম অয়েল)","J002","","""2026-08-22T13:49:30.090Z""","""public"".""stock_out"""
"6a89a2743fb8c43ecce7c0e6","out_1786728979946","","2026-08-14T17:36:19.946Z","14-08-2026","Kitchen","","","4","Kitchen Usage","","pcs","stk_61","Campa Black 500ml","J061","","""2026-08-22T13:49:30.090Z""","""public"".""stock_out"""
"6a89a2743fb8c43ecce7c0e7","out_1786729005176","","2026-08-14T17:36:45.176Z","14-08-2026","Kitchen","","","4","Kitchen Usage","","pcs","stk_71","Thums Up 500ml","J071","","""2026-08-22T13:49:30.090Z""","""public"".""stock_out"""
"6a89a2743fb8c43ecce7c0e8","out_1786729039792","","2026-08-14T17:37:19.792Z","14-08-2026","Kitchen","","","18","Kitchen Usage","","pcs","stk_64","Bisleri Water 1L","J064","","""2026-08-22T13:49:30.090Z""","""public"".""stock_out"""
"6a89a2743fb8c43ecce7c0e9","out_1786729060743","","2026-08-14T17:37:40.743Z","14-08-2026","Kitchen","","","3","Kitchen Usage","","pcs","stk_67","Bisleri Water 500ml","J067","","""2026-08-22T13:49:30.090Z""","""public"".""stock_out"""
"6a89a2753fb8c43ecce7c0ea","out_1786729148517","","2026-08-14T17:39:08.517Z","14-08-2026","Kitchen","","","12","Kitchen Usage","","pcs","stk_74","Sprite 1L","J074","","""2026-08-22T13:49:30.090Z""","""public"".""stock_out"""
"6a89a2753fb8c43ecce7c0eb","out_1786729165684","","2026-08-14T17:39:25.684Z","14-08-2026","Kitchen","","","2","Kitchen Usage","","pcs","stk_124","Vim Soap / Bar (Bhim Srap)","J124","","""2026-08-22T13:49:30.090Z""","""public"".""stock_out"""
"6a89a2753fb8c43ecce7c0ec","out_1786730203096","","2026-08-14T17:56:43.097Z","14-08-2026","Kitchen","","","2","Kitchen Usage","","g","stk_29","Sugar","J029","","""2026-08-22T13:49:30.090Z""","""public"".""stock_out"""
"6a89a2753fb8c43ecce7c0ed","out_1786730217822","","2026-08-14T17:56:57.822Z","14-08-2026","Kitchen","","","1","Kitchen Usage","","box","stk_42","Pure Ghee","J042","","""2026-08-22T13:49:30.090Z""","""public"".""stock_out"""
"6a89a2753fb8c43ecce7c0ee","out_1786799372718","","2026-08-15T13:09:32.718Z","15-08-2026","Kitchen","","","1","Kitchen Usage","","packet","stk_1","Rice (রাইস)","J001","","""2026-08-22T13:49:30.090Z""","""public"".""stock_out"""
"6a89a2753fb8c43ecce7c0ef","out_1786799384036","","2026-08-15T13:09:44.036Z","15-08-2026","Kitchen","","","8","Kitchen Usage","","packet","stk_2","Palm Oil (পাম অয়েল)","J002","","""2026-08-22T13:49:30.090Z""","""public"".""stock_out"""
"6a89a2753fb8c43ecce7c0f0","out_1786799394452","","2026-08-15T13:09:54.453Z","15-08-2026","Kitchen","","","1","Kitchen Usage","","L","stk_3","Refined Oil (রেফাইন্ড অয়েল)","J003","","""2026-08-22T13:49:30.090Z""","""public"".""stock_out"""
"6a89a2753fb8c43ecce7c0f1","out_1786799405581","","2026-08-15T13:10:05.581Z","15-08-2026","Kitchen","","","1","Kitchen Usage","","L","stk_4","Mustard Oil (মাস্টার অয়েল)","J004","","""2026-08-22T13:49:30.090Z""","""public"".""stock_out"""
"6a89a2753fb8c43ecce7c0f2","out_1786799427340","","2026-08-15T13:10:27.340Z","15-08-2026","Kitchen","","","4","Kitchen Usage","","kg","stk_5","Maida (মাইদা)","J005","","""2026-08-22T13:49:30.090Z""","""public"".""stock_out"""
"6a89a2753fb8c43ecce7c0f3","out_1786799437867","","2026-08-15T13:10:37.867Z","15-08-2026","Kitchen","","","3","Kitchen Usage","","packet","stk_7","Chowmein Noodle (চাউমিন)","J007","","""2026-08-22T13:49:30.090Z""","""public"".""stock_out"""
"6a89a2753fb8c43ecce7c0f4","out_1786799447860","","2026-08-15T13:10:47.860Z","15-08-2026","Kitchen","","","1","Kitchen Usage","","packet","stk_8","Tomato Sauce (টমেটো sos)","J008","","""2026-08-22T13:49:30.090Z""","""public"".""stock_out"""
"6a89a2753fb8c43ecce7c0f5","out_1786799461141","","2026-08-15T13:11:01.141Z","15-08-2026","Kitchen","","","1","Kitchen Usage","","pcs","stk_11","Vinegar","J011","","""2026-08-22T13:49:30.090Z""","""public"".""stock_out"""
"6a89a2753fb8c43ecce7c0f6","out_1786799472132","","2026-08-15T13:11:12.132Z","15-08-2026","Kitchen","","","2","Kitchen Usage","","pcs","stk_13","Kasuri Methi","J013","","""2026-08-22T13:49:30.090Z""","""public"".""stock_out"""
"6a89a2763fb8c43ecce7c0f7","out_1786799494269","","2026-08-15T13:11:34.269Z","15-08-2026","Kitchen","","","1","Kitchen Usage","","pcs","stk_23","Attar / Essence","J023","","""2026-08-22T13:49:30.090Z""","""public"".""stock_out"""
"6a89a2763fb8c43ecce7c0f8","out_1786799520070","","2026-08-15T13:12:00.070Z","15-08-2026","Kitchen","","","0.2","Kitchen Usage","","g","stk_34","Elachi (Cardamom)","J034","","""2026-08-22T13:49:30.090Z""","""public"".""stock_out"""
"6a89a2763fb8c43ecce7c0f9","out_1786799537222","","2026-08-15T13:12:17.222Z","15-08-2026","Kitchen","","","0.15","Kitchen Usage","","g","stk_36","Jaitri (Mace)","J036","","""2026-08-22T13:49:30.090Z""","""public"".""stock_out"""
"6a89a2763fb8c43ecce7c0fa","out_1786800322024","","2026-08-15T13:25:22.025Z","15-08-2026","Kitchen","","","1","Kitchen Usage","","pcs","stk_47","Kissan Tomato Sauce Pouch","J047","","""2026-08-22T13:49:30.090Z""","""public"".""stock_out"""
"6a89a2763fb8c43ecce7c0fb","out_1786800392682","","2026-08-15T13:26:32.682Z","15-08-2026","Kitchen","","","3","Kitchen Usage","","packet","stk_54","Milk (দুধ)","J054","","""2026-08-22T13:49:30.090Z""","""public"".""stock_out"""
"6a89a2763fb8c43ecce7c0fc","out_1786800473039","","2026-08-15T13:27:53.039Z","15-08-2026","Kitchen","","","5","Kitchen Usage","","packet","stk_55","Dahi (দই / Curd)","J055","","""2026-08-22T13:49:30.090Z""","""public"".""stock_out"""
"6a89a2763fb8c43ecce7c0fd","out_1786800492862","","2026-08-15T13:28:12.863Z","15-08-2026","Kitchen","","","2","Kitchen Usage","","packet","stk_55","Dahi (দই / Curd)","J055","","""2026-08-22T13:49:30.090Z""","""public"".""stock_out"""
"6a89a2763fb8c43ecce7c0fe","out_1786800528959","","2026-08-15T13:28:48.959Z","15-08-2026","Kitchen","","","1","Kitchen Usage","","packet","stk_110","Chatni Box","J110","","""2026-08-22T13:49:30.090Z""","""public"".""stock_out"""
"6a89a2763fb8c43ecce7c0ff","out_1786800561346","","2026-08-15T13:29:21.346Z","15-08-2026","Kitchen","","","1","Kitchen Usage","","pcs","stk_104","1000ml Container","J104","","""2026-08-22T13:49:30.090Z""","""public"".""stock_out"""
"6a89a2763fb8c43ecce7c100","out_1786804021070","","2026-08-15T14:27:01.070Z","15-08-2026","Kitchen","","","2","Kitchen Usage","","pcs","stk_124","Vim Soap / Bar (Bhim Srap)","J124","","""2026-08-22T13:49:30.090Z""","""public"".""stock_out"""
"6a89a2763fb8c43ecce7c101","out_1786804840324","","2026-08-15T14:40:40.324Z","15-08-2026","Kitchen","","","1","Kitchen Usage","","packet","stk_57","Butter","J057","","""2026-08-22T13:49:30.090Z""","""public"".""stock_out"""
"6a89a2763fb8c43ecce7c102","out_1786809591657","","2026-08-15T15:59:51.657Z","15-08-2026","Kitchen","","","4.5","Kitchen Usage","","kg","stk_75","Potato (আলু)","J075","","""2026-08-22T13:49:30.090Z""","""public"".""stock_out"""
"6a89a2763fb8c43ecce7c103","out_1786809659792","","2026-08-15T16:00:59.792Z","15-08-2026","Kitchen","","","7","Kitchen Usage","","kg","stk_76","Onion (পেঁয়াজ)","J076","","""2026-08-22T13:49:30.090Z""","""public"".""stock_out"""
"6a89a2763fb8c43ecce7c104","out_1786809678193","","2026-08-15T16:01:18.193Z","15-08-2026","Kitchen","","","0.7","Kitchen Usage","","kg","stk_79","Capsicum","J079","","""2026-08-22T13:49:30.090Z""","""public"".""stock_out"""
"6a89a2773fb8c43ecce7c105","out_1786809695505","","2026-08-15T16:01:35.505Z","15-08-2026","Kitchen","","","0.8","Kitchen Usage","","kg","stk_80","Carrot","J080","","""2026-08-22T13:49:30.090Z""","""public"".""stock_out"""
"6a89a2773fb8c43ecce7c106","out_1786809723920","","2026-08-15T16:02:03.920Z","15-08-2026","Kitchen","","","0.25","Kitchen Usage","","kg","stk_82","Green Chilli (কাঁচা লঙ্কা)","J082","","""2026-08-22T13:49:30.090Z""","""public"".""stock_out"""
"6a89a2773fb8c43ecce7c107","out_1786809741728","","2026-08-15T16:02:21.728Z","15-08-2026","Kitchen","","","1","Kitchen Usage","","kg","stk_83","Tomato (টমেটো)","J083","","""2026-08-22T13:49:30.090Z""","""public"".""stock_out"""
"6a89a2773fb8c43ecce7c108","out_1786809765744","","2026-08-15T16:02:45.744Z","15-08-2026","Kitchen","","","0.4","Kitchen Usage","","kg","stk_86","Dhania Pata (Coriander)","J086","","""2026-08-22T13:49:30.090Z""","""public"".""stock_out"""
"6a89a2773fb8c43ecce7c109","out_1786809819888","","2026-08-15T16:03:39.888Z","15-08-2026","Kitchen","","","1","Kitchen Usage","","kg","stk_88","Cucumber (শসা)","J088","","""2026-08-22T13:49:30.090Z""","""public"".""stock_out"""
"6a89a2773fb8c43ecce7c10a","out_1786810366655","","2026-08-15T16:12:46.655Z","15-08-2026","Kitchen","","","3","Kitchen Usage","","packet","stk_2","Palm Oil (পাম অয়েল)","J002","","""2026-08-22T13:49:30.090Z""","""public"".""stock_out"""
"6a89a2773fb8c43ecce7c10b","out_1786811931284","","2026-08-15T16:38:51.285Z","15-08-2026","Kitchen","","","0.5","Kitchen Usage","","g","stk_21","Kabuli Chana","J021","","""2026-08-22T13:49:30.090Z""","""public"".""stock_out"""
"6a89a3143fb8c43ecce7c734","out_1786894668958_wudq","","2026-08-16T15:37:48.958Z","2026-08-16","","","Manual Stock OUT entry for J002","5","","","packet","stk_2","Palm Oil (পাম অয়েল)","J002","Kitchen / Counter","""2026-08-22T13:49:30.090Z""","""public"".""stock_out"""
"6a89a3143fb8c43ecce7c735","out_1786894686287_zhiw","","2026-08-16T15:38:06.287Z","2026-08-16","","","Manual Stock OUT entry for J005","4","","","kg","stk_5","Maida (মাইদা)","J005","Kitchen / Counter","""2026-08-22T13:49:30.090Z""","""public"".""stock_out"""
"6a89a3143fb8c43ecce7c736","out_1786894700260_h00r","","2026-08-16T15:38:20.260Z","2026-08-16","","","Manual Stock OUT entry for J008","1","","","packet","stk_8","Tomato Sauce (টমেটো sos)","J008","Kitchen / Counter","""2026-08-22T13:49:30.090Z""","""public"".""stock_out"""
"6a89a3143fb8c43ecce7c737","out_1786894713523_vpw1","","2026-08-16T15:38:33.523Z","2026-08-16","","","Manual Stock OUT entry for J009","1","","","pcs","stk_9","Chili Sauce","J009","Kitchen / Counter","""2026-08-22T13:49:30.090Z""","""public"".""stock_out"""
"6a89a3143fb8c43ecce7c738","out_1786894725756_7db1","","2026-08-16T15:38:45.756Z","2026-08-16","","","Manual Stock OUT entry for J010","1","","","pcs","stk_10","Soy Sauce","J010","Kitchen / Counter","""2026-08-22T13:49:30.090Z""","""public"".""stock_out"""
"6a89a3143fb8c43ecce7c739","out_1786894734483_r5k7","","2026-08-16T15:38:54.483Z","2026-08-16","","","Manual Stock OUT entry for J010","1","","","pcs","stk_10","Soy Sauce","J010","Kitchen / Counter","""2026-08-22T13:49:30.090Z""","""public"".""stock_out"""
"6a89a3143fb8c43ecce7c73a","out_1786894745996_y4lx","","2026-08-16T15:39:05.996Z","2026-08-16","","","Manual Stock OUT entry for J011","1","","","pcs","stk_11","Vinegar","J011","Kitchen / Counter","""2026-08-22T13:49:30.090Z""","""public"".""stock_out"""
"6a89a3143fb8c43ecce7c73b","out_1786894768867_0r0w","","2026-08-16T15:39:28.867Z","2026-08-16","","","Manual Stock OUT entry for J012","1","","","kg","stk_12","Corn Flour","J012","Kitchen / Counter","""2026-08-22T13:49:30.090Z""","""public"".""stock_out"""
"6a89a3143fb8c43ecce7c73c","out_1786894778741_do32","","2026-08-16T15:39:38.741Z","2026-08-16","","","Manual Stock OUT entry for J013","1","","","pcs","stk_13","Kasuri Methi","J013","Kitchen / Counter","""2026-08-22T13:49:30.090Z""","""public"".""stock_out"""
"6a89a3143fb8c43ecce7c73d","out_1786894800422_t91z","","2026-08-16T15:40:00.422Z","2026-08-16","","","Manual Stock OUT entry for J016","1","","","kg","stk_16","Ajinomoto (Ajina)","J016","Kitchen / Counter","""2026-08-22T13:49:30.090Z""","""public"".""stock_out"""
"6a89a3143fb8c43ecce7c73e","out_1786894823303_d3zr","","2026-08-16T15:40:23.303Z","2026-08-16","","","Manual Stock OUT entry for J014","2","","","packet","stk_14","Chat Masala","J014","Kitchen / Counter","""2026-08-22T13:49:30.090Z""","""public"".""stock_out"""
"6a89a3143fb8c43ecce7c73f","out_1786894838180_5pov","","2026-08-16T15:40:38.180Z","2026-08-16","","","Manual Stock OUT entry for J015","2","","","pcs","stk_15","Kashmiri Chilli Powder","J015","Kitchen / Counter","""2026-08-22T13:49:30.090Z""","""public"".""stock_out"""
"6a89a3143fb8c43ecce7c740","out_1786894852364_uaj0","","2026-08-16T15:40:52.364Z","2026-08-16","","","Manual Stock OUT entry for J018","2","","","packet","stk_18","Haldi (Turmeric Powder)","J018","Kitchen / Counter","""2026-08-22T13:49:30.090Z""","""public"".""stock_out"""
"6a89a3143fb8c43ecce7c741","out_1786894869300_u6oa","","2026-08-16T15:41:09.300Z","2026-08-16","","","Manual Stock OUT entry for J021","1","","","g","stk_21","Kabuli Chana","J021","Kitchen / Counter","""2026-08-22T13:49:30.090Z""","""public"".""stock_out"""
"6a89a3143fb8c43ecce7c742","out_1786894906756_7xuf","","2026-08-16T15:41:46.756Z","2026-08-16","","","Manual Stock OUT entry for J024","1","","","box","stk_24","Red Food Color","J024","Kitchen / Counter","""2026-08-22T13:49:30.090Z""","""public"".""stock_out"""
"6a89a3143fb8c43ecce7c743","out_1786894923973_exsl","","2026-08-16T15:42:03.973Z","2026-08-16","","","Manual Stock OUT entry for J027","5","","","g","stk_27","Dry Chilli","J027","Kitchen / Counter","""2026-08-22T13:49:30.090Z""","""public"".""stock_out"""
"6a89a3143fb8c43ecce7c744","out_1786894970158_qcsz","","2026-08-16T15:42:50.158Z","2026-08-16","","","Manual Stock OUT entry for J039","0.1","","","g","stk_39","Rose Petals","J039","Kitchen / Counter","""2026-08-22T13:49:30.090Z""","""public"".""stock_out"""
"6a89a3143fb8c43ecce7c745","out_1786894996324_7pn4","","2026-08-16T15:43:16.324Z","2026-08-16","","","Manual Stock OUT entry for J044","1","","","box","stk_44","Mushroom","J044","Kitchen / Counter","""2026-08-22T13:49:30.090Z""","""public"".""stock_out"""
"6a89a3143fb8c43ecce7c746","out_1786895019157_bogc","","2026-08-16T15:43:39.157Z","2026-08-16","","","Manual Stock OUT entry for J051","0.2","","","g","stk_51","Dhania (Coriander Seeds)","J051","Kitchen / Counter","""2026-08-22T13:49:30.090Z""","""public"".""stock_out"""
"6a89a3143fb8c43ecce7c747","out_1786895043743_m9t8","","2026-08-16T15:44:03.743Z","2026-08-16","","","Manual Stock OUT entry for J054","1","","","packet","stk_54","Milk (দুধ)","J054","Kitchen / Counter","""2026-08-22T13:49:30.090Z""","""public"".""stock_out"""
"6a89a3143fb8c43ecce7c748","out_1786895063797_imbk","","2026-08-16T15:44:23.797Z","2026-08-16","","","Manual Stock OUT entry for J055","3","","","packet","stk_55","Dahi (দই / Curd)","J055","Kitchen / Counter","""2026-08-22T13:49:30.090Z""","""public"".""stock_out"""
"6a89a3143fb8c43ecce7c749","out_1786895091645_rl9g","","2026-08-16T15:44:51.645Z","2026-08-16","","","Manual Stock OUT entry for J076","23","","","kg","stk_76","Onion (পেঁয়াজ)","J076","Kitchen / Counter","""2026-08-22T13:49:30.090Z""","""public"".""stock_out"""
"6a89a3143fb8c43ecce7c74a","out_1786895115237_qspt","","2026-08-16T15:45:15.237Z","2026-08-16","","","Manual Stock OUT entry for J079","0.5","","","kg","stk_79","Capsicum","J079","Kitchen / Counter","""2026-08-22T13:49:30.090Z""","""public"".""stock_out"""
"6a89a3143fb8c43ecce7c74b","out_1786895133093_kdqu","","2026-08-16T15:45:33.093Z","2026-08-16","","","Manual Stock OUT entry for J080","0.6","","","kg","stk_80","Carrot","J080","Kitchen / Counter","""2026-08-22T13:49:30.090Z""","""public"".""stock_out"""
"6a89a3143fb8c43ecce7c74c","out_1786895149918_h54p","","2026-08-16T15:45:49.918Z","2026-08-16","","","Manual Stock OUT entry for J081","0.5","","","kg","stk_81","Beans","J081","Kitchen / Counter","""2026-08-22T13:49:30.090Z""","""public"".""stock_out"""
"6a89a3143fb8c43ecce7c74d","out_1786895194301_gljq","","2026-08-16T15:46:34.301Z","2026-08-16","","","Manual Stock OUT entry for J084","2.2","","","kg","stk_84","Cabbage (বাঁধাকপি)","J084","Kitchen / Counter","""2026-08-22T13:49:30.090Z""","""public"".""stock_out"""
"6a89a3143fb8c43ecce7c74e","out_1786895225351_hiyf","","2026-08-16T15:47:05.351Z","2026-08-16","","","Manual Stock OUT entry for J088","0.6","","","kg","stk_88","Cucumber (শসা)","J088","Kitchen / Counter","""2026-08-22T13:49:30.090Z""","""public"".""stock_out"""
"6a89a3143fb8c43ecce7c74f","out_1786895259357_5ghr","","2026-08-16T15:47:39.357Z","2026-08-16","","","Manual Stock OUT entry for J058","1","","","packet","stk_58","Amul Fresh Cream","J058","Kitchen / Counter","""2026-08-22T13:49:30.090Z""","""public"".""stock_out"""
"6a89a3143fb8c43ecce7c750","out_1786895289717_duv7","","2026-08-16T15:48:09.717Z","2026-08-16","","","Manual Stock OUT entry for J104","1","","","pcs","stk_104","1000ml Container","J104","Kitchen / Counter","""2026-08-22T13:49:30.090Z""","""public"".""stock_out"""
"6a89a3143fb8c43ecce7c751","out_1787068180490_cdqu","","2026-08-18T15:49:40.490Z","2026-08-18","","","Manual Stock OUT entry for J084","1.2","","","kg","stk_84","Cabbage (বাঁধাকপি)","J084","Kitchen / Counter","""2026-08-22T13:49:30.090Z""","""public"".""stock_out"""
"6a89a3143fb8c43ecce7c752","out_1787068302015_wxmn","","2026-08-18T15:51:42.015Z","2026-08-18","","","Manual Stock OUT entry for J002","3","","","packet","stk_2","Palm Oil (পাম অয়েল)","J002","Kitchen / Counter","""2026-08-22T13:49:30.090Z""","""public"".""stock_out"""
"6a89a3143fb8c43ecce7c753","out_1787068316109_rbg6","","2026-08-18T15:51:56.109Z","2026-08-18","","","Manual Stock OUT entry for J005","4","","","kg","stk_5","Maida (মাইদা)","J005","Kitchen / Counter","""2026-08-22T13:49:30.090Z""","""public"".""stock_out"""
"6a89a3143fb8c43ecce7c754","out_1787068331501_h4k3","","2026-08-18T15:52:11.501Z","2026-08-18","","","Manual Stock OUT entry for J007","2","","","packet","stk_7","Chowmein Noodle (চাউমিন)","J007","Kitchen / Counter","""2026-08-22T13:49:30.090Z""","""public"".""stock_out"""
"6a89a3143fb8c43ecce7c755","out_1787068344365_hhjt","","2026-08-18T15:52:24.365Z","2026-08-18","","","Manual Stock OUT entry for J008","1","","","packet","stk_8","Tomato Sauce (টমেটো sos)","J008","Kitchen / Counter","""2026-08-22T13:49:30.090Z""","""public"".""stock_out"""
"6a89a3143fb8c43ecce7c756","out_1787068372422_1uik","","2026-08-18T15:52:52.422Z","2026-08-18","","","Manual Stock OUT entry for J017","3","","","packet","stk_17","Chilli Powder","J017","Kitchen / Counter","""2026-08-22T13:49:30.090Z""","""public"".""stock_out"""
"6a89a3143fb8c43ecce7c757","out_1787068405310_chbk","","2026-08-18T15:53:25.310Z","2026-08-18","","","Manual Stock OUT entry for J046","3","","","packet","stk_46","Papad","J046","Kitchen / Counter","""2026-08-22T13:49:30.090Z""","""public"".""stock_out"""
"6a89a3143fb8c43ecce7c758","out_1787068472389_64rk","","2026-08-18T15:54:32.390Z","2026-08-18","","","Manual Stock OUT entry for J055","4","","","packet","stk_55","Dahi (দই / Curd)","J055","Kitchen / Counter","""2026-08-22T13:49:30.090Z""","""public"".""stock_out"""
"6a89a3143fb8c43ecce7c759","out_1787068637975_hmpd","","2026-08-18T15:57:17.975Z","2026-08-18","","","Manual Stock OUT entry for J075","2","","","kg","stk_75","Potato (আলু)","J075","Kitchen / Counter","""2026-08-22T13:49:30.090Z""","""public"".""stock_out"""
"6a89a3143fb8c43ecce7c75a","out_1787068656030_qbd2","","2026-08-18T15:57:36.030Z","2026-08-18","","","Manual Stock OUT entry for J076","5","","","kg","stk_76","Onion (পেঁয়াজ)","J076","Kitchen / Counter","""2026-08-22T13:49:30.090Z""","""public"".""stock_out"""
"6a89a3143fb8c43ecce7c75b","out_1787068675502_nxrj","","2026-08-18T15:57:55.502Z","2026-08-18","","","Manual Stock OUT entry for J088","0.6","","","kg","stk_88","Cucumber (শসা)","J088","Kitchen / Counter","""2026-08-22T13:49:30.090Z""","""public"".""stock_out"""
"6a89a3143fb8c43ecce7c75c","out_1787068692840_9wx3","","2026-08-18T15:58:12.840Z","2026-08-18","","","Manual Stock OUT entry for J079","0.6","","","kg","stk_79","Capsicum","J079","Kitchen / Counter","""2026-08-22T13:49:30.090Z""","""public"".""stock_out"""
"6a89a3143fb8c43ecce7c75d","out_1787068709177_vhi5","","2026-08-18T15:58:29.177Z","2026-08-18","","","Manual Stock OUT entry for J080","0.6","","","kg","stk_80","Carrot","J080","Kitchen / Counter","""2026-08-22T13:49:30.090Z""","""public"".""stock_out"""
"6a89a3143fb8c43ecce7c75e","out_1787068727790_qxjl","","2026-08-18T15:58:47.790Z","2026-08-18","","","Manual Stock OUT entry for J081","0.3","","","kg","stk_81","Beans","J081","Kitchen / Counter","""2026-08-22T13:49:30.090Z""","""public"".""stock_out"""
"6a89a3143fb8c43ecce7c75f","out_1787068815071_45om","","2026-08-18T16:00:15.071Z","2026-08-18","","","Manual Stock OUT entry for J082","0.25","","","kg","stk_82","Green Chilli (কাঁচা লঙ্কা)","J082","Kitchen / Counter","""2026-08-22T13:49:30.090Z""","""public"".""stock_out"""
"6a89a3143fb8c43ecce7c760","out_1787068832630_5bo9","","2026-08-18T16:00:32.630Z","2026-08-18","","","Manual Stock OUT entry for J083","0.8","","","kg","stk_83","Tomato (টমেটো)","J083","Kitchen / Counter","""2026-08-22T13:49:30.090Z""","""public"".""stock_out"""
"6a89a3143fb8c43ecce7c761","out_1787068853205_bhb9","","2026-08-18T16:00:53.205Z","2026-08-18","","","Manual Stock OUT entry for J086","0.2","","","kg","stk_86","Dhania Pata (Coriander)","J086","Kitchen / Counter","""2026-08-22T13:49:30.090Z""","""public"".""stock_out"""
"6a89a3143fb8c43ecce7c762","out_1787069232311_ucpw","","2026-08-18T16:07:12.311Z","2026-08-18","","","Manual Stock OUT entry for J076","18","","","kg","stk_76","Onion (পেঁয়াজ)","J076","Kitchen / Counter","""2026-08-22T13:49:30.090Z""","""public"".""stock_out"""
"6a89a3143fb8c43ecce7c763","out_1787070072795_203m","","2026-08-18T16:21:12.795Z","2026-08-18","","","Manual Stock OUT entry for J002","3","","","packet","stk_2","Palm Oil (পাম অয়েল)","J002","Kitchen / Counter","""2026-08-22T13:49:30.090Z""","""public"".""stock_out"""
"6a89a3143fb8c43ecce7c764","out_1787073816241_i7a4","","2026-08-18T17:23:36.241Z","2026-08-18","","","Manual Stock OUT entry for J077","0.5","","","kg","stk_77","Ginger (আদা)","J077","Kitchen / Counter","""2026-08-22T13:49:30.090Z""","""public"".""stock_out"""
"6a89a3143fb8c43ecce7c765","out_1787144529896_f1sy","","2026-08-19T13:02:09.896Z","2026-08-19","","","Manual Stock OUT entry for J002","6","","","packet","stk_2","Palm Oil (পাম অয়েল)","J002","Kitchen / Counter","""2026-08-22T13:49:30.090Z""","""public"".""stock_out"""
"6a89a3143fb8c43ecce7c766","out_1787144541917_himx","","2026-08-19T13:02:21.917Z","2026-08-19","","","Manual Stock OUT entry for J006","5","","","kg","stk_6","Atta (আটা)","J006","Kitchen / Counter","""2026-08-22T13:49:30.090Z""","""public"".""stock_out"""
"6a89a3143fb8c43ecce7c767","out_1787144563814_gzo2","","2026-08-19T13:02:43.814Z","2026-08-19","","","Manual Stock OUT entry for J005","4","","","kg","stk_5","Maida (মাইদা)","J005","Kitchen / Counter","""2026-08-22T13:49:30.090Z""","""public"".""stock_out"""
"6a89a3143fb8c43ecce7c768","out_1787144615249_wa1x","","2026-08-19T13:03:35.249Z","2026-08-19","","","Manual Stock OUT entry for J007","5","","","packet","stk_7","Chowmein Noodle (চাউমিন)","J007","Kitchen / Counter","""2026-08-22T13:49:30.090Z""","""public"".""stock_out"""
"6a89a3143fb8c43ecce7c769","out_1787144650265_q44p","","2026-08-19T13:04:10.265Z","2026-08-19","","","Manual Stock OUT entry for J008","1","","","packet","stk_8","Tomato Sauce (টমেটো sos)","J008","Kitchen / Counter","""2026-08-22T13:49:30.090Z""","""public"".""stock_out"""
"6a89a3143fb8c43ecce7c76a","out_1787144763574_oppu","","2026-08-19T13:06:03.574Z","2026-08-19","","","Manual Stock OUT entry for J013","2","","","pcs","stk_13","Kasuri Methi","J013","Kitchen / Counter","""2026-08-22T13:49:30.090Z""","""public"".""stock_out"""
"6a89a3143fb8c43ecce7c76b","out_1787144778462_eaf8","","2026-08-19T13:06:18.462Z","2026-08-19","","","Manual Stock OUT entry for J016","1","","","kg","stk_16","Ajinomoto (Ajina)","J016","Kitchen / Counter","""2026-08-22T13:49:30.090Z""","""public"".""stock_out"""
"6a89a3143fb8c43ecce7c76c","out_1787144814549_suog","","2026-08-19T13:06:54.549Z","2026-08-19","","","Manual Stock OUT entry for J017","3","","","packet","stk_17","Chilli Powder","J017","Kitchen / Counter","""2026-08-22T13:49:30.090Z""","""public"".""stock_out"""
"6a89a3143fb8c43ecce7c76d","out_1787144888321_q3v6","","2026-08-19T13:08:08.321Z","2026-08-19","","","Manual Stock OUT entry for J020","0.5","","","g","stk_20","Dal (Pulses)","J020","Kitchen / Counter","""2026-08-22T13:49:30.090Z""","""public"".""stock_out"""
"6a89a3143fb8c43ecce7c76e","out_1787144917514_4nef","","2026-08-19T13:08:37.514Z","2026-08-19","","","Manual Stock OUT entry for J029","2","","","g","stk_29","Sugar","J029","Kitchen / Counter","""2026-08-22T13:49:30.090Z""","""public"".""stock_out"""
"6a89a3143fb8c43ecce7c76f","out_1787145170373_o6dc","","2026-08-19T13:12:50.373Z","2026-08-19","","","Manual Stock OUT entry for J027","0.2","","","g","stk_27","Dry Chilli","J027","Kitchen / Counter","""2026-08-22T13:49:30.090Z""","""public"".""stock_out"""
"6a89a3143fb8c43ecce7c770","out_1787145246033_vl0y","","2026-08-19T13:14:06.033Z","2026-08-19","","","Manual Stock OUT entry for J033","0.1","","","g","stk_33","Mogoz (Melon Seeds)","J033","Kitchen / Counter","""2026-08-22T13:49:30.090Z""","""public"".""stock_out"""
"6a89a3143fb8c43ecce7c771","out_1787145280793_svyp","","2026-08-19T13:14:40.793Z","2026-08-19","","","Manual Stock OUT entry for J037","0.12","","","g","stk_37","Dalchini (Cinnamon)","J037","Kitchen / Counter","""2026-08-22T13:49:30.090Z""","""public"".""stock_out"""
"6a89a3143fb8c43ecce7c772","out_1787145305657_gpt5","","2026-08-19T13:15:05.657Z","2026-08-19","","","Manual Stock OUT entry for J038","0.15","","","g","stk_38","Starful (Star Anise)","J038","Kitchen / Counter","""2026-08-22T13:49:30.090Z""","""public"".""stock_out"""
"6a89a3143fb8c43ecce7c773","out_1787145331321_85s5","","2026-08-19T13:15:31.321Z","2026-08-19","","","Manual Stock OUT entry for J040","1","","","packet","stk_40","Shahi Jeera","J040","Kitchen / Counter","""2026-08-22T13:49:30.090Z""","""public"".""stock_out"""
"6a89a3143fb8c43ecce7c774","out_1787145352127_jt1u","","2026-08-19T13:15:52.127Z","2026-08-19","","","Manual Stock OUT entry for J031","2","","","packet","stk_31","Dalda / Vanaspati","J031","Kitchen / Counter","""2026-08-22T13:49:30.090Z""","""public"".""stock_out"""
"6a89a3143fb8c43ecce7c775","out_1787145376391_vga9","","2026-08-19T13:16:16.391Z","2026-08-19","","","Manual Stock OUT entry for J045","1","","","box","stk_45","Green Peas","J045","Kitchen / Counter","""2026-08-22T13:49:30.090Z""","""public"".""stock_out"""
"6a89a3143fb8c43ecce7c776","out_1787145394704_g5cp","","2026-08-19T13:16:34.704Z","2026-08-19","","","Manual Stock OUT entry for J030","2","","","packet","stk_30","Posto (Poppy Seeds)","J030","Kitchen / Counter","""2026-08-22T13:49:30.090Z""","""public"".""stock_out"""
"6a89a3143fb8c43ecce7c777","out_1787145419519_8jyd","","2026-08-19T13:16:59.519Z","2026-08-19","","","Manual Stock OUT entry for J124","2","","","pcs","stk_124","Vim Soap / Bar (Bhim Srap)","J124","Kitchen / Counter","""2026-08-22T13:49:30.090Z""","""public"".""stock_out"""
"6a89a3143fb8c43ecce7c778","out_1787145460541_827a","","2026-08-19T13:17:40.541Z","2026-08-19","","","Manual Stock OUT entry for J054","1","","","packet","stk_54","Milk (দুধ)","J054","Kitchen / Counter","""2026-08-22T13:49:30.090Z""","""public"".""stock_out"""
"6a89a3143fb8c43ecce7c779","out_1787145480581_isc6","","2026-08-19T13:18:00.581Z","2026-08-19","","","Manual Stock OUT entry for J055","7","","","packet","stk_55","Dahi (দই / Curd)","J055","Kitchen / Counter","""2026-08-22T13:49:30.090Z""","""public"".""stock_out"""
"6a89a3143fb8c43ecce7c77a","out_1787145532213_tcmu","","2026-08-19T13:18:52.213Z","2026-08-19","","","Manual Stock OUT entry for J115","2","","","pcs","stk_115","Cling Wrap (Clean Tape)","J115","Kitchen / Counter","""2026-08-22T13:49:30.090Z""","""public"".""stock_out"""
"6a89a3143fb8c43ecce7c77b","out_1787145555437_a9rt","","2026-08-19T13:19:15.437Z","2026-08-19","","","Manual Stock OUT entry for J057","1","","","packet","stk_57","Butter","J057","Kitchen / Counter","""2026-08-22T13:49:30.090Z""","""public"".""stock_out"""
"6a89a3143fb8c43ecce7c77c","out_1787145587141_upmq","","2026-08-19T13:19:47.141Z","2026-08-19","","","Manual Stock OUT entry for J075","2","","","kg","stk_75","Potato (আলু)","J075","Kitchen / Counter","""2026-08-22T13:49:30.090Z""","""public"".""stock_out"""
"6a89a3143fb8c43ecce7c77d","out_1787145608220_zbb5","","2026-08-19T13:20:08.220Z","2026-08-19","","","Manual Stock OUT entry for J077","3","","","kg","stk_77","Ginger (আদা)","J077","Kitchen / Counter","""2026-08-22T13:49:30.090Z""","""public"".""stock_out"""
"6a89a3143fb8c43ecce7c77e","out_1787145623588_hid4","","2026-08-19T13:20:23.588Z","2026-08-19","","","Manual Stock OUT entry for J078","3","","","kg","stk_78","Garlic (রসুন)","J078","Kitchen / Counter","""2026-08-22T13:49:30.090Z""","""public"".""stock_out"""
"6a89a3143fb8c43ecce7c77f","out_1787145644364_931d","","2026-08-19T13:20:44.364Z","2026-08-19","","","Manual Stock OUT entry for J079","0.6","","","kg","stk_79","Capsicum","J079","Kitchen / Counter","""2026-08-22T13:49:30.090Z""","""public"".""stock_out"""
"6a89a3143fb8c43ecce7c780","out_1787145660147_ko9z","","2026-08-19T13:21:00.147Z","2026-08-19","","","Manual Stock OUT entry for J080","0.5","","","kg","stk_80","Carrot","J080","Kitchen / Counter","""2026-08-22T13:49:30.090Z""","""public"".""stock_out"""
"6a89a3143fb8c43ecce7c781","out_1787145679996_c2dd","","2026-08-19T13:21:19.996Z","2026-08-19","","","Manual Stock OUT entry for J081","0.3","","","kg","stk_81","Beans","J081","Kitchen / Counter","""2026-08-22T13:49:30.090Z""","""public"".""stock_out"""
"6a89a3143fb8c43ecce7c782","out_1787145697643_q7ug","","2026-08-19T13:21:37.643Z","2026-08-19","","","Manual Stock OUT entry for J082","0.25","","","kg","stk_82","Green Chilli (কাঁচা লঙ্কা)","J082","Kitchen / Counter","""2026-08-22T13:49:30.090Z""","""public"".""stock_out"""
"6a89a3143fb8c43ecce7c783","out_1787145732352_8yxd","","2026-08-19T13:22:12.352Z","2026-08-19","","","Manual Stock OUT entry for J083","3.3","","","kg","stk_83","Tomato (টমেটো)","J083","Kitchen / Counter","""2026-08-22T13:49:30.090Z""","""public"".""stock_out"""
"6a89a3143fb8c43ecce7c784","out_1787145758316_8w64","","2026-08-19T13:22:38.316Z","2026-08-19","","","Manual Stock OUT entry for J084","1.4","","","kg","stk_84","Cabbage (বাঁধাকপি)","J084","Kitchen / Counter","""2026-08-22T13:49:30.090Z""","""public"".""stock_out"""
"6a89a3143fb8c43ecce7c785","out_1787145787832_cygz","","2026-08-19T13:23:07.832Z","2026-08-19","","","Manual Stock OUT entry for J086","0.3","","","kg","stk_86","Dhania Pata (Coriander)","J086","Kitchen / Counter","""2026-08-22T13:49:30.090Z""","""public"".""stock_out"""
"6a89a3143fb8c43ecce7c786","out_1787145813518_9soi","","2026-08-19T13:23:33.518Z","2026-08-19","","","Manual Stock OUT entry for J088","0.8","","","kg","stk_88","Cucumber (শসা)","J088","Kitchen / Counter","""2026-08-22T13:49:30.090Z""","""public"".""stock_out"""
"6a89a3143fb8c43ecce7c787","out_1787145885080_p2o0","","2026-08-19T13:24:45.080Z","2026-08-19","","","Manual Stock OUT entry for J003","2","","","L","stk_3","Refined Oil (রেফাইন্ড অয়েল)","J003","Kitchen / Counter","""2026-08-22T13:49:30.090Z""","""public"".""stock_out"""
"6a89a3143fb8c43ecce7c788","out_1787146491578_dgpt","","2026-08-19T13:34:51.578Z","2026-08-19","","","Manual Stock OUT entry for J052","6","","","packet","stk_52","Egg (ডিম)","J052","Kitchen / Counter","""2026-08-22T13:49:30.090Z""","""public"".""stock_out"""
"6a89a3143fb8c43ecce7c789","out_1787156161133_r78h","","2026-08-19T16:16:01.133Z","2026-08-19","","","Workflow Adjustment","4000","","","g","stk_20","Dal (Pulses)","J020","Main Godown","""2026-08-22T13:49:30.090Z""","""public"".""stock_out"""
"6a89a3143fb8c43ecce7c78a","out_1787158759205_0t5x","","2026-08-19T16:59:19.205Z","2026-08-19","","","Workflow Adjustment","246","","","pcs","stk_104","1000ml Container","J104","Main Godown","""2026-08-22T13:49:30.090Z""","""public"".""stock_out"""
"6a89a3143fb8c43ecce7c78b","out_1787158895685_rcsj","","2026-08-19T17:01:35.685Z","2026-08-19","","","Manual Stock OUT entry for J002","2","","","packet","stk_2","Palm Oil (পাম অয়েল)","J002","Kitchen / Counter","""2026-08-22T13:49:30.090Z""","""public"".""stock_out"""
"6a89a3143fb8c43ecce7c78c","out_1787158916277_u83x","","2026-08-19T17:01:56.277Z","2026-08-19","","","Manual Stock OUT entry for J054","1","","","packet","stk_54","Milk (দুধ)","J054","Kitchen / Counter","""2026-08-22T13:49:30.090Z""","""public"".""stock_out"""
"6a89a3143fb8c43ecce7c78d","out_1787159244908_5ak0","","2026-08-19T17:07:24.908Z","2026-08-19","","","Manual Stock OUT entry for J054","2","","","packet","stk_54","Milk (দুধ)","J054","Kitchen / Counter","""2026-08-22T13:49:30.090Z""","""public"".""stock_out"""
"6a89a3143fb8c43ecce7c78e","out_1787238836082_iu8i","","2026-08-20T15:13:56.082Z","2026-08-20","","","Manual Stock OUT entry for J001","1","","","packet","stk_1","Rice (রাইস)","J001","Kitchen / Counter","""2026-08-22T13:49:30.090Z""","""public"".""stock_out"""
"6a89a3143fb8c43ecce7c78f","out_1787238850616_offn","","2026-08-20T15:14:10.616Z","2026-08-20","","","Manual Stock OUT entry for J002","5","","","packet","stk_2","Palm Oil (পাম অয়েল)","J002","Kitchen / Counter","""2026-08-22T13:49:30.090Z""","""public"".""stock_out"""
"6a89a3143fb8c43ecce7c790","out_1787238862970_vk8h","","2026-08-20T15:14:22.970Z","2026-08-20","","","Manual Stock OUT entry for J004","1","","","L","stk_4","Mustard Oil (মাস্টার অয়েল)","J004","Kitchen / Counter","""2026-08-22T13:49:30.090Z""","""public"".""stock_out"""
"6a89a3143fb8c43ecce7c791","out_1787238887017_1jf9","","2026-08-20T15:14:47.017Z","2026-08-20","","","Manual Stock OUT entry for J007","4","","","packet","stk_7","Chowmein Noodle (চাউমিন)","J007","Kitchen / Counter","""2026-08-22T13:49:30.090Z""","""public"".""stock_out"""
"6a89a3143fb8c43ecce7c792","out_1787238899894_l06q","","2026-08-20T15:14:59.894Z","2026-08-20","","","Manual Stock OUT entry for J008","1","","","packet","stk_8","Tomato Sauce (টমেটো sos)","J008","Kitchen / Counter","""2026-08-22T13:49:30.090Z""","""public"".""stock_out"""
"6a89a3143fb8c43ecce7c793","out_1787238921856_ecti","","2026-08-20T15:15:21.856Z","2026-08-20","","","Manual Stock OUT entry for J011","1","","","pcs","stk_11","Vinegar","J011","Kitchen / Counter","""2026-08-22T13:49:30.090Z""","""public"".""stock_out"""
"6a89a3143fb8c43ecce7c794","out_1787238940024_lbfw","","2026-08-20T15:15:40.024Z","2026-08-20","","","Manual Stock OUT entry for J012","1","","","kg","stk_12","Corn Flour","J012","Kitchen / Counter","""2026-08-22T13:49:30.090Z""","""public"".""stock_out"""
"6a89a3143fb8c43ecce7c795","out_1787238981568_h551","","2026-08-20T15:16:21.568Z","2026-08-20","","","Manual Stock OUT entry for J013","1","","","pcs","stk_13","Kasuri Methi","J013","Kitchen / Counter","""2026-08-22T13:49:30.090Z""","""public"".""stock_out"""
"6a89a3143fb8c43ecce7c796","out_1787238998634_qnm9","","2026-08-20T15:16:38.634Z","2026-08-20","","","Manual Stock OUT entry for J014","1","","","packet","stk_14","Chat Masala","J014","Kitchen / Counter","""2026-08-22T13:49:30.090Z""","""public"".""stock_out"""
"6a89a3143fb8c43ecce7c797","out_1787239017203_rxln","","2026-08-20T15:16:57.203Z","2026-08-20","","","Manual Stock OUT entry for J015","1","","","pcs","stk_15","Kashmiri Chilli Powder","J015","Kitchen / Counter","""2026-08-22T13:49:30.090Z""","""public"".""stock_out"""
"6a89a3143fb8c43ecce7c798","out_1787239045888_i621","","2026-08-20T15:17:25.888Z","2026-08-20","","","Manual Stock OUT entry for J017","5","","","packet","stk_17","Chilli Powder","J017","Kitchen / Counter","""2026-08-22T13:49:30.090Z""","""public"".""stock_out"""
"6a89a3153fb8c43ecce7c799","out_1787239083696_ka01","","2026-08-20T15:18:03.696Z","2026-08-20","","","Manual Stock OUT entry for J048","1","","","pcs","stk_48","Jaljeera Powder","J048","Kitchen / Counter","""2026-08-22T13:49:30.090Z""","""public"".""stock_out"""
"6a89a3153fb8c43ecce7c79a","out_1787241624546_0w65","","2026-08-20T16:00:24.547Z","2026-08-20","","","Manual Stock OUT entry for J053","1.1","","","kg","stk_53","Staff Rice","J053","Kitchen / Counter","""2026-08-22T13:49:30.090Z""","""public"".""stock_out"""
"6a89a3153fb8c43ecce7c79b","out_1787241641266_2y75","","2026-08-20T16:00:41.266Z","2026-08-20","","","Manual Stock OUT entry for J054","1","","","packet","stk_54","Milk (দুধ)","J054","Kitchen / Counter","""2026-08-22T13:49:30.090Z""","""public"".""stock_out"""
"6a89a3153fb8c43ecce7c79c","out_1787241657304_59y0","","2026-08-20T16:00:57.304Z","2026-08-20","","","Manual Stock OUT entry for J055","8","","","packet","stk_55","Dahi (দই / Curd)","J055","Kitchen / Counter","""2026-08-22T13:49:30.090Z""","""public"".""stock_out"""
"6a89a3153fb8c43ecce7c79d","out_1787241676186_uo59","","2026-08-20T16:01:16.186Z","2026-08-20","","","Manual Stock OUT entry for J057","1","","","packet","stk_57","Butter","J057","Kitchen / Counter","""2026-08-22T13:49:30.090Z""","""public"".""stock_out"""
"6a89a3153fb8c43ecce7c79e","out_1787241695640_akyw","","2026-08-20T16:01:35.640Z","2026-08-20","","","Manual Stock OUT entry for J058","1","","","packet","stk_58","Amul Fresh Cream","J058","Kitchen / Counter","""2026-08-22T13:49:30.090Z""","""public"".""stock_out"""
"6a89a3153fb8c43ecce7c79f","out_1787241815024_aj10","","2026-08-20T16:03:35.024Z","2026-08-20","","","Manual Stock OUT entry for J079","0.8","","","kg","stk_79","Capsicum","J079","Kitchen / Counter","""2026-08-22T13:49:30.090Z""","""public"".""stock_out"""
"6a89a3153fb8c43ecce7c7a0","out_1787241833937_8t22","","2026-08-20T16:03:53.937Z","2026-08-20","","","Manual Stock OUT entry for J080","0.6","","","kg","stk_80","Carrot","J080","Kitchen / Counter","""2026-08-22T13:49:30.090Z""","""public"".""stock_out"""
"6a89a3153fb8c43ecce7c7a1","out_1787241862889_vtip","","2026-08-20T16:04:22.889Z","2026-08-20","","","Manual Stock OUT entry for J084","1.5","","","kg","stk_84","Cabbage (বাঁধাকপি)","J084","Kitchen / Counter","""2026-08-22T13:49:30.090Z""","""public"".""stock_out"""
"6a89a3153fb8c43ecce7c7a2","out_1787241887536_a4b5","","2026-08-20T16:04:47.536Z","2026-08-20","","","Manual Stock OUT entry for J086","0.3","","","kg","stk_86","Dhania Pata (Coriander)","J086","Kitchen / Counter","""2026-08-22T13:49:30.090Z""","""public"".""stock_out"""
"6a89a3153fb8c43ecce7c7a3","out_1787241911648_nf57","","2026-08-20T16:05:11.648Z","2026-08-20","","","Manual Stock OUT entry for J088","0.8","","","kg","stk_88","Cucumber (শসা)","J088","Kitchen / Counter","""2026-08-22T13:49:30.090Z""","""public"".""stock_out"""
"6a89a3153fb8c43ecce7c7a4","out_1787241944528_a4y1","","2026-08-20T16:05:44.528Z","2026-08-20","","","Manual Stock OUT entry for J075","3","","","kg","stk_75","Potato (আলু)","J075","Kitchen / Counter","""2026-08-22T13:49:30.090Z""","""public"".""stock_out"""
"6a89a3153fb8c43ecce7c7a5","out_1787241982088_u0bw","","2026-08-20T16:06:22.088Z","2026-08-20","","","Manual Stock OUT entry for J076","2.5","","","kg","stk_76","Onion (পেঁয়াজ)","J076","Kitchen / Counter","""2026-08-22T13:49:30.090Z""","""public"".""stock_out"""
"6a89a3153fb8c43ecce7c7a6","out_1787242010288_8bzv","","2026-08-20T16:06:50.288Z","2026-08-20","","","Manual Stock OUT entry for J117","1","","","packet","stk_117","9x12 SP Pouch","J117","Kitchen / Counter","""2026-08-22T13:49:30.090Z""","""public"".""stock_out"""
"6a89a3153fb8c43ecce7c7a7","out_1787242030936_d9cd","","2026-08-20T16:07:10.936Z","2026-08-20","","","Manual Stock OUT entry for J112","1","","","packet","stk_112","13x16 Carry Bag","J112","Kitchen / Counter","""2026-08-22T13:49:30.090Z""","""public"".""stock_out"""
"6a89a3153fb8c43ecce7c7a8","out_1787242082547_fbtt","","2026-08-20T16:08:02.547Z","2026-08-20","","","Manual Stock OUT entry for J109","1","","","packet","stk_109","Raita Pouch","J109","Kitchen / Counter","""2026-08-22T13:49:30.090Z""","""public"".""stock_out"""
"6a89a3153fb8c43ecce7c7a9","out_1787242100592_zczm","","2026-08-20T16:08:20.592Z","2026-08-20","","","Manual Stock OUT entry for J110","1","","","packet","stk_110","Chatni Box","J110","Kitchen / Counter","""2026-08-22T13:49:30.090Z""","""public"".""stock_out"""
"6a89a3153fb8c43ecce7c7aa","out_1787242299568_4lgr","","2026-08-20T16:11:39.568Z","2026-08-20","","","Manual Stock OUT entry for J106","1","","","pcs","stk_106","750ml Container","J106","Kitchen / Counter","""2026-08-22T13:49:30.090Z""","""public"".""stock_out"""
"6a89a3153fb8c43ecce7c7ab","out_1787242390794_ldeb","","2026-08-20T16:13:10.794Z","2026-08-20","","","Manual Stock OUT entry for J067","24","","","pcs","stk_67","Bisleri Water 500ml","J067","Kitchen / Counter","""2026-08-22T13:49:30.090Z""","""public"".""stock_out"""
"6a89a3153fb8c43ecce7c7ac","out_1787242408169_xyrd","","2026-08-20T16:13:28.169Z","2026-08-20","","","Manual Stock OUT entry for J064","36","","","pcs","stk_64","Bisleri Water 1L","J064","Kitchen / Counter","""2026-08-22T13:49:30.090Z""","""public"".""stock_out"""
"6a89a3153fb8c43ecce7c7ad","out_1787244650385_ek9a","","2026-08-20T16:50:50.385Z","2026-08-20","","","Manual Stock OUT entry for J055","1","","","packet","stk_55","Dahi (দই / Curd)","J055","Kitchen / Counter","""2026-08-22T13:49:30.090Z""","""public"".""stock_out"""
"6a89a3153fb8c43ecce7c7ae","out_1787246577586_xphf","","2026-08-20T17:22:57.586Z","2026-08-20","","","Manual Stock OUT entry for J080","0.4","","","kg","stk_80","Carrot","J080","Kitchen / Counter","""2026-08-22T13:49:30.090Z""","""public"".""stock_out"""
"6a89a3153fb8c43ecce7c7af","out_1787246595364_er7p","","2026-08-20T17:23:15.364Z","2026-08-20","","","Manual Stock OUT entry for J088","0.2","","","kg","stk_88","Cucumber (শসা)","J088","Kitchen / Counter","""2026-08-22T13:49:30.090Z""","""public"".""stock_out"""
"6a89a3153fb8c43ecce7c7b0","out_1787327268384_3vqz","","2026-08-21T15:47:48.384Z","2026-08-21","","","Workflow Adjustment","1","","","packet","stk_8","Tomato Sauce (টমেটো sos)","J008","Main Godown","""2026-08-22T13:49:30.090Z""","""public"".""stock_out"""
"6a89a3153fb8c43ecce7c7b1","out_1787327534426_1j9s","","2026-08-21T15:52:14.426Z","2026-08-21","","","Workflow Adjustment","85","","","pcs","stk_13","Kasuri Methi","J013","Main Godown","""2026-08-22T13:49:30.090Z""","""public"".""stock_out"""
"6a89a3153fb8c43ecce7c7b2","out_1787327672843_csyz","","2026-08-21T15:54:32.843Z","2026-08-21","","","Workflow Adjustment","20","","","packet","stk_17","Chilli Powder","J017","Main Godown","""2026-08-22T13:49:30.090Z""","""public"".""stock_out"""
"6a89a3153fb8c43ecce7c7b3","out_1787327704254_dmdq","","2026-08-21T15:55:04.254Z","2026-08-21","","","Workflow Adjustment","3","","","packet","stk_18","Haldi (Turmeric Powder)","J018","Main Godown","""2026-08-22T13:49:30.090Z""","""public"".""stock_out"""
"6a89a3153fb8c43ecce7c7b4","out_1787327869606_klbo","","2026-08-21T15:57:49.606Z","2026-08-21","","","Workflow Adjustment","1149.7","","","g","stk_19","Jeera (Cumin Seeds)","J019","Main Godown","""2026-08-22T13:49:30.090Z""","""public"".""stock_out"""
"6a89a3153fb8c43ecce7c7b5","out_1787328796240_qwhh","","2026-08-21T16:13:16.240Z","2026-08-21","","","Workflow Adjustment","1","","","kg","stk_49","Black Salt (Bit Nun)","J049","Main Godown","""2026-08-22T13:49:30.090Z""","""public"".""stock_out"""
"6a89a3153fb8c43ecce7c7b6","out_1787328923676_jbvs","","2026-08-21T16:15:23.676Z","2026-08-21","","","Workflow Adjustment","218.6","","","g","stk_33","Mogoz (Melon Seeds)","J033","Main Godown","""2026-08-22T13:49:30.090Z""","""public"".""stock_out"""
"6a89a3153fb8c43ecce7c7b7","out_1787329093252_6oel","","2026-08-21T16:18:13.252Z","2026-08-21","","","Workflow Adjustment","2497.8","","","g","stk_21","Kabuli Chana","J021","Main Godown","""2026-08-22T13:49:30.090Z""","""public"".""stock_out"""
"6a89a3153fb8c43ecce7c7b8","out_1787329127982_7dbx","","2026-08-21T16:18:47.982Z","2026-08-21","","","Workflow Adjustment","2","","","packet","stk_31","Dalda / Vanaspati","J031","Main Godown","""2026-08-22T13:49:30.090Z""","""public"".""stock_out"""
"6a89a3153fb8c43ecce7c7b9","out_1787329260245_h9a7","","2026-08-21T16:21:00.245Z","2026-08-21","","","Workflow Adjustment","449.7","","","g","stk_34","Elachi (Cardamom)","J034","Main Godown","""2026-08-22T13:49:30.090Z""","""public"".""stock_out"""
"6a89a3153fb8c43ecce7c7ba","out_1787329328210_ro0b","","2026-08-21T16:22:08.210Z","2026-08-21","","","Workflow Adjustment","319.67","","","g","stk_38","Starful (Star Anise)","J038","Main Godown","""2026-08-22T13:49:30.090Z""","""public"".""stock_out"""
"6a89a3153fb8c43ecce7c7bb","out_1787329493693_552i","","2026-08-21T16:24:53.693Z","2026-08-21","","","Workflow Adjustment","49.9","","","g","stk_39","Rose Petals","J039","Main Godown","""2026-08-22T13:49:30.090Z""","""public"".""stock_out"""
"6a89a3153fb8c43ecce7c7bc","out_1787329723311_ae9w","","2026-08-21T16:28:43.311Z","2026-08-21","","","Workflow Adjustment","1","","","packet","stk_40","Shahi Jeera","J040","Main Godown","""2026-08-22T13:49:30.090Z""","""public"".""stock_out"""
"6a89a3153fb8c43ecce7c7bd","out_1787329772222_7u3u","","2026-08-21T16:29:32.222Z","2026-08-21","","","Workflow Adjustment","39.9","","","g","stk_35","Long (Cloves)","J035","Main Godown","""2026-08-22T13:49:30.090Z""","""public"".""stock_out"""
"6a89a3153fb8c43ecce7c7be","out_1787329889159_1nxa","","2026-08-21T16:31:29.159Z","2026-08-21","","","Workflow Adjustment","149.85","","","g","stk_36","Jaitri (Mace)","J036","Main Godown","""2026-08-22T13:49:30.090Z""","""public"".""stock_out"""
"6a89a3153fb8c43ecce7c7bf","out_1787329963807_pwcz","","2026-08-21T16:32:43.807Z","2026-08-21","","","Workflow Adjustment","1694.35","","","g","stk_27","Dry Chilli","J027","Main Godown","""2026-08-22T13:49:30.090Z""","""public"".""stock_out"""
"6a89a3153fb8c43ecce7c7c0","out_1787330070760_j4xc","","2026-08-21T16:34:30.760Z","2026-08-21","","","Workflow Adjustment","1","","","box","stk_26","Green Food Color","J026","Main Godown","""2026-08-22T13:49:30.090Z""","""public"".""stock_out"""
"6a89a3153fb8c43ecce7c7c1","out_1787330112234_n0h6","","2026-08-21T16:35:12.234Z","2026-08-21","","","Workflow Adjustment","899.45","","","g","stk_41","Black Pepper (Gol Morich)","J041","Main Godown","""2026-08-22T13:49:30.090Z""","""public"".""stock_out"""
"6a89a3153fb8c43ecce7c7c2","out_1787330361043_txi5","","2026-08-21T16:39:21.043Z","2026-08-21","","","Workflow Adjustment","14","","","pcs","stk_60","Campa White 100ml","J060","Main Godown","""2026-08-22T13:49:30.090Z""","""public"".""stock_out"""
"6a89a3153fb8c43ecce7c7c3","out_1787330524520_oaa6","","2026-08-21T16:42:04.520Z","2026-08-21","","","Workflow Adjustment","47","","","pcs","stk_62","Campa White 500ml","J062","Main Godown","""2026-08-22T13:49:30.090Z""","""public"".""stock_out"""
"6a89a3153fb8c43ecce7c7c4","out_1787330787208_1u31","","2026-08-21T16:46:27.208Z","2026-08-21","","","Workflow Adjustment","22","","","pcs","stk_1785945290174","CAMPA JEERA","J138","Main Godown","""2026-08-22T13:49:30.090Z""","""public"".""stock_out"""
"6a89a3153fb8c43ecce7c7c5","out_1787330832795_hps8","","2026-08-21T16:47:12.795Z","2026-08-21","","","Manual Stock OUT entry for J002","7","","","packet","stk_2","Palm Oil (পাম অয়েল)","J002","Kitchen / Counter","""2026-08-22T13:49:30.090Z""","""public"".""stock_out"""
"6a89a3153fb8c43ecce7c7c6","out_1787330852115_ika5","","2026-08-21T16:47:32.115Z","2026-08-21","","","Manual Stock OUT entry for J005","3","","","kg","stk_5","Maida (মাইদা)","J005","Kitchen / Counter","""2026-08-22T13:49:30.090Z""","""public"".""stock_out"""
"6a89a3153fb8c43ecce7c7c7","out_1787330871416_4wkw","","2026-08-21T16:47:51.416Z","2026-08-21","","","Manual Stock OUT entry for J008","1","","","packet","stk_8","Tomato Sauce (টমেটো sos)","J008","Kitchen / Counter","""2026-08-22T13:49:30.090Z""","""public"".""stock_out"""
"6a89a3153fb8c43ecce7c7c8","out_1787330888793_gooh","","2026-08-21T16:48:08.793Z","2026-08-21","","","Manual Stock OUT entry for J013","1","","","pcs","stk_13","Kasuri Methi","J013","Kitchen / Counter","""2026-08-22T13:49:30.090Z""","""public"".""stock_out"""
"6a89a3153fb8c43ecce7c7c9","out_1787330901748_45ur","","2026-08-21T16:48:21.748Z","2026-08-21","","","Manual Stock OUT entry for J014","1","","","packet","stk_14","Chat Masala","J014","Kitchen / Counter","""2026-08-22T13:49:30.090Z""","""public"".""stock_out"""
"6a89a3153fb8c43ecce7c7ca","out_1787330929080_rnee","","2026-08-21T16:48:49.080Z","2026-08-21","","","Manual Stock OUT entry for J017","5","","","packet","stk_17","Chilli Powder","J017","Kitchen / Counter","""2026-08-22T13:49:30.090Z""","""public"".""stock_out"""
"6a89a3153fb8c43ecce7c7cb","out_1787330950455_1e3a","","2026-08-21T16:49:10.455Z","2026-08-21","","","Manual Stock OUT entry for J019","200","","","g","stk_19","Jeera (Cumin Seeds)","J019","Kitchen / Counter","""2026-08-22T13:49:30.090Z""","""public"".""stock_out"""
"6a89a3153fb8c43ecce7c7cc","out_1787330964831_lpwt","","2026-08-21T16:49:24.831Z","2026-08-21","","","Manual Stock OUT entry for J021","500","","","g","stk_21","Kabuli Chana","J021","Kitchen / Counter","""2026-08-22T13:49:30.090Z""","""public"".""stock_out"""
"6a89a3153fb8c43ecce7c7cd","out_1787331015430_19pk","","2026-08-21T16:50:15.430Z","2026-08-21","","","Manual Stock OUT entry for J034","70","","","g","stk_34","Elachi (Cardamom)","J034","Kitchen / Counter","""2026-08-22T13:49:30.090Z""","""public"".""stock_out"""
"6a89a3153fb8c43ecce7c7ce","out_1787331050366_du4m","","2026-08-21T16:50:50.366Z","2026-08-21","","","Manual Stock OUT entry for J036","70","","","g","stk_36","Jaitri (Mace)","J036","Kitchen / Counter","""2026-08-22T13:49:30.090Z""","""public"".""stock_out"""
"6a89a3153fb8c43ecce7c7cf","out_1787331066404_atiy","","2026-08-21T16:51:06.404Z","2026-08-21","","","Manual Stock OUT entry for J038","70","","","g","stk_38","Starful (Star Anise)","J038","Kitchen / Counter","""2026-08-22T13:49:30.090Z""","""public"".""stock_out"""
"6a89a3153fb8c43ecce7c7d0","out_1787331085150_cx4t","","2026-08-21T16:51:25.150Z","2026-08-21","","","Manual Stock OUT entry for J039","50","","","g","stk_39","Rose Petals","J039","Kitchen / Counter","""2026-08-22T13:49:30.090Z""","""public"".""stock_out"""
"6a89a3153fb8c43ecce7c7d1","out_1787331141019_ye1w","","2026-08-21T16:52:21.019Z","2026-08-21","","","Manual Stock OUT entry for J019","200","","","g","stk_19","Jeera (Cumin Seeds)","J019","Kitchen / Counter","""2026-08-22T13:49:30.090Z""","""public"".""stock_out"""
"6a89a3153fb8c43ecce7c7d2","out_1787331167389_5pbi","","2026-08-21T16:52:47.389Z","2026-08-21","","","Manual Stock OUT entry for J052","3","","","packet","stk_52","Egg (ডিম)","J052","Kitchen / Counter","""2026-08-22T13:49:30.090Z""","""public"".""stock_out"""
"6a89a3153fb8c43ecce7c7d3","out_1787331205841_qvnk","","2026-08-21T16:53:25.841Z","2026-08-21","","","Manual Stock OUT entry for J052","5","","","packet","stk_52","Egg (ডিম)","J052","Kitchen / Counter","""2026-08-22T13:49:30.090Z""","""public"".""stock_out"""
"6a89a3153fb8c43ecce7c7d4","out_1787331225980_0xpc","","2026-08-21T16:53:45.980Z","2026-08-21","","","Manual Stock OUT entry for J054","2","","","packet","stk_54","Milk (দুধ)","J054","Kitchen / Counter","""2026-08-22T13:49:30.090Z""","""public"".""stock_out"""
"6a89a3153fb8c43ecce7c7d5","out_1787331245773_7ytl","","2026-08-21T16:54:05.773Z","2026-08-21","","","Manual Stock OUT entry for J055","3","","","packet","stk_55","Dahi (দই / Curd)","J055","Kitchen / Counter","""2026-08-22T13:49:30.090Z""","""public"".""stock_out"""
"6a89a3153fb8c43ecce7c7d6","out_1787331259081_cy8o","","2026-08-21T16:54:19.081Z","2026-08-21","","","Manual Stock OUT entry for J057","1","","","packet","stk_57","Butter","J057","Kitchen / Counter","""2026-08-22T13:49:30.090Z""","""public"".""stock_out"""
"6a89a3153fb8c43ecce7c7d7","out_1787331282804_si32","","2026-08-21T16:54:42.804Z","2026-08-21","","","Manual Stock OUT entry for J075","3","","","kg","stk_75","Potato (আলু)","J075","Kitchen / Counter","""2026-08-22T13:49:30.090Z""","""public"".""stock_out"""
"6a89a3153fb8c43ecce7c7d8","out_1787331295979_ioal","","2026-08-21T16:54:55.979Z","2026-08-21","","","Manual Stock OUT entry for J076","5","","","kg","stk_76","Onion (পেঁয়াজ)","J076","Kitchen / Counter","""2026-08-22T13:49:30.090Z""","""public"".""stock_out"""
"6a89a3153fb8c43ecce7c7d9","out_1787331331627_cg4w","","2026-08-21T16:55:31.627Z","2026-08-21","","","Manual Stock OUT entry for J079","0.8","","","kg","stk_79","Capsicum","J079","Kitchen / Counter","""2026-08-22T13:49:30.090Z""","""public"".""stock_out"""
"6a89a3153fb8c43ecce7c7da","out_1787331400702_5gu1","","2026-08-21T16:56:40.702Z","2026-08-21","","","Manual Stock OUT entry for J080","0.5","","","kg","stk_80","Carrot","J080","Kitchen / Counter","""2026-08-22T13:49:30.090Z""","""public"".""stock_out"""
"6a89a3153fb8c43ecce7c7db","out_1787331417708_xxfn","","2026-08-21T16:56:57.708Z","2026-08-21","","","Manual Stock OUT entry for J083","0.8","","","kg","stk_83","Tomato (টমেটো)","J083","Kitchen / Counter","""2026-08-22T13:49:30.090Z""","""public"".""stock_out"""
"6a89a3153fb8c43ecce7c7dc","out_1787331450507_c1mr","","2026-08-21T16:57:30.507Z","2026-08-21","","","Manual Stock OUT entry for J084","0.8","","","kg","stk_84","Cabbage (বাঁধাকপি)","J084","Kitchen / Counter","""2026-08-22T13:49:30.090Z""","""public"".""stock_out"""
"6a89a3153fb8c43ecce7c7dd","out_1787331518450_83f3","","2026-08-21T16:58:38.450Z","2026-08-21","","","Manual Stock OUT entry for J086","0.4","","","kg","stk_86","Dhania Pata (Coriander)","J086","Kitchen / Counter","""2026-08-22T13:49:30.090Z""","""public"".""stock_out"""
"6a89a3153fb8c43ecce7c7de","out_1787331542375_5pka","","2026-08-21T16:59:02.375Z","2026-08-21","","","Manual Stock OUT entry for J088","0.8","","","kg","stk_88","Cucumber (শসা)","J088","Kitchen / Counter","""2026-08-22T13:49:30.090Z""","""public"".""stock_out"""
"6a89a3153fb8c43ecce7c7df","out_1787331730815_ds8h","","2026-08-21T17:02:10.815Z","2026-08-21","","","Workflow Adjustment","4702.8","","","g","stk_29","Sugar","J029","Main Godown","""2026-08-22T13:49:30.090Z""","""public"".""stock_out"""
"6a89a3153fb8c43ecce7c7e0","out_1787332021999_pmcu","","2026-08-21T17:07:01.999Z","2026-08-21","","","Workflow Adjustment","358","","","pcs","stk_47","Kissan Tomato Sauce Pouch","J047","Main Godown","""2026-08-22T13:49:30.090Z""","""public"".""stock_out"""
"6a89a3153fb8c43ecce7c7e1","out_1787332047709_um6k","","2026-08-21T17:07:27.709Z","2026-08-21","","","Workflow Adjustment","49","","","pcs","stk_48","Jaljeera Powder","J048","Main Godown","""2026-08-22T13:49:30.090Z""","""public"".""stock_out"""
"6a89a3153fb8c43ecce7c7e2","out_1787334372790_mf0o","","2026-08-21T17:46:12.790Z","2026-08-21","","","Manual Stock OUT entry for J071","2","","","pcs","stk_71","Thums Up 500ml","J071","Kitchen / Counter","""2026-08-22T13:49:30.090Z""","""public"".""stock_out"""
"6a89a3153fb8c43ecce7c7e3","out_1787334400815_ml86","","2026-08-21T17:46:40.815Z","2026-08-21","","","Manual Stock OUT entry for J064","15","","","pcs","stk_64","Bisleri Water 1L","J064","Kitchen / Counter","""2026-08-22T13:49:30.090Z""","""public"".""stock_out"""
"6a89a3153fb8c43ecce7c7e4","out_1787334422145_eiki","","2026-08-21T17:47:02.145Z","2026-08-21","","","Manual Stock OUT entry for J067","2","","","pcs","stk_67","Bisleri Water 500ml","J067","Kitchen / Counter","""2026-08-22T13:49:30.090Z""","""public"".""stock_out"""
"6a89a3153fb8c43ecce7c7e5","out_1787374983140_xew5","","2026-08-22T05:03:03.140Z","2026-08-22","","","Workflow Adjustment","6","","","kg","stk_79","Capsicum","J079","Main Godown","""2026-08-22T13:49:30.090Z""","""public"".""stock_out"""