_id,id,created_at,date,details,name,qty,sku,type,unit,user,action,_migrated_at,_migrated_from,item_id,item_name,quantity,balance_after,reference_id,order_id
"6a89a2773fb8c43ecce7c10c","log_1785845755417_3f97","2026-08-04T14:28:30.194Z","2026-08-22T13:23:18.488Z","'+1 packet | Manual IN entry recorded for J059","","0","","IN","pcs","Admin","Cheese Block / Slice (Stock IN (+))","""2026-08-22T13:49:26.963Z""","""public"".""stock_logs""","","","","","",""
"6a89a2773fb8c43ecce7c10d","log_1785845731929_iwbm","2026-08-04T14:28:30.194Z","2026-08-22T13:23:18.490Z","'+5 packet | Manual IN entry recorded for J058","","0","","IN","pcs","Admin","Amul Fresh Cream (Stock IN (+))","""2026-08-22T13:49:26.963Z""","""public"".""stock_logs""","","","","","",""
"6a89a2773fb8c43ecce7c10e","log_1785845699344_18y7","2026-08-04T14:28:30.194Z","2026-08-22T13:23:18.490Z","'+1 packet | Manual IN entry recorded for J057","","0","","IN","pcs","Admin","Butter (Stock IN (+))","""2026-08-22T13:49:26.963Z""","""public"".""stock_logs""","","","","","",""
"6a89a2773fb8c43ecce7c10f","log_1785845685902_cy0h","2026-08-04T14:28:30.194Z","2026-08-22T13:23:18.490Z","'+150 g | Manual IN entry recorded for J056","","0","","IN","pcs","Admin","Paneer (পনির) (Stock IN (+))","""2026-08-22T13:49:26.963Z""","""public"".""stock_logs""","","","","","",""
"6a89a2773fb8c43ecce7c110","log_1785845669492_qqmd","2026-08-04T14:28:30.194Z","2026-08-22T13:23:18.490Z","'+4 kg | Manual IN entry recorded for J055","","0","","IN","pcs","Admin","Dahi (দই / Curd) (Stock IN (+))","""2026-08-22T13:49:26.963Z""","""public"".""stock_logs""","","","","","",""
"6a89a2773fb8c43ecce7c111","log_1785845657305_06wc","2026-08-04T14:28:30.194Z","2026-08-22T13:23:18.490Z","'+2 packet | Manual IN entry recorded for J054","","0","","IN","pcs","Admin","Milk (দুধ) (Stock IN (+))","""2026-08-22T13:49:26.963Z""","""public"".""stock_logs""","","","","","",""
"6a89a2773fb8c43ecce7c112","log_1785845221844_pica","2026-08-04T14:28:30.194Z","2026-08-22T13:23:18.490Z","'+1500 g | Manual IN entry recorded for J051","","0","","IN","pcs","Admin","Dhania (Coriander Seeds) (Stock IN (+))","""2026-08-22T13:49:26.963Z""","""public"".""stock_logs""","","","","","",""
"6a89a2773fb8c43ecce7c113","log_1785845191165_93ls","2026-08-04T14:28:30.194Z","2026-08-22T13:23:18.490Z","'+25 pcs | Manual IN entry recorded for J050","","0","","IN","pcs","Admin","Regular Salt (Stock IN (+))","""2026-08-22T13:49:26.963Z""","""public"".""stock_logs""","","","","","",""
"6a89a2773fb8c43ecce7c114","log_1785845173524_awr6","2026-08-04T14:28:30.194Z","2026-08-22T13:23:18.490Z","'+2 kg | Manual IN entry recorded for J049","","0","","IN","pcs","Admin","Black Salt (Bit Nun) (Stock IN (+))","""2026-08-22T13:49:26.963Z""","""public"".""stock_logs""","","","","","",""
"6a89a2783fb8c43ecce7c115","log_1785845127594_rpt6","2026-08-04T14:28:30.194Z","2026-08-22T13:23:18.490Z","'+30 packet | Manual IN entry recorded for J046","","0","","IN","pcs","Admin","Papad (Stock IN (+))","""2026-08-22T13:49:26.963Z""","""public"".""stock_logs""","","","","","",""
"6a89a2783fb8c43ecce7c116","log_1785845084518_v5f6","2026-08-04T14:28:30.194Z","2026-08-22T13:23:18.490Z","'+3 box | Manual IN entry recorded for J044","","0","","IN","pcs","Admin","Mushroom (Stock IN (+))","""2026-08-22T13:49:26.963Z""","""public"".""stock_logs""","","","","","",""
"6a89a2783fb8c43ecce7c117","log_1785845062330_gcrz","2026-08-04T14:28:30.194Z","2026-08-22T13:23:18.490Z","'+1 box | Manual IN entry recorded for J043","","0","","IN","pcs","Admin","Baking Powder (Stock IN (+))","""2026-08-22T13:49:26.963Z""","""public"".""stock_logs""","","","","","",""
"6a89a2783fb8c43ecce7c118","log_1785845034211_ltmj","2026-08-04T14:28:30.194Z","2026-08-22T13:23:18.490Z","'+3 box | Manual IN entry recorded for J042","","0","","IN","pcs","Admin","Pure Ghee (Stock IN (+))","""2026-08-22T13:49:26.963Z""","""public"".""stock_logs""","","","","","",""
"6a89a2783fb8c43ecce7c119","log_1785844998678_4wla","2026-08-04T14:28:30.194Z","2026-08-22T13:23:18.490Z","'+900 g | Manual IN entry recorded for J041","","0","","IN","pcs","Admin","Black Pepper (Gol Morich) (Stock IN (+))","""2026-08-22T13:49:26.963Z""","""public"".""stock_logs""","","","","","",""
"6a89a2783fb8c43ecce7c11a","log_1785844966954_6c0t","2026-08-04T14:28:30.194Z","2026-08-22T13:23:18.490Z","'+5 packet | Manual IN entry recorded for J040","","0","","IN","pcs","Admin","Shahi Jeera (Stock IN (+))","""2026-08-22T13:49:26.963Z""","""public"".""stock_logs""","","","","","",""
"6a89a2783fb8c43ecce7c11b","log_1785844940453_gf20","2026-08-04T14:28:30.194Z","2026-08-22T13:23:18.490Z","'+450 g | Manual IN entry recorded for J039","","0","","IN","pcs","Admin","Rose Petals (Stock IN (+))","""2026-08-22T13:49:26.963Z""","""public"".""stock_logs""","","","","","",""
"6a89a2783fb8c43ecce7c11c","log_1785844920058_7wzv","2026-08-04T14:28:30.194Z","2026-08-22T13:23:18.490Z","'+500 g | Manual IN entry recorded for J038","","0","","IN","pcs","Admin","Starful (Star Anise) (Stock IN (+))","""2026-08-22T13:49:26.963Z""","""public"".""stock_logs""","","","","","",""
"6a89a2783fb8c43ecce7c11d","log_1785844885876_4ani","2026-08-04T14:28:30.195Z","2026-08-22T13:23:18.490Z","'+500 g | Manual IN entry recorded for J037","","0","","IN","pcs","Admin","Dalchini (Cinnamon) (Stock IN (+))","""2026-08-22T13:49:26.963Z""","""public"".""stock_logs""","","","","","",""
"6a89a2c63fb8c43ecce7c11e","log_1785844872279_pj32","2026-08-04T14:28:30.195Z","2026-08-22T13:23:18.490Z","'+450 g | Manual IN entry recorded for J036","","0","","IN","pcs","Admin","Jaitri (Mace) (Stock IN (+))","""2026-08-22T13:49:26.963Z""","""public"".""stock_logs""","","","","","",""
"6a89a2c63fb8c43ecce7c11f","log_1785844795994_n03j","2026-08-04T14:28:30.195Z","2026-08-22T13:23:18.490Z","'+300 g | Manual IN entry recorded for J035","","0","","IN","pcs","Admin","Long (Cloves) (Stock IN (+))","""2026-08-22T13:49:26.963Z""","""public"".""stock_logs""","","","","","",""
"6a89a2c63fb8c43ecce7c120","log_1785844775201_7e6c","2026-08-04T14:28:30.195Z","2026-08-22T13:23:18.490Z","'+700 g | Manual IN entry recorded for J034","","0","","IN","pcs","Admin","Elachi (Cardamom) (Stock IN (+))","""2026-08-22T13:49:26.963Z""","""public"".""stock_logs""","","","","","",""
"6a89a2c63fb8c43ecce7c121","log_1785844745178_3273","2026-08-04T14:28:30.195Z","2026-08-22T13:23:18.490Z","'+500 g | Manual IN entry recorded for J033","","0","","IN","pcs","Admin","Mogoz (Melon Seeds) (Stock IN (+))","""2026-08-22T13:49:26.963Z""","""public"".""stock_logs""","","","","","",""
"6a89a2c63fb8c43ecce7c122","log_1785844649450_syjn","2026-08-04T14:28:30.195Z","2026-08-22T13:23:18.490Z","'+2000 g | Manual IN entry recorded for J032","","0","","IN","pcs","Admin","Kaju (Cashew Nuts) (Stock IN (+))","""2026-08-22T13:49:26.963Z""","""public"".""stock_logs""","","","","","",""
"6a89a2c63fb8c43ecce7c123","log_1785844583161_am7p","2026-08-04T14:28:30.195Z","2026-08-22T13:23:18.490Z","'+12 packet | Manual IN entry recorded for J031","","0","","IN","pcs","Admin","Dalda / Vanaspati (Stock IN (+))","""2026-08-22T13:49:26.963Z""","""public"".""stock_logs""","","","","","",""
"6a89a2c63fb8c43ecce7c124","log_1785843486631_gqi1","2026-08-04T14:28:30.195Z","2026-08-22T13:23:18.490Z","'+10 packet | Manual IN entry recorded for J030","","0","","IN","pcs","Admin","Posto (Poppy Seeds) (Stock IN (+))","""2026-08-22T13:49:26.963Z""","""public"".""stock_logs""","","","","","",""
"6a89a2c63fb8c43ecce7c125","log_1785843212708_9m3r","2026-08-04T14:28:30.195Z","2026-08-22T13:23:18.490Z","'+7 g | Manual IN entry recorded for J029","","0","","IN","pcs","Admin","Sugar (Stock IN (+))","""2026-08-22T13:49:26.963Z""","""public"".""stock_logs""","","","","","",""
"6a89a2c63fb8c43ecce7c126","log_1785842966840_f1kg","2026-08-04T14:28:30.195Z","2026-08-22T13:23:18.490Z","'+1000 g | Manual IN entry recorded for J028","","0","","IN","pcs","Admin","Mouri (Fennel Seeds) (Stock IN (+))","""2026-08-22T13:49:26.963Z""","""public"".""stock_logs""","","","","","",""
"6a89a2c63fb8c43ecce7c127","log_1785842919808_4rid","2026-08-04T14:28:30.195Z","2026-08-22T13:23:18.490Z","'+2 box | Manual IN entry recorded for J026","","0","","IN","pcs","Admin","Green Food Color (Stock IN (+))","""2026-08-22T13:49:26.963Z""","""public"".""stock_logs""","","","","","",""
"6a89a2c63fb8c43ecce7c128","log_1785842905037_0apr","2026-08-04T14:28:30.195Z","2026-08-22T13:23:18.490Z","'+2 box | Manual IN entry recorded for J025","","0","","IN","pcs","Admin","Yellow Food Color (Stock IN (+))","""2026-08-22T13:49:26.963Z""","""public"".""stock_logs""","","","","","",""
"6a89a2c63fb8c43ecce7c129","log_1785842872337_onpi","2026-08-04T14:28:30.195Z","2026-08-22T13:23:18.490Z","'+4 box | Manual IN entry recorded for J024","","0","","IN","pcs","Admin","Red Food Color (Stock IN (+))","""2026-08-22T13:49:26.963Z""","""public"".""stock_logs""","","","","","",""
"6a89a2c63fb8c43ecce7c12a","log_1785842843594_98ll","2026-08-04T14:28:30.195Z","2026-08-22T13:23:18.490Z","'+6 pcs | Manual IN entry recorded for J023","","0","","IN","pcs","Admin","Attar / Essence (Stock IN (+))","""2026-08-22T13:49:26.963Z""","""public"".""stock_logs""","","","","","",""
"6a89a2c63fb8c43ecce7c12b","log_1785842820150_o9j3","2026-08-04T14:28:30.195Z","2026-08-22T13:23:18.490Z","'+2000 g | Manual IN entry recorded for J022","","0","","IN","pcs","Admin","Mix Dal (Stock IN (+))","""2026-08-22T13:49:26.963Z""","""public"".""stock_logs""","","","","","",""
"6a89a2c63fb8c43ecce7c12c","log_1785842804998_odjh","2026-08-04T14:28:30.195Z","2026-08-22T13:23:18.490Z","'+3000 g | Manual IN entry recorded for J021","","0","","IN","pcs","Admin","Kabuli Chana (Stock IN (+))","""2026-08-22T13:49:26.963Z""","""public"".""stock_logs""","","","","","",""
"6a89a2c63fb8c43ecce7c12d","log_1785842787190_8c4w","2026-08-04T14:28:30.195Z","2026-08-22T13:23:18.490Z","'+2000 g | Manual IN entry recorded for J020","","0","","IN","pcs","Admin","Dal (Pulses) (Stock IN (+))","""2026-08-22T13:49:26.963Z""","""public"".""stock_logs""","","","","","",""
"6a89a2c63fb8c43ecce7c12e","log_1785842773942_w8pe","2026-08-04T14:28:30.195Z","2026-08-22T13:23:18.490Z","'+3000 g | Manual IN entry recorded for J019","","0","","IN","pcs","Admin","Jeera (Cumin Seeds) (Stock IN (+))","""2026-08-22T13:49:26.963Z""","""public"".""stock_logs""","","","","","",""
"6a89a2c63fb8c43ecce7c12f","log_1785842696627_h81s","2026-08-04T14:28:30.195Z","2026-08-22T13:23:18.490Z","'+50 packet | Manual IN entry recorded for J018","","0","","IN","pcs","Admin","Haldi (Turmeric Powder) (Stock IN (+))","""2026-08-22T13:49:26.963Z""","""public"".""stock_logs""","","","","","",""
"6a89a2c63fb8c43ecce7c130","log_1785842648371_ixb4","2026-08-04T14:28:30.195Z","2026-08-22T13:23:18.490Z","'+80 packet | Manual IN entry recorded for J017","","0","","IN","pcs","Admin","Chilli Powder (Stock IN (+))","""2026-08-22T13:49:26.963Z""","""public"".""stock_logs""","","","","","",""
"6a89a2c63fb8c43ecce7c131","log_1785842610506_emlb","2026-08-04T14:28:30.195Z","2026-08-22T13:23:18.490Z","'+7 kg | Manual IN entry recorded for J016","","0","","IN","pcs","Admin","Ajinomoto (Ajina) (Stock IN (+))","""2026-08-22T13:49:26.963Z""","""public"".""stock_logs""","","","","","",""
"6a89a2c63fb8c43ecce7c132","log_1785842596193_ugvh","2026-08-04T14:28:30.195Z","2026-08-22T13:23:18.490Z","'+10 pcs | Manual IN entry recorded for J015","","0","","IN","pcs","Admin","Kashmiri Chilli Powder (Stock IN (+))","""2026-08-22T13:49:26.963Z""","""public"".""stock_logs""","","","","","",""
"6a89a2c63fb8c43ecce7c133","log_1785842577417_q5c5","2026-08-04T14:28:30.195Z","2026-08-22T13:23:18.490Z","'+20 packet | Manual IN entry recorded for J014","","0","","IN","pcs","Admin","Chat Masala (Stock IN (+))","""2026-08-22T13:49:26.963Z""","""public"".""stock_logs""","","","","","",""
"6a89a2c63fb8c43ecce7c134","log_1785842558871_waip","2026-08-04T14:28:30.195Z","2026-08-22T13:23:18.490Z","'+120 pcs | Manual IN entry recorded for J013","","0","","IN","pcs","Admin","Kasuri Methi (Stock IN (+))","""2026-08-22T13:49:26.963Z""","""public"".""stock_logs""","","","","","",""
"6a89a2c63fb8c43ecce7c135","log_1785842477942_rapw","2026-08-04T14:28:30.195Z","2026-08-22T13:23:18.490Z","'+12 kg | Manual IN entry recorded for J012","","0","","IN","pcs","Admin","Corn Flour (Stock IN (+))","""2026-08-22T13:49:26.963Z""","""public"".""stock_logs""","","","","","",""
"6a89a2c63fb8c43ecce7c136","log_1785842444912_0i2l","2026-08-04T14:28:30.195Z","2026-08-22T13:23:18.490Z","'+10 pcs | Manual IN entry recorded for J011","","0","","IN","pcs","Admin","Vinegar (Stock IN (+))","""2026-08-22T13:49:26.963Z""","""public"".""stock_logs""","","","","","",""
"6a89a2c63fb8c43ecce7c137","log_1785842432455_vzaf","2026-08-04T14:28:30.195Z","2026-08-22T13:23:18.490Z","'+4 pcs | Manual IN entry recorded for J010","","0","","IN","pcs","Admin","Soy Sauce (Stock IN (+))","""2026-08-22T13:49:26.963Z""","""public"".""stock_logs""","","","","","",""
"6a89a2c63fb8c43ecce7c138","log_1785842397280_3565","2026-08-04T14:28:30.195Z","2026-08-22T13:23:18.490Z","'+15 pcs | Manual IN entry recorded for J009","","0","","IN","pcs","Admin","Chili Sauce (Stock IN (+))","""2026-08-22T13:49:26.963Z""","""public"".""stock_logs""","","","","","",""
"6a89a2c63fb8c43ecce7c139","log_1785842351464_jdce","2026-08-04T14:28:30.195Z","2026-08-22T13:23:18.490Z","'+30 packet | Manual IN entry recorded for J008","","0","","IN","pcs","Admin","Tomato Sauce (টমেটো sos) (Stock IN (+))","""2026-08-22T13:49:26.963Z""","""public"".""stock_logs""","","","","","",""
"6a89a2c63fb8c43ecce7c13a","log_1785842340432_0tt1","2026-08-04T14:28:30.195Z","2026-08-22T13:23:18.490Z","'+100 packet | Manual IN entry recorded for J007","","0","","IN","pcs","Admin","Chowmein Noodle (চাউমিন) (Stock IN (+))","""2026-08-22T13:49:26.963Z""","""public"".""stock_logs""","","","","","",""
"6a89a2c63fb8c43ecce7c13b","log_1785842320955_eu8c","2026-08-04T14:28:30.195Z","2026-08-22T13:23:18.490Z","'+50 packet | Deleted wrong IN entry for SKU J007","","0","","IN","pcs","Admin","Chowmein Noodle (চাউমিন) (Delete wrong IN)","""2026-08-22T13:49:26.963Z""","""public"".""stock_logs""","","","","","",""
"6a89a2c63fb8c43ecce7c13c","log_1785842301570_rsxk","2026-08-04T14:28:30.195Z","2026-08-22T13:23:18.490Z","'+50 packet | Manual IN entry recorded for J007","","0","","IN","pcs","Admin","Chowmein Noodle (চাউমিন) (Stock IN (+))","""2026-08-22T13:49:26.963Z""","""public"".""stock_logs""","","","","","",""
"6a89a2c63fb8c43ecce7c13d","log_1785842251470_97xp","2026-08-04T14:28:30.195Z","2026-08-22T13:23:18.490Z","'+30 kg | Manual IN entry recorded for J006","","0","","IN","pcs","Admin","Atta (আটা) (Stock IN (+))","""2026-08-22T13:49:26.963Z""","""public"".""stock_logs""","","","","","",""
"6a89a2c63fb8c43ecce7c13e","log_rep_1_1785854327201","2026-08-04T14:38:54.196Z","2026-08-22T13:23:18.490Z","'+4 packet | Report Stock IN entry","","0","","IN","pcs","Admin","Rice (রাইস) (Stock IN (+))","""2026-08-22T13:49:26.963Z""","""public"".""stock_logs""","","","","","",""
"6a89a2c63fb8c43ecce7c13f","log_rep_2_1785854327201","2026-08-04T14:38:54.196Z","2026-08-22T13:23:18.490Z","'+150 packet | Report Stock IN entry","","0","","IN","pcs","Admin","Palm Oil (পাম অয়েল) (Stock IN (+))","""2026-08-22T13:49:26.963Z""","""public"".""stock_logs""","","","","","",""
"6a89a2c63fb8c43ecce7c140","log_rep_3_1785854327201","2026-08-04T14:38:54.196Z","2026-08-22T13:23:18.490Z","'+5 L | Report Stock IN entry","","0","","IN","pcs","Admin","Refined Oil (রেফাইন্ড অয়েল) (Stock IN (+))","""2026-08-22T13:49:26.963Z""","""public"".""stock_logs""","","","","","",""
"6a89a2c63fb8c43ecce7c141","log_rep_4_1785854327201","2026-08-04T14:38:54.196Z","2026-08-22T13:23:18.490Z","'+5 L | Report Stock IN entry","","0","","IN","pcs","Admin","Mustard Oil (মাস্টার অয়েল) (Stock IN (+))","""2026-08-22T13:49:26.963Z""","""public"".""stock_logs""","","","","","",""
"6a89a2c63fb8c43ecce7c142","log_rep_5_1785854327201","2026-08-04T14:38:54.196Z","2026-08-22T13:23:18.490Z","'+50 kg | Report Stock IN entry","","0","","IN","pcs","Admin","Maida (মাইদা) (Stock IN (+))","""2026-08-22T13:49:26.963Z""","""public"".""stock_logs""","","","","","",""
"6a89a2c63fb8c43ecce7c143","log_rep_6_1785854327201","2026-08-04T14:38:54.196Z","2026-08-22T13:23:18.490Z","'+30 kg | Report Stock IN entry","","0","","IN","pcs","Admin","Atta (আটা) (Stock IN (+))","""2026-08-22T13:49:26.963Z""","""public"".""stock_logs""","","","","","",""
"6a89a2c63fb8c43ecce7c144","log_rep_7_1785854327201","2026-08-04T14:38:54.196Z","2026-08-22T13:23:18.490Z","'+100 packet | Report Stock IN entry","","0","","IN","pcs","Admin","Chowmein Noodle (চাউমিন) (Stock IN (+))","""2026-08-22T13:49:26.963Z""","""public"".""stock_logs""","","","","","",""
"6a89a2c63fb8c43ecce7c145","log_rep_8_1785854327201","2026-08-04T14:38:54.196Z","2026-08-22T13:23:18.490Z","'+30 packet | Report Stock IN entry","","0","","IN","pcs","Admin","Tomato Sauce (টমেটো sos) (Stock IN (+))","""2026-08-22T13:49:26.963Z""","""public"".""stock_logs""","","","","","",""
"6a89a2c63fb8c43ecce7c146","log_rep_9_1785854327201","2026-08-04T14:38:54.196Z","2026-08-22T13:23:18.490Z","'+15 pcs | Report Stock IN entry","","0","","IN","pcs","Admin","Chili Sauce (Stock IN (+))","""2026-08-22T13:49:26.963Z""","""public"".""stock_logs""","","","","","",""
"6a89a2c63fb8c43ecce7c147","log_rep_10_1785854327201","2026-08-04T14:38:54.196Z","2026-08-22T13:23:18.490Z","'+4 pcs | Report Stock IN entry","","0","","IN","pcs","Admin","Soy Sauce (Stock IN (+))","""2026-08-22T13:49:26.963Z""","""public"".""stock_logs""","","","","","",""
"6a89a2c63fb8c43ecce7c148","log_rep_11_1785854327201","2026-08-04T14:38:54.196Z","2026-08-22T13:23:18.490Z","'+10 pcs | Report Stock IN entry","","0","","IN","pcs","Admin","Vinegar (Stock IN (+))","""2026-08-22T13:49:26.963Z""","""public"".""stock_logs""","","","","","",""
"6a89a2c63fb8c43ecce7c149","log_rep_12_1785854327201","2026-08-04T14:38:54.196Z","2026-08-22T13:23:18.490Z","'+12 kg | Report Stock IN entry","","0","","IN","pcs","Admin","Corn Flour (Stock IN (+))","""2026-08-22T13:49:26.963Z""","""public"".""stock_logs""","","","","","",""
"6a89a2c63fb8c43ecce7c14a","log_rep_13_1785854327201","2026-08-04T14:38:54.196Z","2026-08-22T13:23:18.490Z","'+120 pcs | Report Stock IN entry","","0","","IN","pcs","Admin","Kasuri Methi (Stock IN (+))","""2026-08-22T13:49:26.963Z""","""public"".""stock_logs""","","","","","",""
"6a89a2c63fb8c43ecce7c14b","log_rep_14_1785854327201","2026-08-04T14:38:54.196Z","2026-08-22T13:23:18.490Z","'+20 packet | Report Stock IN entry","","0","","IN","pcs","Admin","Chat Masala (Stock IN (+))","""2026-08-22T13:49:26.963Z""","""public"".""stock_logs""","","","","","",""
"6a89a2c63fb8c43ecce7c14c","log_rep_15_1785854327201","2026-08-04T14:38:54.196Z","2026-08-22T13:23:18.490Z","'+10 pcs | Report Stock IN entry","","0","","IN","pcs","Admin","Kashmiri Chilli Powder (Stock IN (+))","""2026-08-22T13:49:26.963Z""","""public"".""stock_logs""","","","","","",""
"6a89a2c63fb8c43ecce7c14d","log_rep_16_1785854327201","2026-08-04T14:38:54.196Z","2026-08-22T13:23:18.490Z","'+7 kg | Report Stock IN entry","","0","","IN","pcs","Admin","Ajinomoto (Ajina) (Stock IN (+))","""2026-08-22T13:49:26.963Z""","""public"".""stock_logs""","","","","","",""
"6a89a2c63fb8c43ecce7c14e","log_rep_17_1785854327201","2026-08-04T14:38:54.196Z","2026-08-22T13:23:18.490Z","'+80 packet | Report Stock IN entry","","0","","IN","pcs","Admin","Chilli Powder (Stock IN (+))","""2026-08-22T13:49:26.963Z""","""public"".""stock_logs""","","","","","",""
"6a89a2c63fb8c43ecce7c14f","log_rep_18_1785854327201","2026-08-04T14:38:54.196Z","2026-08-22T13:23:18.490Z","'+50 packet | Report Stock IN entry","","0","","IN","pcs","Admin","Haldi (Turmeric Powder) (Stock IN (+))","""2026-08-22T13:49:26.963Z""","""public"".""stock_logs""","","","","","",""
"6a89a2c63fb8c43ecce7c150","log_rep_19_1785854327201","2026-08-04T14:38:54.196Z","2026-08-22T13:23:18.490Z","'+3000 g | Report Stock IN entry","","0","","IN","pcs","Admin","Jeera (Cumin Seeds) (Stock IN (+))","""2026-08-22T13:49:26.963Z""","""public"".""stock_logs""","","","","","",""
"6a89a2c63fb8c43ecce7c151","log_rep_20_1785854327201","2026-08-04T14:38:54.196Z","2026-08-22T13:23:18.490Z","'+2000 g | Report Stock IN entry","","0","","IN","pcs","Admin","Dal (Pulses) (Stock IN (+))","""2026-08-22T13:49:26.963Z""","""public"".""stock_logs""","","","","","",""
"6a89a2c63fb8c43ecce7c152","log_rep_21_1785854327201","2026-08-04T14:38:54.196Z","2026-08-22T13:23:18.490Z","'+3000 g | Report Stock IN entry","","0","","IN","pcs","Admin","Kabuli Chana (Stock IN (+))","""2026-08-22T13:49:26.963Z""","""public"".""stock_logs""","","","","","",""
"6a89a2c63fb8c43ecce7c153","log_rep_22_1785854327201","2026-08-04T14:38:54.196Z","2026-08-22T13:23:18.490Z","'+2000 g | Report Stock IN entry","","0","","IN","pcs","Admin","Mix Dal (Stock IN (+))","""2026-08-22T13:49:26.963Z""","""public"".""stock_logs""","","","","","",""
"6a89a2c63fb8c43ecce7c154","log_rep_23_1785854327201","2026-08-04T14:38:54.196Z","2026-08-22T13:23:18.490Z","'+6 pcs | Report Stock IN entry","","0","","IN","pcs","Admin","Attar / Essence (Stock IN (+))","""2026-08-22T13:49:26.963Z""","""public"".""stock_logs""","","","","","",""
"6a89a2c63fb8c43ecce7c155","log_rep_24_1785854327201","2026-08-04T14:38:54.196Z","2026-08-22T13:23:18.490Z","'+4 box | Report Stock IN entry","","0","","IN","pcs","Admin","Red Food Color (Stock IN (+))","""2026-08-22T13:49:26.963Z""","""public"".""stock_logs""","","","","","",""
"6a89a2c63fb8c43ecce7c156","log_rep_25_1785854327201","2026-08-04T14:38:54.196Z","2026-08-22T13:23:18.490Z","'+2 box | Report Stock IN entry","","0","","IN","pcs","Admin","Yellow Food Color (Stock IN (+))","""2026-08-22T13:49:26.963Z""","""public"".""stock_logs""","","","","","",""
"6a89a2c63fb8c43ecce7c157","log_rep_26_1785854327201","2026-08-04T14:38:54.196Z","2026-08-22T13:23:18.490Z","'+2 box | Report Stock IN entry","","0","","IN","pcs","Admin","Green Food Color (Stock IN (+))","""2026-08-22T13:49:26.963Z""","""public"".""stock_logs""","","","","","",""
"6a89a2c63fb8c43ecce7c158","log_rep_27_1785854327201","2026-08-04T14:38:54.196Z","2026-08-22T13:23:18.490Z","'+1000 g | Report Stock IN entry","","0","","IN","pcs","Admin","Mouri (Fennel Seeds) (Stock IN (+))","""2026-08-22T13:49:26.963Z""","""public"".""stock_logs""","","","","","",""
"6a89a2c63fb8c43ecce7c159","log_rep_28_1785854327201","2026-08-04T14:38:54.196Z","2026-08-22T13:23:18.490Z","'+7 kg | Report Stock IN entry","","0","","IN","pcs","Admin","Sugar (Stock IN (+))","""2026-08-22T13:49:26.963Z""","""public"".""stock_logs""","","","","","",""
"6a89a2c63fb8c43ecce7c15a","log_rep_29_1785854327201","2026-08-04T14:38:54.196Z","2026-08-22T13:23:18.490Z","'+10 packet | Report Stock IN entry","","0","","IN","pcs","Admin","Posto (Poppy Seeds) (Stock IN (+))","""2026-08-22T13:49:26.963Z""","""public"".""stock_logs""","","","","","",""
"6a89a2c63fb8c43ecce7c15b","log_rep_30_1785854327201","2026-08-04T14:38:54.196Z","2026-08-22T13:23:18.490Z","'+12 packet | Report Stock IN entry","","0","","IN","pcs","Admin","Dalda / Vanaspati (Stock IN (+))","""2026-08-22T13:49:26.963Z""","""public"".""stock_logs""","","","","","",""
"6a89a2c63fb8c43ecce7c15c","log_rep_31_1785854327201","2026-08-04T14:38:54.196Z","2026-08-22T13:23:18.490Z","'+2000 g | Report Stock IN entry","","0","","IN","pcs","Admin","Kaju (Cashew Nuts) (Stock IN (+))","""2026-08-22T13:49:26.963Z""","""public"".""stock_logs""","","","","","",""
"6a89a2c63fb8c43ecce7c15d","log_rep_32_1785854327201","2026-08-04T14:38:54.196Z","2026-08-22T13:23:18.490Z","'+500 g | Report Stock IN entry","","0","","IN","pcs","Admin","Mogoz (Melon Seeds) (Stock IN (+))","""2026-08-22T13:49:26.963Z""","""public"".""stock_logs""","","","","","",""
"6a89a2c63fb8c43ecce7c15e","log_rep_33_1785854327201","2026-08-04T14:38:54.196Z","2026-08-22T13:23:18.490Z","'+700 g | Report Stock IN entry","","0","","IN","pcs","Admin","Elachi (Cardamom) (Stock IN (+))","""2026-08-22T13:49:26.963Z""","""public"".""stock_logs""","","","","","",""
"6a89a2c63fb8c43ecce7c15f","log_rep_34_1785854327201","2026-08-04T14:38:54.196Z","2026-08-22T13:23:18.490Z","'+300 g | Report Stock IN entry","","0","","IN","pcs","Admin","Long (Cloves) (Stock IN (+))","""2026-08-22T13:49:26.963Z""","""public"".""stock_logs""","","","","","",""
"6a89a2c63fb8c43ecce7c160","log_rep_35_1785854327201","2026-08-04T14:38:54.196Z","2026-08-22T13:23:18.490Z","'+450 g | Report Stock IN entry","","0","","IN","pcs","Admin","Jaitri (Mace) (Stock IN (+))","""2026-08-22T13:49:26.963Z""","""public"".""stock_logs""","","","","","",""
"6a89a2c63fb8c43ecce7c161","log_rep_36_1785854327201","2026-08-04T14:38:54.196Z","2026-08-22T13:23:18.490Z","'+500 g | Report Stock IN entry","","0","","IN","pcs","Admin","Dalchini (Cinnamon) (Stock IN (+))","""2026-08-22T13:49:26.963Z""","""public"".""stock_logs""","","","","","",""
"6a89a2c63fb8c43ecce7c162","log_rep_37_1785854327201","2026-08-04T14:38:54.196Z","2026-08-22T13:23:18.490Z","'+500 g | Report Stock IN entry","","0","","IN","pcs","Admin","Starful (Star Anise) (Stock IN (+))","""2026-08-22T13:49:26.963Z""","""public"".""stock_logs""","","","","","",""
"6a89a2c63fb8c43ecce7c163","log_rep_38_1785854327201","2026-08-04T14:38:54.196Z","2026-08-22T13:23:18.490Z","'+450 g | Report Stock IN entry","","0","","IN","pcs","Admin","Rose Petals (Stock IN (+))","""2026-08-22T13:49:26.963Z""","""public"".""stock_logs""","","","","","",""
"6a89a2c63fb8c43ecce7c164","log_rep_39_1785854327201","2026-08-04T14:38:54.196Z","2026-08-22T13:23:18.490Z","'+5 packet | Report Stock IN entry","","0","","IN","pcs","Admin","Shahi Jeera (Stock IN (+))","""2026-08-22T13:49:26.963Z""","""public"".""stock_logs""","","","","","",""
"6a89a2c63fb8c43ecce7c165","log_rep_40_1785854327201","2026-08-04T14:38:54.196Z","2026-08-22T13:23:18.490Z","'+900 g | Report Stock IN entry","","0","","IN","pcs","Admin","Black Pepper (Gol Morich) (Stock IN (+))","""2026-08-22T13:49:26.963Z""","""public"".""stock_logs""","","","","","",""
"6a89a2c63fb8c43ecce7c166","log_rep_41_1785854327201","2026-08-04T14:38:54.196Z","2026-08-22T13:23:18.490Z","'+3 box | Report Stock IN entry","","0","","IN","pcs","Admin","Pure Ghee (Stock IN (+))","""2026-08-22T13:49:26.963Z""","""public"".""stock_logs""","","","","","",""
"6a89a2c63fb8c43ecce7c167","log_rep_42_1785854327201","2026-08-04T14:38:54.196Z","2026-08-22T13:23:18.490Z","'+1 box | Report Stock IN entry","","0","","IN","pcs","Admin","Baking Powder (Stock IN (+))","""2026-08-22T13:49:26.963Z""","""public"".""stock_logs""","","","","","",""
"6a89a2c63fb8c43ecce7c168","log_rep_43_1785854327201","2026-08-04T14:38:54.196Z","2026-08-22T13:23:18.490Z","'+3 box | Report Stock IN entry","","0","","IN","pcs","Admin","Mushroom (Stock IN (+))","""2026-08-22T13:49:26.963Z""","""public"".""stock_logs""","","","","","",""
"6a89a2c63fb8c43ecce7c169","log_rep_44_1785854327201","2026-08-04T14:38:54.196Z","2026-08-22T13:23:18.490Z","'+30 packet | Report Stock IN entry","","0","","IN","pcs","Admin","Papad (Stock IN (+))","""2026-08-22T13:49:26.963Z""","""public"".""stock_logs""","","","","","",""
"6a89a2c63fb8c43ecce7c16a","log_rep_45_1785854327201","2026-08-04T14:38:54.196Z","2026-08-22T13:23:18.490Z","'+2 kg | Report Stock IN entry","","0","","IN","pcs","Admin","Black Salt (Bit Nun) (Stock IN (+))","""2026-08-22T13:49:26.963Z""","""public"".""stock_logs""","","","","","",""
"6a89a2c63fb8c43ecce7c16b","log_rep_46_1785854327201","2026-08-04T14:38:54.196Z","2026-08-22T13:23:18.490Z","'+25 pcs | Report Stock IN entry","","0","","IN","pcs","Admin","Regular Salt (Stock IN (+))","""2026-08-22T13:49:26.963Z""","""public"".""stock_logs""","","","","","",""
"6a89a2c63fb8c43ecce7c16c","log_rep_47_1785854327201","2026-08-04T14:38:54.196Z","2026-08-22T13:23:18.490Z","'+1500 g | Report Stock IN entry","","0","","IN","pcs","Admin","Dhania (Coriander Seeds) (Stock IN (+))","""2026-08-22T13:49:26.963Z""","""public"".""stock_logs""","","","","","",""
"6a89a2c63fb8c43ecce7c16d","log_rep_48_1785854327201","2026-08-04T14:38:54.196Z","2026-08-22T13:23:18.490Z","'+2 packet | Report Stock IN entry","","0","","IN","pcs","Admin","Milk (দুধ) (Stock IN (+))","""2026-08-22T13:49:26.963Z""","""public"".""stock_logs""","","","","","",""
"6a89a2c63fb8c43ecce7c16e","log_rep_49_1785854327201","2026-08-04T14:38:54.196Z","2026-08-22T13:23:18.490Z","'+4 kg | Report Stock IN entry","","0","","IN","pcs","Admin","Dahi (দই / Curd) (Stock IN (+))","""2026-08-22T13:49:26.963Z""","""public"".""stock_logs""","","","","","",""
"6a89a2c63fb8c43ecce7c16f","log_rep_50_1785854327201","2026-08-04T14:38:54.196Z","2026-08-22T13:23:18.490Z","'+150 g | Report Stock IN entry","","0","","IN","pcs","Admin","Paneer (পনির) (Stock IN (+))","""2026-08-22T13:49:26.963Z""","""public"".""stock_logs""","","","","","",""
"6a89a2c63fb8c43ecce7c170","log_rep_51_1785854327201","2026-08-04T14:38:54.196Z","2026-08-22T13:23:18.490Z","'+1 packet | Report Stock IN entry","","0","","IN","pcs","Admin","Butter (Stock IN (+))","""2026-08-22T13:49:26.963Z""","""public"".""stock_logs""","","","","","",""
"6a89a2c63fb8c43ecce7c171","log_rep_52_1785854327201","2026-08-04T14:38:54.196Z","2026-08-22T13:23:18.490Z","'+5 packet | Report Stock IN entry","","0","","IN","pcs","Admin","Amul Fresh Cream (Stock IN (+))","""2026-08-22T13:49:26.963Z""","""public"".""stock_logs""","","","","","",""
"6a89a2c63fb8c43ecce7c172","log_rep_53_1785854327201","2026-08-04T14:38:54.196Z","2026-08-22T13:23:18.490Z","'+1 packet | Report Stock IN entry","","0","","IN","pcs","Admin","Cheese Block / Slice (Stock IN (+))","""2026-08-22T13:49:26.963Z""","""public"".""stock_logs""","","","","","",""
"6a89a2c63fb8c43ecce7c173","log_1785860827605_wym9","2026-08-04T16:27:07.618Z","2026-08-22T13:23:18.490Z","'+180 pcs | Manual IN entry recorded for J047","","0","","IN","pcs","Admin","Kissan Tomato Sauce Pouch (Stock IN (+))","""2026-08-22T13:49:26.963Z""","""public"".""stock_logs""","","","","","",""
"6a89a2c63fb8c43ecce7c174","log_1785860841586_sxxh","2026-08-04T16:27:21.589Z","2026-08-22T13:23:18.490Z","'+50 pcs | Manual IN entry recorded for J048","","0","","IN","pcs","Admin","Jaljeera Powder (Stock IN (+))","""2026-08-22T13:49:26.963Z""","""public"".""stock_logs""","","","","","",""
"6a89a2c63fb8c43ecce7c175","log_1785860857242_0sl2","2026-08-04T16:27:37.245Z","2026-08-22T13:23:18.490Z","'+7 packet | Manual IN entry recorded for J052","","0","","IN","pcs","Admin","Egg (ডিম) (Stock IN (+))","""2026-08-22T13:49:26.963Z""","""public"".""stock_logs""","","","","","",""
"6a89a2c63fb8c43ecce7c176","log_1785861297263_lswr","2026-08-04T16:34:57.267Z","2026-08-22T13:23:18.490Z","'+1 packet | Deleted wrong IN entry for SKU J059","","0","","IN","pcs","Admin","Cheese Block / Slice (Delete wrong IN)","""2026-08-22T13:49:26.963Z""","""public"".""stock_logs""","","","","","",""
"6a89a2c63fb8c43ecce7c177","log_1785861316346_ozjk","2026-08-04T16:35:16.351Z","2026-08-22T13:23:18.490Z","'+8 pcs | Manual IN entry recorded for J059","","0","","IN","pcs","Admin","Cheese Block / Slice (Stock IN (+))","""2026-08-22T13:49:26.963Z""","""public"".""stock_logs""","","","","","",""
"6a89a2c63fb8c43ecce7c178","log_1785864757555_1bl8","2026-08-04T17:32:37.557Z","2026-08-22T13:23:18.490Z","'-23 packet | Manual OUT entry recorded for J002","","0","","IN","pcs","Admin","Palm Oil (পাম অয়েল) (Stock OUT (-))","""2026-08-22T13:49:26.963Z""","""public"".""stock_logs""","","","","","",""
"6a89a2c63fb8c43ecce7c179","log_1785864785551_jk75","2026-08-04T17:33:05.553Z","2026-08-22T13:23:18.490Z","'-15 packet | Manual OUT entry recorded for J007","","0","","IN","pcs","Admin","Chowmein Noodle (চাউমিন) (Stock OUT (-))","""2026-08-22T13:49:26.963Z""","""public"".""stock_logs""","","","","","",""
"6a89a2c63fb8c43ecce7c17a","log_1785864807774_vpf6","2026-08-04T17:33:27.775Z","2026-08-22T13:23:18.490Z","'-4 packet | Manual OUT entry recorded for J008","","0","","IN","pcs","Admin","Tomato Sauce (টমেটো sos) (Stock OUT (-))","""2026-08-22T13:49:26.963Z""","""public"".""stock_logs""","","","","","",""
"6a89a2c63fb8c43ecce7c17b","log_1785864849200_aj2v","2026-08-04T17:34:09.202Z","2026-08-22T13:23:18.490Z","'-3 pcs | Manual OUT entry recorded for J013","","0","","IN","pcs","Admin","Kasuri Methi (Stock OUT (-))","""2026-08-22T13:49:26.963Z""","""public"".""stock_logs""","","","","","",""
"6a89a2c63fb8c43ecce7c17c","log_1785864880360_d5a1","2026-08-04T17:34:40.361Z","2026-08-22T13:23:18.490Z","'-1 kg | Manual OUT entry recorded for J012","","0","","IN","pcs","Admin","Corn Flour (Stock OUT (-))","""2026-08-22T13:49:26.963Z""","""public"".""stock_logs""","","","","","",""
"6a89a2c63fb8c43ecce7c17d","log_1785864898798_56o6","2026-08-04T17:34:58.801Z","2026-08-22T13:23:18.490Z","'-2 kg | Manual OUT entry recorded for J016","","0","","IN","pcs","Admin","Ajinomoto (Ajina) (Stock OUT (-))","""2026-08-22T13:49:26.963Z""","""public"".""stock_logs""","","","","","",""
"6a89a2c63fb8c43ecce7c17e","log_1785864910179_z8tq","2026-08-04T17:35:10.181Z","2026-08-22T13:23:18.490Z","'-1 L | Manual OUT entry recorded for J003","","0","","IN","pcs","Admin","Refined Oil (রেফাইন্ড অয়েল) (Stock OUT (-))","""2026-08-22T13:49:26.963Z""","""public"".""stock_logs""","","","","","",""
"6a89a2c63fb8c43ecce7c17f","log_1785864922987_v7wb","2026-08-04T17:35:22.989Z","2026-08-22T13:23:18.490Z","'-1 L | Manual OUT entry recorded for J004","","0","","IN","pcs","Admin","Mustard Oil (মাস্টার অয়েল) (Stock OUT (-))","""2026-08-22T13:49:26.963Z""","""public"".""stock_logs""","","","","","",""
"6a89a2c63fb8c43ecce7c180","log_1785864937341_056f","2026-08-04T17:35:37.343Z","2026-08-22T13:23:18.490Z","'-3 packet | Manual OUT entry recorded for J001","","0","","IN","pcs","Admin","Rice (রাইস) (Stock OUT (-))","""2026-08-22T13:49:26.963Z""","""public"".""stock_logs""","","","","","",""
"6a89a2c63fb8c43ecce7c181","log_1785864959818_be42","2026-08-04T17:35:59.820Z","2026-08-22T13:23:18.490Z","'-250 g | Manual OUT entry recorded for J019","","0","","IN","pcs","Admin","Jeera (Cumin Seeds) (Stock OUT (-))","""2026-08-22T13:49:26.963Z""","""public"".""stock_logs""","","","","","",""
"6a89a2c63fb8c43ecce7c182","log_1785866784751_6mgv","2026-08-04T18:06:24.755Z","2026-08-22T13:23:18.490Z","'-1 pcs | Manual OUT entry recorded for J023","","0","","IN","pcs","Admin","Attar / Essence (Stock OUT (-))","""2026-08-22T13:49:26.963Z""","""public"".""stock_logs""","","","","","",""
"6a89a2c63fb8c43ecce7c183","log_1785866796854_c4ja","2026-08-04T18:06:36.856Z","2026-08-22T13:23:18.490Z","'-5 kg | Manual OUT entry recorded for J006","","0","","IN","pcs","Admin","Atta (আটা) (Stock OUT (-))","""2026-08-22T13:49:26.963Z""","""public"".""stock_logs""","","","","","",""
"6a89a2c63fb8c43ecce7c184","log_1785866830144_z526","2026-08-04T18:07:10.147Z","2026-08-22T13:23:18.490Z","'-1 box | Manual OUT entry recorded for J042","","0","","IN","pcs","Admin","Pure Ghee (Stock OUT (-))","""2026-08-22T13:49:26.963Z""","""public"".""stock_logs""","","","","","",""
"6a89a2c63fb8c43ecce7c185","log_1785866843144_5gz4","2026-08-04T18:07:23.146Z","2026-08-22T13:23:18.490Z","'-1 pcs | Manual OUT entry recorded for J011","","0","","IN","pcs","Admin","Vinegar (Stock OUT (-))","""2026-08-22T13:49:26.963Z""","""public"".""stock_logs""","","","","","",""
"6a89a2c63fb8c43ecce7c186","log_1785867036876_swqj","2026-08-04T18:10:36.880Z","2026-08-22T13:23:18.490Z","'-180 g | Manual OUT entry recorded for J035","","0","","IN","pcs","Admin","Long (Cloves) (Stock OUT (-))","""2026-08-22T13:49:26.963Z""","""public"".""stock_logs""","","","","","",""
"6a89a2c63fb8c43ecce7c187","log_1785867077467_b5ym","2026-08-04T18:11:17.471Z","2026-08-22T13:23:18.490Z","'-1 pcs | Manual OUT entry recorded for J009","","0","","IN","pcs","Admin","Chili Sauce (Stock OUT (-))","""2026-08-22T13:49:26.963Z""","""public"".""stock_logs""","","","","","",""
"6a89a2c63fb8c43ecce7c188","log_1785867090073_1hj2","2026-08-04T18:11:30.076Z","2026-08-22T13:23:18.490Z","'-2 pcs | Manual OUT entry recorded for J015","","0","","IN","pcs","Admin","Kashmiri Chilli Powder (Stock OUT (-))","""2026-08-22T13:49:26.963Z""","""public"".""stock_logs""","","","","","",""
"6a89a2c63fb8c43ecce7c189","log_1785867139426_2cpn","2026-08-04T18:12:19.432Z","2026-08-22T13:23:18.490Z","'-2300 kg | Manual OUT entry recorded for J029","","0","","IN","pcs","Admin","Sugar (Stock OUT (-))","""2026-08-22T13:49:26.963Z""","""public"".""stock_logs""","","","","","",""
"6a89a2c63fb8c43ecce7c18a","log_1785867213358_m59h","2026-08-04T18:13:33.363Z","2026-08-22T13:23:18.490Z","'+7 kg | Deleted wrong IN entry for SKU J029","","0","","IN","pcs","Admin","Sugar (Delete wrong IN)","""2026-08-22T13:49:26.963Z""","""public"".""stock_logs""","","","","","",""
"6a89a2c63fb8c43ecce7c18b","log_1785867226261_0hfj","2026-08-04T18:13:46.264Z","2026-08-22T13:23:18.490Z","'+7000 g | Manual IN entry recorded for J029","","0","","IN","pcs","Admin","Sugar (Stock IN (+))","""2026-08-22T13:49:26.963Z""","""public"".""stock_logs""","","","","","",""
"6a89a2c63fb8c43ecce7c18c","log_1785868870915_7bxt","2026-08-04T18:41:10.920Z","2026-08-22T13:23:18.490Z","'+20 kg | Manual IN entry recorded for J075","","0","","IN","pcs","Admin","Potato (আলু) (Stock IN (+))","""2026-08-22T13:49:26.963Z""","""public"".""stock_logs""","","","","","",""
"6a89a2c63fb8c43ecce7c18d","log_1785868903676_75fr","2026-08-04T18:41:43.678Z","2026-08-22T13:23:18.490Z","'+30 kg | Manual IN entry recorded for J076","","0","","IN","pcs","Admin","Onion (পেঁয়াজ) (Stock IN (+))","""2026-08-22T13:49:26.963Z""","""public"".""stock_logs""","","","","","",""
"6a89a2c63fb8c43ecce7c18e","log_1785868940688_602s","2026-08-04T18:42:20.694Z","2026-08-22T13:23:18.490Z","'+4.5 kg | Manual IN entry recorded for J079","","0","","IN","pcs","Admin","Capsicum (Stock IN (+))","""2026-08-22T13:49:26.963Z""","""public"".""stock_logs""","","","","","",""
"6a89a2c63fb8c43ecce7c18f","log_1785868961590_9tkw","2026-08-04T18:42:41.593Z","2026-08-22T13:23:18.490Z","'+3 kg | Manual IN entry recorded for J080","","0","","IN","pcs","Admin","Carrot (Stock IN (+))","""2026-08-22T13:49:26.963Z""","""public"".""stock_logs""","","","","","",""
"6a89a2c63fb8c43ecce7c190","log_1785868986682_8uam","2026-08-04T18:43:06.684Z","2026-08-22T13:23:18.490Z","'+2.5 kg | Manual IN entry recorded for J082","","0","","IN","pcs","Admin","Green Chilli (কাঁচা লঙ্কা) (Stock IN (+))","""2026-08-22T13:49:26.963Z""","""public"".""stock_logs""","","","","","",""
"6a89a2c63fb8c43ecce7c191","log_1785869012766_75t9","2026-08-04T18:43:32.769Z","2026-08-22T13:23:18.490Z","'+5 kg | Manual IN entry recorded for J083","","0","","IN","pcs","Admin","Tomato (টমেটো) (Stock IN (+))","""2026-08-22T13:49:26.963Z""","""public"".""stock_logs""","","","","","",""
"6a89a2c63fb8c43ecce7c192","log_1785869053425_zc65","2026-08-04T18:44:13.430Z","2026-08-22T13:23:18.490Z","'+10 kg | Manual IN entry recorded for J084","","0","","IN","pcs","Admin","Cabbage (বাঁধাকপি) (Stock IN (+))","""2026-08-22T13:49:26.963Z""","""public"".""stock_logs""","","","","","",""
"6a89a2c63fb8c43ecce7c193","log_1785869072068_zdt5","2026-08-04T18:44:32.073Z","2026-08-22T13:23:18.490Z","'+50 pcs | Manual IN entry recorded for J085","","0","","IN","pcs","Admin","Lemon (লেবু) (Stock IN (+))","""2026-08-22T13:49:26.963Z""","""public"".""stock_logs""","","","","","",""
"6a89a2c63fb8c43ecce7c194","log_1785869091358_tb2w","2026-08-04T18:44:51.361Z","2026-08-22T13:23:18.490Z","'+9 kg | Manual IN entry recorded for J086","","0","","IN","pcs","Admin","Dhania Pata (Coriander) (Stock IN (+))","""2026-08-22T13:49:26.963Z""","""public"".""stock_logs""","","","","","",""
"6a89a2c63fb8c43ecce7c195","log_1785869141953_oxy5","2026-08-04T18:45:41.956Z","2026-08-22T13:23:18.490Z","'+5 kg | Manual IN entry recorded for J088","","0","","IN","pcs","Admin","Cucumber (শসা) (Stock IN (+))","""2026-08-22T13:49:26.963Z""","""public"".""stock_logs""","","","","","",""
"6a89a2c63fb8c43ecce7c196","log_1785869180921_2ahh","2026-08-04T18:46:20.924Z","2026-08-22T13:23:18.490Z","'-3.3 kg | Manual OUT entry recorded for J088","","0","","IN","pcs","Admin","Cucumber (শসা) (Stock OUT (-))","""2026-08-22T13:49:26.963Z""","""public"".""stock_logs""","","","","","",""
"6a89a2c63fb8c43ecce7c197","log_1785869272602_dubz","2026-08-04T18:47:52.605Z","2026-08-22T13:23:18.490Z","'-6 kg | Manual OUT entry recorded for J083","","0","","IN","pcs","Admin","Tomato (টমেটো) (Stock OUT (-))","""2026-08-22T13:49:26.963Z""","""public"".""stock_logs""","","","","","",""
"6a89a2c63fb8c43ecce7c198","log_1785869327618_eyjx","2026-08-04T18:48:47.621Z","2026-08-22T13:23:18.490Z","'-2.4 kg | Manual OUT entry recorded for J080","","0","","IN","pcs","Admin","Carrot (Stock OUT (-))","""2026-08-22T13:49:26.963Z""","""public"".""stock_logs""","","","","","",""
"6a89a2c63fb8c43ecce7c199","log_1785869360353_fnsc","2026-08-04T18:49:20.357Z","2026-08-22T13:23:18.490Z","'+1 kg | Manual IN entry recorded for J083","","0","","IN","pcs","Admin","Tomato (টমেটো) (Stock IN (+))","""2026-08-22T13:49:26.963Z""","""public"".""stock_logs""","","","","","",""
"6a89a2c63fb8c43ecce7c19a","log_1785869410739_7hvk","2026-08-04T18:50:10.742Z","2026-08-22T13:23:18.490Z","'-2.6 kg | Manual OUT entry recorded for J079","","0","","IN","pcs","Admin","Capsicum (Stock OUT (-))","""2026-08-22T13:49:26.963Z""","""public"".""stock_logs""","","","","","",""
"6a89a2c63fb8c43ecce7c19b","log_1785869437894_q94b","2026-08-04T18:50:37.896Z","2026-08-22T13:23:18.490Z","'-5.2 kg | Manual OUT entry recorded for J084","","0","","IN","pcs","Admin","Cabbage (বাঁধাকপি) (Stock OUT (-))","""2026-08-22T13:49:26.963Z""","""public"".""stock_logs""","","","","","",""
"6a89a2c63fb8c43ecce7c19c","log_1785869481457_fqbb","2026-08-04T18:51:21.461Z","2026-08-22T13:23:18.490Z","'-1 kg | Manual OUT entry recorded for J082","","0","","IN","pcs","Admin","Green Chilli (কাঁচা লঙ্কা) (Stock OUT (-))","""2026-08-22T13:49:26.963Z""","""public"".""stock_logs""","","","","","",""
"6a89a2c63fb8c43ecce7c19d","log_1785869513761_9tat","2026-08-04T18:51:53.764Z","2026-08-22T13:23:18.490Z","'-1.5 kg | Manual OUT entry recorded for J086","","0","","IN","pcs","Admin","Dhania Pata (Coriander) (Stock OUT (-))","""2026-08-22T13:49:26.963Z""","""public"".""stock_logs""","","","","","",""
"6a89a2c63fb8c43ecce7c19e","log_1785869542266_f2jy","2026-08-04T18:52:22.269Z","2026-08-22T13:23:18.490Z","'-14 kg | Manual OUT entry recorded for J075","","0","","IN","pcs","Admin","Potato (আলু) (Stock OUT (-))","""2026-08-22T13:49:26.963Z""","""public"".""stock_logs""","","","","","",""
"6a89a2c63fb8c43ecce7c19f","log_1785869570673_m9x3","2026-08-04T18:52:50.675Z","2026-08-22T13:23:18.490Z","'-17.5 kg | Manual OUT entry recorded for J076","","0","","IN","pcs","Admin","Onion (পেঁয়াজ) (Stock OUT (-))","""2026-08-22T13:49:26.963Z""","""public"".""stock_logs""","","","","","",""
"6a89a2c63fb8c43ecce7c1a0","log_1785870005390_wicu","2026-08-04T19:00:05.392Z","2026-08-22T13:23:18.490Z","'-5 packet | Manual OUT entry recorded for J054","","0","","IN","pcs","Admin","Milk (দুধ) (Stock OUT (-))","""2026-08-22T13:49:26.963Z""","""public"".""stock_logs""","","","","","",""
"6a89a2c63fb8c43ecce7c1a1","log_1785870020727_m782","2026-08-04T19:00:20.729Z","2026-08-22T13:23:18.490Z","'+3 packet | Manual IN entry recorded for J054","","0","","IN","pcs","Admin","Milk (দুধ) (Stock IN (+))","""2026-08-22T13:49:26.963Z""","""public"".""stock_logs""","","","","","",""
"6a89a2c63fb8c43ecce7c1a2","log_1785870095988_5u2d","2026-08-04T19:01:35.992Z","2026-08-22T13:23:18.490Z","'+18 kg | Manual IN entry recorded for J055","","0","","IN","pcs","Admin","Dahi (দই / Curd) (Stock IN (+))","""2026-08-22T13:49:26.963Z""","""public"".""stock_logs""","","","","","",""
"6a89a2c63fb8c43ecce7c1a3","log_1785870112197_ltc9","2026-08-04T19:01:52.201Z","2026-08-22T13:23:18.490Z","'+18 kg | Deleted wrong IN entry for SKU J055","","0","","IN","pcs","Admin","Dahi (দই / Curd) (Delete wrong IN)","""2026-08-22T13:49:26.963Z""","""public"".""stock_logs""","","","","","",""
"6a89a2c63fb8c43ecce7c1a4","log_1785870126652_vfnq","2026-08-04T19:02:06.655Z","2026-08-22T13:23:18.490Z","'+16 kg | Manual IN entry recorded for J055","","0","","IN","pcs","Admin","Dahi (দই / Curd) (Stock IN (+))","""2026-08-22T13:49:26.963Z""","""public"".""stock_logs""","","","","","",""
"6a89a2c63fb8c43ecce7c1a5","log_1785870140163_h3gb","2026-08-04T19:02:20.167Z","2026-08-22T13:23:18.490Z","'-16 kg | Manual OUT entry recorded for J055","","0","","IN","pcs","Admin","Dahi (দই / Curd) (Stock OUT (-))","""2026-08-22T13:49:26.963Z""","""public"".""stock_logs""","","","","","",""
"6a89a2c63fb8c43ecce7c1a6","log_1785939924823_dq46","2026-08-05T14:25:24.826Z","2026-08-22T13:23:18.490Z","'-10 kg | Manual OUT entry recorded for J005","","0","","IN","pcs","Admin","Maida (মাইদা) (Stock OUT (-))","""2026-08-22T13:49:26.963Z""","""public"".""stock_logs""","","","","","",""
"6a89a2c63fb8c43ecce7c1a7","log_1785940034959_ejee","2026-08-05T14:27:14.961Z","2026-08-22T13:23:18.490Z","'+1000 g | Manual IN entry recorded for J027","","0","","IN","pcs","Admin","Dry Chilli (Stock IN (+))","""2026-08-22T13:49:26.963Z""","""public"".""stock_logs""","","","","","",""
"6a89a2c63fb8c43ecce7c1a8","log_1785942899651_z6qv","2026-08-05T15:14:59.661Z","2026-08-22T13:23:18.490Z","'+3 packet | Created new stock item with SKU J135","","0","","IN","pcs","Admin","rabar hand glove (Add Item)","""2026-08-22T13:49:26.963Z""","""public"".""stock_logs""","","","","","",""
"6a89a2c63fb8c43ecce7c1a9","log_1785942932899_2swt","2026-08-05T15:15:32.903Z","2026-08-22T13:23:18.490Z","'+500 pcs | Manual IN entry recorded for J104","","0","","IN","pcs","Admin","1000ml Container (Stock IN (+))","""2026-08-22T13:49:26.963Z""","""public"".""stock_logs""","","","","","",""
"6a89a2c63fb8c43ecce7c1aa","log_1785942956169_qzw6","2026-08-05T15:15:56.171Z","2026-08-22T13:23:18.490Z","'+500 pcs | Manual IN entry recorded for J105","","0","","IN","pcs","Admin","750ml Silver Container (Stock IN (+))","""2026-08-22T13:49:26.963Z""","""public"".""stock_logs""","","","","","",""
"6a89a2c63fb8c43ecce7c1ab","log_1785942972850_c1wt","2026-08-05T15:16:12.853Z","2026-08-22T13:23:18.490Z","'+500 pcs | Manual IN entry recorded for J106","","0","","IN","pcs","Admin","750ml Container (Stock IN (+))","""2026-08-22T13:49:26.963Z""","""public"".""stock_logs""","","","","","",""
"6a89a2c63fb8c43ecce7c1ac","log_1785942986785_sz4e","2026-08-05T15:16:26.787Z","2026-08-22T13:23:18.490Z","'+150 pcs | Manual IN entry recorded for J107","","0","","IN","pcs","Admin","500ml Container (Stock IN (+))","""2026-08-22T13:49:26.963Z""","""public"".""stock_logs""","","","","","",""
"6a89a2c63fb8c43ecce7c1ad","log_1785943012719_t7bl","2026-08-05T15:16:52.722Z","2026-08-22T13:23:18.490Z","'+10 packet | Manual IN entry recorded for J111","","0","","IN","pcs","Admin","16x20 Carry Bag (Stock IN (+))","""2026-08-22T13:49:26.963Z""","""public"".""stock_logs""","","","","","",""
"6a89a2c63fb8c43ecce7c1ae","log_1785943030001_nmev","2026-08-05T15:17:10.003Z","2026-08-22T13:23:18.490Z","'+10 packet | Manual IN entry recorded for J112","","0","","IN","pcs","Admin","13x16 Carry Bag (Stock IN (+))","""2026-08-22T13:49:26.963Z""","""public"".""stock_logs""","","","","","",""
"6a89a2c63fb8c43ecce7c1af","log_1785943055941_6eke","2026-08-05T15:17:35.943Z","2026-08-22T13:23:18.490Z","'+250 kg | Manual IN entry recorded for J113","","0","","IN","pcs","Admin","Rubber Band Small (Gardar) (Stock IN (+))","""2026-08-22T13:49:26.963Z""","""public"".""stock_logs""","","","","","",""
"6a89a2c63fb8c43ecce7c1b0","log_1785943090314_8yti","2026-08-05T15:18:10.317Z","2026-08-22T13:23:18.490Z","'+250 kg | Manual IN entry recorded for J114","","0","","IN","pcs","Admin","Rubber Band Big (Gardar) (Stock IN (+))","""2026-08-22T13:49:26.963Z""","""public"".""stock_logs""","","","","","",""
"6a89a2c63fb8c43ecce7c1b1","log_1785943123596_jd3r","2026-08-05T15:18:43.602Z","2026-08-22T13:23:18.490Z","'+250 kg | Deleted wrong IN entry for SKU J114","","0","","IN","pcs","Admin","Rubber Band Big (Gardar) (Delete wrong IN)","""2026-08-22T13:49:26.963Z""","""public"".""stock_logs""","","","","","",""
"6a89a2c63fb8c43ecce7c1b2","log_1785943127107_3n9w","2026-08-05T15:18:47.112Z","2026-08-22T13:23:18.490Z","'+250 kg | Deleted wrong IN entry for SKU J113","","0","","IN","pcs","Admin","Rubber Band Small (Gardar) (Delete wrong IN)","""2026-08-22T13:49:26.963Z""","""public"".""stock_logs""","","","","","",""
"6a89a2c63fb8c43ecce7c1b3","log_1785943148535_r8ss","2026-08-05T15:19:08.538Z","2026-08-22T13:23:18.490Z","'+0.25 kg | Manual IN entry recorded for J113","","0","","IN","pcs","Admin","Rubber Band Small (Gardar) (Stock IN (+))","""2026-08-22T13:49:26.963Z""","""public"".""stock_logs""","","","","","",""
"6a89a2c63fb8c43ecce7c1b4","log_1785943160330_bng5","2026-08-05T15:19:20.332Z","2026-08-22T13:23:18.490Z","'+0.25 kg | Manual IN entry recorded for J114","","0","","IN","pcs","Admin","Rubber Band Big (Gardar) (Stock IN (+))","""2026-08-22T13:49:26.963Z""","""public"".""stock_logs""","","","","","",""
"6a89a2c63fb8c43ecce7c1b5","log_1785943176084_73eb","2026-08-05T15:19:36.087Z","2026-08-22T13:23:18.490Z","'+2 pcs | Manual IN entry recorded for J115","","0","","IN","pcs","Admin","Cling Wrap (Clean Tape) (Stock IN (+))","""2026-08-22T13:49:26.963Z""","""public"".""stock_logs""","","","","","",""
"6a89a2c63fb8c43ecce7c1b6","log_1785943195061_jnhx","2026-08-05T15:19:55.064Z","2026-08-22T13:23:18.490Z","'+5 packet | Manual IN entry recorded for J116","","0","","IN","pcs","Admin","7x9 SP Pouch (Stock IN (+))","""2026-08-22T13:49:26.963Z""","""public"".""stock_logs""","","","","","",""
"6a89a2c63fb8c43ecce7c1b7","log_1785943213661_p005","2026-08-05T15:20:13.664Z","2026-08-22T13:23:18.490Z","'+3 packet | Manual IN entry recorded for J117","","0","","IN","pcs","Admin","9x12 SP Pouch (Stock IN (+))","""2026-08-22T13:49:26.963Z""","""public"".""stock_logs""","","","","","",""
"6a89a2c63fb8c43ecce7c1b8","log_1785943226909_jaxk","2026-08-05T15:20:26.911Z","2026-08-22T13:23:18.490Z","'+3 pcs | Manual IN entry recorded for J118","","0","","IN","pcs","Admin","6x8 SP Pouch (Stock IN (+))","""2026-08-22T13:49:26.963Z""","""public"".""stock_logs""","","","","","",""
"6a89a2c63fb8c43ecce7c1b9","log_1785943246883_deqs","2026-08-05T15:20:46.887Z","2026-08-22T13:23:18.490Z","'+1 packet | Manual IN entry recorded for J121","","0","","IN","pcs","Admin","Silver Roll Foil (Stock IN (+))","""2026-08-22T13:49:26.963Z""","""public"".""stock_logs""","","","","","",""
"6a89a2c63fb8c43ecce7c1ba","log_1785943288363_a77y","2026-08-05T15:21:28.365Z","2026-08-22T13:23:18.490Z","'+2 packet | Manual IN entry recorded for J122","","0","","IN","pcs","Admin","plastic Hand Gloves (Stock IN (+))","""2026-08-22T13:49:26.963Z""","""public"".""stock_logs""","","","","","",""
"6a89a2c63fb8c43ecce7c1bb","log_1785943319399_g1p4","2026-08-05T15:21:59.402Z","2026-08-22T13:23:18.490Z","'+2 packet | Manual IN entry recorded for J123","","0","","IN","pcs","Admin","Chef Cap (Stock IN (+))","""2026-08-22T13:49:26.963Z""","""public"".""stock_logs""","","","","","",""
"6a89a2c63fb8c43ecce7c1bc","log_1785943419314_y46b","2026-08-05T15:23:39.317Z","2026-08-22T13:23:18.490Z","'+30 packet | Manual IN entry recorded for J108","","0","","IN","pcs","Admin","Tissue Paper (Stock IN (+))","""2026-08-22T13:49:26.963Z""","""public"".""stock_logs""","","","","","",""
"6a89a2c63fb8c43ecce7c1bd","log_1785943473243_yhy5","2026-08-05T15:24:33.245Z","2026-08-22T13:23:18.490Z","'+33 pcs | Manual IN entry recorded for J00133","","0","","IN","pcs","Admin","thermal copy (Stock IN (+))","""2026-08-22T13:49:26.963Z""","""public"".""stock_logs""","","","","","",""
"6a89a2c63fb8c43ecce7c1be","log_1785944787556_b20p","2026-08-05T15:46:27.560Z","2026-08-22T13:23:18.490Z","'+10 packet | Manual IN entry recorded for J109","","0","","IN","pcs","Admin","Raita Pouch (Stock IN (+))","""2026-08-22T13:49:26.963Z""","""public"".""stock_logs""","","","","","",""
"6a89a2c63fb8c43ecce7c1bf","log_1785944822934_jxx2","2026-08-05T15:47:02.937Z","2026-08-22T13:23:18.490Z","'+2 packet | Manual IN entry recorded for J119","","0","","IN","pcs","Admin","Plastic Spoon (Stock IN (+))","""2026-08-22T13:49:26.963Z""","""public"".""stock_logs""","","","","","",""
"6a89a2c63fb8c43ecce7c1c0","log_1785945130881_5rsr","2026-08-05T15:52:10.883Z","2026-08-22T13:23:18.490Z","'+0 pcs | Created new stock item with SKU J136","","0","","IN","pcs","Admin","THUMSUP 1L (Add Item)","""2026-08-22T13:49:26.963Z""","""public"".""stock_logs""","","","","","",""
"6a89a2c63fb8c43ecce7c1c1","log_1785945217893_d0s7","2026-08-05T15:53:37.895Z","2026-08-22T13:23:18.490Z","'+2 packet | Created new stock item with SKU J137","","0","","IN","pcs","Admin","STRO (Add Item)","""2026-08-22T13:49:26.963Z""","""public"".""stock_logs""","","","","","",""
"6a89a2c63fb8c43ecce7c1c2","log_1785945290175_qkgt","2026-08-05T15:54:50.179Z","2026-08-22T13:23:18.490Z","'+24 pcs | Created new stock item with SKU J138","","0","","IN","pcs","Admin","CAMPA JEERA (Add Item)","""2026-08-22T13:49:26.963Z""","""public"".""stock_logs""","","","","","",""
"6a89a2c63fb8c43ecce7c1c3","log_1785946977550_630s","2026-08-05T16:22:57.554Z","2026-08-22T13:23:18.491Z","'+27 pcs | Manual IN entry recorded for J062","","0","","IN","pcs","Admin","Campa White 500ml (Stock IN (+))","""2026-08-22T13:49:26.963Z""","""public"".""stock_logs""","","","","","",""
"6a89a2c63fb8c43ecce7c1c4","log_1785947013588_dtdn","2026-08-05T16:23:33.592Z","2026-08-22T13:23:18.491Z","'+27 pcs | Deleted wrong IN entry for SKU J062","","0","","IN","pcs","Admin","Campa White 500ml (Delete wrong IN)","""2026-08-22T13:49:26.963Z""","""public"".""stock_logs""","","","","","",""
"6a89a2c63fb8c43ecce7c1c5","log_1785947026045_f1ga","2026-08-05T16:23:46.048Z","2026-08-22T13:23:18.491Z","'+31 pcs | Manual IN entry recorded for J062","","0","","IN","pcs","Admin","Campa White 500ml (Stock IN (+))","""2026-08-22T13:49:26.963Z""","""public"".""stock_logs""","","","","","",""
"6a89a2c63fb8c43ecce7c1c6","log_1785947095860_yjac","2026-08-05T16:24:55.862Z","2026-08-22T13:23:18.491Z","'+27 pcs | Manual IN entry recorded for J061","","0","","IN","pcs","Admin","Campa Black 500ml (Stock IN (+))","""2026-08-22T13:49:26.963Z""","""public"".""stock_logs""","","","","","",""
"6a89a2c63fb8c43ecce7c1c7","log_1785947171877_p5mz","2026-08-05T16:26:11.880Z","2026-08-22T13:23:18.491Z","'+24 pcs | Manual IN entry recorded for J060","","0","","IN","pcs","Admin","Campa White 100ml (Stock IN (+))","""2026-08-22T13:49:26.963Z""","""public"".""stock_logs""","","","","","",""
"6a89a2c63fb8c43ecce7c1c8","log_1785947215012_crgq","2026-08-05T16:26:55.015Z","2026-08-22T13:23:18.491Z","'+4 pcs | Manual IN entry recorded for J073","","0","","IN","pcs","Admin","Sprite 500ml (Stock IN (+))","""2026-08-22T13:49:26.963Z""","""public"".""stock_logs""","","","","","",""
"6a89a2c63fb8c43ecce7c1c9","log_1785947241730_zuir","2026-08-05T16:27:21.734Z","2026-08-22T13:23:18.491Z","'+4 pcs | Manual IN entry recorded for J069","","0","","IN","pcs","Admin","Kinley Soda (Stock IN (+))","""2026-08-22T13:49:26.963Z""","""public"".""stock_logs""","","","","","",""
"6a89a2c63fb8c43ecce7c1ca","log_1785947300869_im18","2026-08-05T16:28:20.872Z","2026-08-22T13:23:18.491Z","'+73 pcs | Manual IN entry recorded for J064","","0","","IN","pcs","Admin","Bisleri Water 1L (Stock IN (+))","""2026-08-22T13:49:26.963Z""","""public"".""stock_logs""","","","","","",""
"6a89a2c63fb8c43ecce7c1cb","log_1785947315264_70a4","2026-08-05T16:28:35.267Z","2026-08-22T13:23:18.491Z","'+45 pcs | Manual IN entry recorded for J067","","0","","IN","pcs","Admin","Bisleri Water 500ml (Stock IN (+))","""2026-08-22T13:49:26.963Z""","""public"".""stock_logs""","","","","","",""
"6a89a2c63fb8c43ecce7c1cc","log_1785948089347_ggvd","2026-08-05T16:41:29.349Z","2026-08-22T13:23:18.491Z","'+20 pcs | Manual IN entry recorded for J124","","0","","IN","pcs","Admin","Vim Soap / Bar (Bhim Srap) (Stock IN (+))","""2026-08-22T13:49:26.963Z""","""public"".""stock_logs""","","","","","",""
"6a89a2c63fb8c43ecce7c1cd","log_1785948170274_jost","2026-08-05T16:42:50.276Z","2026-08-22T13:23:18.491Z","'+3 packet | Manual IN entry recorded for J126","","0","","IN","pcs","Admin","Surf Excel Detergent (Stock IN (+))","""2026-08-22T13:49:26.963Z""","""public"".""stock_logs""","","","","","",""
"6a89a2c63fb8c43ecce7c1ce","log_1785948330748_f9ny","2026-08-05T16:45:30.750Z","2026-08-22T13:23:18.491Z","'+2 packet | Manual IN entry recorded for J127","","0","","IN","pcs","Admin","Hand Wash Liquid (Stock IN (+))","""2026-08-22T13:49:26.963Z""","""public"".""stock_logs""","","","","","",""
"6a89a2c63fb8c43ecce7c1cf","log_1785948591761_zxda","2026-08-05T16:49:51.762Z","2026-08-22T13:23:18.491Z","'+1 packet | Manual IN entry recorded for J129","","0","","IN","pcs","Admin","Phenyl (Finaile) (Stock IN (+))","""2026-08-22T13:49:26.963Z""","""public"".""stock_logs""","","","","","",""
"6a89a2c63fb8c43ecce7c1d0","log_1785948613538_gesz","2026-08-05T16:50:13.540Z","2026-08-22T13:23:18.491Z","'+1 packet | Manual IN entry recorded for J128","","0","","IN","pcs","Admin","Harpic Toilet Cleaner (Stock IN (+))","""2026-08-22T13:49:26.963Z""","""public"".""stock_logs""","","","","","",""
"6a89a2c63fb8c43ecce7c1d1","log_1785948630433_99hj","2026-08-05T16:50:30.436Z","2026-08-22T13:23:18.491Z","'+2 packet | Manual IN entry recorded for J125","","0","","IN","pcs","Admin","Vim Liquid Dishwash (Stock IN (+))","""2026-08-22T13:49:26.963Z""","""public"".""stock_logs""","","","","","",""
"6a89a2c63fb8c43ecce7c1d2","log_1785948738473_d94q","2026-08-05T16:52:18.475Z","2026-08-22T13:23:18.491Z","'+6 kg | Manual IN entry recorded for J079","","0","","IN","pcs","Admin","Capsicum (Stock IN (+))","""2026-08-22T13:49:26.963Z""","""public"".""stock_logs""","","","","","",""
"6a89a2c63fb8c43ecce7c1d3","log_1785948763874_mv95","2026-08-05T16:52:43.877Z","2026-08-22T13:23:18.491Z","'+5 kg | Manual IN entry recorded for J080","","0","","IN","pcs","Admin","Carrot (Stock IN (+))","""2026-08-22T13:49:26.963Z""","""public"".""stock_logs""","","","","","",""
"6a89a2c63fb8c43ecce7c1d4","log_1785948786679_vrwl","2026-08-05T16:53:06.681Z","2026-08-22T13:23:18.491Z","'+2 kg | Manual IN entry recorded for J082","","0","","IN","pcs","Admin","Green Chilli (কাঁচা লঙ্কা) (Stock IN (+))","""2026-08-22T13:49:26.963Z""","""public"".""stock_logs""","","","","","",""
"6a89a2c63fb8c43ecce7c1d5","log_1785948852865_zriz","2026-08-05T16:54:12.867Z","2026-08-22T13:23:18.491Z","'+7 kg | Manual IN entry recorded for J083","","0","","IN","pcs","Admin","Tomato (টমেটো) (Stock IN (+))","""2026-08-22T13:49:26.963Z""","""public"".""stock_logs""","","","","","",""
"6a89a2c63fb8c43ecce7c1d6","log_1785948995807_musk","2026-08-05T16:56:35.809Z","2026-08-22T13:23:18.491Z","'+10 kg | Manual IN entry recorded for J084","","0","","IN","pcs","Admin","Cabbage (বাঁধাকপি) (Stock IN (+))","""2026-08-22T13:49:26.963Z""","""public"".""stock_logs""","","","","","",""
"6a89a2c63fb8c43ecce7c1d7","log_1785949013119_95f8","2026-08-05T16:56:53.121Z","2026-08-22T13:23:18.491Z","'+5 kg | Manual IN entry recorded for J088","","0","","IN","pcs","Admin","Cucumber (শসা) (Stock IN (+))","""2026-08-22T13:49:26.963Z""","""public"".""stock_logs""","","","","","",""
"6a89a2c63fb8c43ecce7c1d8","log_1785949026952_7k13","2026-08-05T16:57:06.955Z","2026-08-22T13:23:18.491Z","'+1000 g | Manual IN entry recorded for J027","","0","","IN","pcs","Admin","Dry Chilli (Stock IN (+))","""2026-08-22T13:49:26.963Z""","""public"".""stock_logs""","","","","","",""
"6a89a2c63fb8c43ecce7c1d9","log_1785949059695_drjl","2026-08-05T16:57:39.697Z","2026-08-22T13:23:18.491Z","'+3 kg | Manual IN entry recorded for J077","","0","","IN","pcs","Admin","Ginger (আদা) (Stock IN (+))","""2026-08-22T13:49:26.963Z""","""public"".""stock_logs""","","","","","",""
"6a89a2c63fb8c43ecce7c1da","log_1785949070582_mjgt","2026-08-05T16:57:50.584Z","2026-08-22T13:23:18.491Z","'+3 kg | Manual IN entry recorded for J078","","0","","IN","pcs","Admin","Garlic (রসুন) (Stock IN (+))","""2026-08-22T13:49:26.963Z""","""public"".""stock_logs""","","","","","",""
"6a89a2c63fb8c43ecce7c1db","log_1785949082733_ypbl","2026-08-05T16:58:02.735Z","2026-08-22T13:23:18.491Z","'+2.5 kg | Manual IN entry recorded for J081","","0","","IN","pcs","Admin","Beans (Stock IN (+))","""2026-08-22T13:49:26.963Z""","""public"".""stock_logs""","","","","","",""
"6a89a2c63fb8c43ecce7c1dc","log_1785949096906_h6h7","2026-08-05T16:58:16.909Z","2026-08-22T13:23:18.491Z","'+4 kg | Manual IN entry recorded for J055","","0","","IN","pcs","Admin","Dahi (দই / Curd) (Stock IN (+))","""2026-08-22T13:49:26.963Z""","""public"".""stock_logs""","","","","","",""
"6a89a2c63fb8c43ecce7c1dd","log_1785949120021_cie4","2026-08-05T16:58:40.023Z","2026-08-22T13:23:18.491Z","'+2 packet | Manual IN entry recorded for J054","","0","","IN","pcs","Admin","Milk (দুধ) (Stock IN (+))","""2026-08-22T13:49:26.963Z""","""public"".""stock_logs""","","","","","",""
"6a89a2c63fb8c43ecce7c1de","log_1785949134277_d6di","2026-08-05T16:58:54.280Z","2026-08-22T13:23:18.491Z","'+5 packet | Manual IN entry recorded for J057","","0","","IN","pcs","Admin","Butter (Stock IN (+))","""2026-08-22T13:49:26.963Z""","""public"".""stock_logs""","","","","","",""
"6a89a2c63fb8c43ecce7c1df","log_1785949162502_bfs3","2026-08-05T16:59:22.504Z","2026-08-22T13:23:18.491Z","'+10 kg | Manual IN entry recorded for J053","","0","","IN","pcs","Admin","Staff Rice (Stock IN (+))","""2026-08-22T13:49:26.963Z""","""public"".""stock_logs""","","","","","",""
"6a89a2c63fb8c43ecce7c1e0","log_1785949182917_tpjp","2026-08-05T16:59:42.919Z","2026-08-22T13:23:18.491Z","'-5 packet | Manual OUT entry recorded for J002","","0","","IN","pcs","Admin","Palm Oil (পাম অয়েল) (Stock OUT (-))","""2026-08-22T13:49:26.963Z""","""public"".""stock_logs""","","","","","",""
"6a89a2c63fb8c43ecce7c1e1","log_1785949192445_vpqs","2026-08-05T16:59:52.447Z","2026-08-22T13:23:18.491Z","'-1 pcs | Manual OUT entry recorded for J013","","0","","IN","pcs","Admin","Kasuri Methi (Stock OUT (-))","""2026-08-22T13:49:26.963Z""","""public"".""stock_logs""","","","","","",""
"6a89a2c63fb8c43ecce7c1e2","log_1785949215631_mcib","2026-08-05T17:00:15.633Z","2026-08-22T13:23:18.491Z","'-0.5 kg | Manual OUT entry recorded for J016","","0","","IN","pcs","Admin","Ajinomoto (Ajina) (Stock OUT (-))","""2026-08-22T13:49:26.963Z""","""public"".""stock_logs""","","","","","",""
"6a89a2c63fb8c43ecce7c1e3","log_1785949307500_bd2c","2026-08-05T17:01:47.502Z","2026-08-22T13:23:18.491Z","'-2 kg | Deleted wrong OUT entry for SKU J016","","0","","IN","pcs","Admin","Ajinomoto (Ajina) (Delete wrong OUT)","""2026-08-22T13:49:26.963Z""","""public"".""stock_logs""","","","","","",""
"6a89a2c63fb8c43ecce7c1e4","log_1785949312674_whm0","2026-08-05T17:01:52.676Z","2026-08-22T13:23:18.491Z","'-0.5 kg | Deleted wrong OUT entry for SKU J016","","0","","IN","pcs","Admin","Ajinomoto (Ajina) (Delete wrong OUT)","""2026-08-22T13:49:26.963Z""","""public"".""stock_logs""","","","","","",""
"6a89a2c63fb8c43ecce7c1e5","log_1785949321783_ksff","2026-08-05T17:02:01.786Z","2026-08-22T13:23:18.491Z","'-1.5 kg | Manual OUT entry recorded for J016","","0","","IN","pcs","Admin","Ajinomoto (Ajina) (Stock OUT (-))","""2026-08-22T13:49:26.963Z""","""public"".""stock_logs""","","","","","",""
"6a89a2c63fb8c43ecce7c1e6","log_1785949708710_9swb","2026-08-05T17:08:28.712Z","2026-08-22T13:23:18.491Z","'-1 kg | Manual OUT entry recorded for J012","","0","","IN","pcs","Admin","Corn Flour (Stock OUT (-))","""2026-08-22T13:49:26.963Z""","""public"".""stock_logs""","","","","","",""
"6a89a2c63fb8c43ecce7c1e7","log_1785949722775_xc1l","2026-08-05T17:08:42.777Z","2026-08-22T13:23:18.491Z","'-1 packet | Manual OUT entry recorded for J008","","0","","IN","pcs","Admin","Tomato Sauce (টমেটো sos) (Stock OUT (-))","""2026-08-22T13:49:26.963Z""","""public"".""stock_logs""","","","","","",""
"6a89a2c63fb8c43ecce7c1e8","log_1785949757065_llzq","2026-08-05T17:09:17.067Z","2026-08-22T13:23:18.491Z","'-150 g | Manual OUT entry recorded for J037","","0","","IN","pcs","Admin","Dalchini (Cinnamon) (Stock OUT (-))","""2026-08-22T13:49:26.963Z""","""public"".""stock_logs""","","","","","",""
"6a89a2c63fb8c43ecce7c1e9","log_1785950846062_g2ja","2026-08-05T17:27:26.064Z","2026-08-22T13:23:18.491Z","'-100 g | Manual OUT entry recorded for J039","","0","","IN","pcs","Admin","Rose Petals (Stock OUT (-))","""2026-08-22T13:49:26.963Z""","""public"".""stock_logs""","","","","","",""
"6a89a2c63fb8c43ecce7c1ea","log_1785950881273_ew7t","2026-08-05T17:28:01.275Z","2026-08-22T13:23:18.491Z","'-3 packet | Manual OUT entry recorded for J017","","0","","IN","pcs","Admin","Chilli Powder (Stock OUT (-))","""2026-08-22T13:49:26.963Z""","""public"".""stock_logs""","","","","","",""
"6a89a2c63fb8c43ecce7c1eb","log_1785951122903_fhf8","2026-08-05T17:32:02.905Z","2026-08-22T13:23:18.491Z","'-1 box | Manual OUT entry recorded for J043","","0","","IN","pcs","Admin","Baking Powder (Stock OUT (-))","""2026-08-22T13:49:26.963Z""","""public"".""stock_logs""","","","","","",""
"6a89a2c63fb8c43ecce7c1ec","log_1785951138661_6bbg","2026-08-05T17:32:18.662Z","2026-08-22T13:23:18.491Z","'-1 L | Manual OUT entry recorded for J004","","0","","IN","pcs","Admin","Mustard Oil (মাস্টার অয়েল) (Stock OUT (-))","""2026-08-22T13:49:26.963Z""","""public"".""stock_logs""","","","","","",""
"6a89a2c63fb8c43ecce7c1ed","log_1785951157567_qm3i","2026-08-05T17:32:37.569Z","2026-08-22T13:23:18.491Z","'-1 box | Manual OUT entry recorded for J044","","0","","IN","pcs","Admin","Mushroom (Stock OUT (-))","""2026-08-22T13:49:26.963Z""","""public"".""stock_logs""","","","","","",""
"6a89a2c63fb8c43ecce7c1ee","log_1785951205072_5j8b","2026-08-05T17:33:25.074Z","2026-08-22T13:23:18.491Z","'-3.5 kg | Manual OUT entry recorded for J005","","0","","IN","pcs","Admin","Maida (মাইদা) (Stock OUT (-))","""2026-08-22T13:49:26.963Z""","""public"".""stock_logs""","","","","","",""
"6a89a2c63fb8c43ecce7c1ef","log_1785951353144_8uzq","2026-08-05T17:35:53.147Z","2026-08-22T13:23:18.491Z","'-3.5 kg | Deleted wrong OUT entry for SKU J005","","0","","IN","pcs","Admin","Maida (মাইদা) (Delete wrong OUT)","""2026-08-22T13:49:26.963Z""","""public"".""stock_logs""","","","","","",""
"6a89a2c63fb8c43ecce7c1f0","log_1785951385961_nr3q","2026-08-05T17:36:25.963Z","2026-08-22T13:23:18.491Z","'-0.7 kg | Manual OUT entry recorded for J083","","0","","IN","pcs","Admin","Tomato (টমেটো) (Stock OUT (-))","""2026-08-22T13:49:26.963Z""","""public"".""stock_logs""","","","","","",""
"6a89a2c63fb8c43ecce7c1f1","log_1785951420666_gk9y","2026-08-05T17:37:00.669Z","2026-08-22T13:23:18.491Z","'-0.5 kg | Manual OUT entry recorded for J079","","0","","IN","pcs","Admin","Capsicum (Stock OUT (-))","""2026-08-22T13:49:26.963Z""","""public"".""stock_logs""","","","","","",""
"6a89a2c63fb8c43ecce7c1f2","log_1785951461181_i9b4","2026-08-05T17:37:41.183Z","2026-08-22T13:23:18.491Z","'-0.5 kg | Manual OUT entry recorded for J080","","0","","IN","pcs","Admin","Carrot (Stock OUT (-))","""2026-08-22T13:49:26.963Z""","""public"".""stock_logs""","","","","","",""
"6a89a2c63fb8c43ecce7c1f3","log_1785951493746_ddkt","2026-08-05T17:38:13.748Z","2026-08-22T13:23:18.491Z","'-0.12 kg | Manual OUT entry recorded for J084","","0","","IN","pcs","Admin","Cabbage (বাঁধাকপি) (Stock OUT (-))","""2026-08-22T13:49:26.963Z""","""public"".""stock_logs""","","","","","",""
"6a89a2c63fb8c43ecce7c1f4","log_1785951524672_pff2","2026-08-05T17:38:44.675Z","2026-08-22T13:23:18.491Z","'-0.5 kg | Manual OUT entry recorded for J088","","0","","IN","pcs","Admin","Cucumber (শসা) (Stock OUT (-))","""2026-08-22T13:49:26.963Z""","""public"".""stock_logs""","","","","","",""
"6a89a2c63fb8c43ecce7c1f5","log_1785951542895_8k5u","2026-08-05T17:39:02.897Z","2026-08-22T13:23:18.491Z","'-0.2 kg | Manual OUT entry recorded for J086","","0","","IN","pcs","Admin","Dhania Pata (Coriander) (Stock OUT (-))","""2026-08-22T13:49:26.963Z""","""public"".""stock_logs""","","","","","",""
"6a89a2c63fb8c43ecce7c1f6","log_1785951562998_3sya","2026-08-05T17:39:23.000Z","2026-08-22T13:23:18.491Z","'-2.5 kg | Manual OUT entry recorded for J075","","0","","IN","pcs","Admin","Potato (আলু) (Stock OUT (-))","""2026-08-22T13:49:26.963Z""","""public"".""stock_logs""","","","","","",""
"6a89a2c63fb8c43ecce7c1f7","log_1785951601369_jo3r","2026-08-05T17:40:01.371Z","2026-08-22T13:23:18.491Z","'-3.5 kg | Manual OUT entry recorded for J076","","0","","IN","pcs","Admin","Onion (পেঁয়াজ) (Stock OUT (-))","""2026-08-22T13:49:26.963Z""","""public"".""stock_logs""","","","","","",""
"6a89a2c63fb8c43ecce7c1f8","log_1785951623537_af1k","2026-08-05T17:40:23.539Z","2026-08-22T13:23:18.491Z","'-0.2 kg | Manual OUT entry recorded for J082","","0","","IN","pcs","Admin","Green Chilli (কাঁচা লঙ্কা) (Stock OUT (-))","""2026-08-22T13:49:26.963Z""","""public"".""stock_logs""","","","","","",""
"6a89a2c63fb8c43ecce7c1f9","log_1785951664680_vd2w","2026-08-05T17:41:04.682Z","2026-08-22T13:23:18.491Z","'-0.5 kg | Manual OUT entry recorded for J081","","0","","IN","pcs","Admin","Beans (Stock OUT (-))","""2026-08-22T13:49:26.963Z""","""public"".""stock_logs""","","","","","",""
"6a89a2c63fb8c43ecce7c1fa","log_1785951719271_09ob","2026-08-05T17:41:59.274Z","2026-08-22T13:23:18.491Z","'-1 kg | Manual OUT entry recorded for J055","","0","","IN","pcs","Admin","Dahi (দই / Curd) (Stock OUT (-))","""2026-08-22T13:49:26.963Z""","""public"".""stock_logs""","","","","","",""
"6a89a2c63fb8c43ecce7c1fb","log_1785951735791_iihc","2026-08-05T17:42:15.793Z","2026-08-22T13:23:18.491Z","'-2 packet | Manual OUT entry recorded for J054","","0","","IN","pcs","Admin","Milk (দুধ) (Stock OUT (-))","""2026-08-22T13:49:26.963Z""","""public"".""stock_logs""","","","","","",""
"6a89a2c63fb8c43ecce7c1fc","log_1785951776128_psba","2026-08-05T17:42:56.130Z","2026-08-22T13:23:18.491Z","'-1 packet | Manual OUT entry recorded for J057","","0","","IN","pcs","Admin","Butter (Stock OUT (-))","""2026-08-22T13:49:26.963Z""","""public"".""stock_logs""","","","","","",""
"6a89a2c63fb8c43ecce7c1fd","log_1785951795710_ja75","2026-08-05T17:43:15.713Z","2026-08-22T13:23:18.491Z","'-1 packet | Manual OUT entry recorded for J112","","0","","IN","pcs","Admin","13x16 Carry Bag (Stock OUT (-))","""2026-08-22T13:49:26.963Z""","""public"".""stock_logs""","","","","","",""
"6a89a2c63fb8c43ecce7c1fe","log_1785951863813_j3kc","2026-08-05T17:44:23.817Z","2026-08-22T13:23:18.491Z","'-7 pcs | Manual OUT entry recorded for J064","","0","","IN","pcs","Admin","Bisleri Water 1L (Stock OUT (-))","""2026-08-22T13:49:26.963Z""","""public"".""stock_logs""","","","","","",""
"6a89a2c63fb8c43ecce7c1ff","log_1785951877053_5irs","2026-08-05T17:44:37.055Z","2026-08-22T13:23:18.491Z","'-4 pcs | Manual OUT entry recorded for J067","","0","","IN","pcs","Admin","Bisleri Water 500ml (Stock OUT (-))","""2026-08-22T13:49:26.963Z""","""public"".""stock_logs""","","","","","",""
"6a89a2c63fb8c43ecce7c200","log_1785951895800_qbun","2026-08-05T17:44:55.803Z","2026-08-22T13:23:18.491Z","'-1 pcs | Manual OUT entry recorded for J060","","0","","IN","pcs","Admin","Campa White 100ml (Stock OUT (-))","""2026-08-22T13:49:26.963Z""","""public"".""stock_logs""","","","","","",""
"6a89a2c63fb8c43ecce7c201","log_1785951916604_uxvf","2026-08-05T17:45:16.607Z","2026-08-22T13:23:18.491Z","'-4 pcs | Manual OUT entry recorded for J062","","0","","IN","pcs","Admin","Campa White 500ml (Stock OUT (-))","""2026-08-22T13:49:26.963Z""","""public"".""stock_logs""","","","","","",""
"6a89a2c63fb8c43ecce7c202","log_1785951955200_bgcb","2026-08-05T17:45:55.205Z","2026-08-22T13:23:18.491Z","'-4 pcs | Deleted wrong OUT entry for SKU J062","","0","","IN","pcs","Admin","Campa White 500ml (Delete wrong OUT)","""2026-08-22T13:49:26.963Z""","""public"".""stock_logs""","","","","","",""
"6a89a2c63fb8c43ecce7c203","log_1785951966199_m9rp","2026-08-05T17:46:06.201Z","2026-08-22T13:23:18.491Z","'-4 pcs | Manual OUT entry recorded for J061","","0","","IN","pcs","Admin","Campa Black 500ml (Stock OUT (-))","""2026-08-22T13:49:26.963Z""","""public"".""stock_logs""","","","","","",""
"6a89a2c63fb8c43ecce7c204","log_1786022643398_pe9j","2026-08-06T13:24:03.401Z","2026-08-22T13:23:18.491Z","'-5 packet | Manual OUT entry recorded for J002","","0","","IN","pcs","Admin","Palm Oil (পাম অয়েল) (Stock OUT (-))","""2026-08-22T13:49:26.963Z""","""public"".""stock_logs""","","","","","",""
"6a89a2c63fb8c43ecce7c205","log_1786022652639_qrow","2026-08-06T13:24:12.640Z","2026-08-22T13:23:18.491Z","'-2 packet | Manual OUT entry recorded for J007","","0","","IN","pcs","Admin","Chowmein Noodle (চাউমিন) (Stock OUT (-))","""2026-08-22T13:49:26.963Z""","""public"".""stock_logs""","","","","","",""
"6a89a2c63fb8c43ecce7c206","log_1786022670844_1mu0","2026-08-06T13:24:30.848Z","2026-08-22T13:23:18.491Z","'-3 packet | Manual OUT entry recorded for J017","","0","","IN","pcs","Admin","Chilli Powder (Stock OUT (-))","""2026-08-22T13:49:26.963Z""","""public"".""stock_logs""","","","","","",""
"6a89a2c63fb8c43ecce7c207","log_1786022689203_0exh","2026-08-06T13:24:49.206Z","2026-08-22T13:23:18.491Z","'-4 packet | Manual OUT entry recorded for J018","","0","","IN","pcs","Admin","Haldi (Turmeric Powder) (Stock OUT (-))","""2026-08-22T13:49:26.963Z""","""public"".""stock_logs""","","","","","",""
"6a89a2c63fb8c43ecce7c208","log_1786022724488_z83n","2026-08-06T13:25:24.490Z","2026-08-22T13:23:18.491Z","'-1 packet | Manual OUT entry recorded for J014","","0","","IN","pcs","Admin","Chat Masala (Stock OUT (-))","""2026-08-22T13:49:26.963Z""","""public"".""stock_logs""","","","","","",""
"6a89a2c63fb8c43ecce7c209","log_1786022893095_mhgc","2026-08-06T13:28:13.100Z","2026-08-22T13:23:18.491Z","'-1 L | Manual OUT entry recorded for J003","","0","","IN","pcs","Admin","Refined Oil (রেফাইন্ড অয়েল) (Stock OUT (-))","""2026-08-22T13:49:26.963Z""","""public"".""stock_logs""","","","","","",""
"6a89a2c63fb8c43ecce7c20a","log_1786022904965_cvgk","2026-08-06T13:28:24.968Z","2026-08-22T13:23:18.491Z","'-1 pcs | Manual OUT entry recorded for J011","","0","","IN","pcs","Admin","Vinegar (Stock OUT (-))","""2026-08-22T13:49:26.963Z""","""public"".""stock_logs""","","","","","",""
"6a89a2c63fb8c43ecce7c20b","log_1786022927164_2kx4","2026-08-06T13:28:47.169Z","2026-08-22T13:23:18.491Z","'-0.4 kg | Manual OUT entry recorded for J083","","0","","IN","pcs","Admin","Tomato (টমেটো) (Stock OUT (-))","""2026-08-22T13:49:26.963Z""","""public"".""stock_logs""","","","","","",""
"6a89a2c63fb8c43ecce7c20c","log_1786022946146_xo7c","2026-08-06T13:29:06.148Z","2026-08-22T13:23:18.491Z","'-0.7 kg | Manual OUT entry recorded for J079","","0","","IN","pcs","Admin","Capsicum (Stock OUT (-))","""2026-08-22T13:49:26.963Z""","""public"".""stock_logs""","","","","","",""
"6a89a2c63fb8c43ecce7c20d","log_1786022961564_5yvc","2026-08-06T13:29:21.568Z","2026-08-22T13:23:18.491Z","'-0.5 kg | Manual OUT entry recorded for J080","","0","","IN","pcs","Admin","Carrot (Stock OUT (-))","""2026-08-22T13:49:26.963Z""","""public"".""stock_logs""","","","","","",""
"6a89a2c63fb8c43ecce7c20e","log_1786023011130_mdl4","2026-08-06T13:30:11.133Z","2026-08-22T13:23:18.491Z","'-1.1 kg | Manual OUT entry recorded for J084","","0","","IN","pcs","Admin","Cabbage (বাঁধাকপি) (Stock OUT (-))","""2026-08-22T13:49:26.963Z""","""public"".""stock_logs""","","","","","",""
"6a89a2c63fb8c43ecce7c20f","log_1786023057497_a0r3","2026-08-06T13:30:57.503Z","2026-08-22T13:23:18.491Z","'-0.25 kg | Manual OUT entry recorded for J082","","0","","IN","pcs","Admin","Green Chilli (কাঁচা লঙ্কা) (Stock OUT (-))","""2026-08-22T13:49:26.963Z""","""public"".""stock_logs""","","","","","",""
"6a89a2c63fb8c43ecce7c210","log_1786023179377_bxj5","2026-08-06T13:32:59.380Z","2026-08-22T13:23:18.491Z","'-3.5 kg | Manual OUT entry recorded for J075","","0","","IN","pcs","Admin","Potato (আলু) (Stock OUT (-))","""2026-08-22T13:49:26.963Z""","""public"".""stock_logs""","","","","","",""
"6a89a2c63fb8c43ecce7c211","log_1786023197932_v56q","2026-08-06T13:33:17.934Z","2026-08-22T13:23:18.491Z","'-4.5 kg | Manual OUT entry recorded for J076","","0","","IN","pcs","Admin","Onion (পেঁয়াজ) (Stock OUT (-))","""2026-08-22T13:49:26.963Z""","""public"".""stock_logs""","","","","","",""
"6a89a2c63fb8c43ecce7c212","log_1786023225111_wiij","2026-08-06T13:33:45.113Z","2026-08-22T13:23:18.491Z","'-3 kg | Manual OUT entry recorded for J077","","0","","IN","pcs","Admin","Ginger (আদা) (Stock OUT (-))","""2026-08-22T13:49:26.963Z""","""public"".""stock_logs""","","","","","",""
"6a89a2c63fb8c43ecce7c213","log_1786023248604_c2tm","2026-08-06T13:34:08.607Z","2026-08-22T13:23:18.491Z","'-2.2 kg | Manual OUT entry recorded for J078","","0","","IN","pcs","Admin","Garlic (রসুন) (Stock OUT (-))","""2026-08-22T13:49:26.963Z""","""public"".""stock_logs""","","","","","",""
"6a89a2c63fb8c43ecce7c214","log_1786023296388_98as","2026-08-06T13:34:56.391Z","2026-08-22T13:23:18.491Z","'+10 kg | Manual IN entry recorded for J075","","0","","IN","pcs","Admin","Potato (আলু) (Stock IN (+))","""2026-08-22T13:49:26.963Z""","""public"".""stock_logs""","","","","","",""
"6a89a2c63fb8c43ecce7c215","log_1786023315112_cbw9","2026-08-06T13:35:15.114Z","2026-08-22T13:23:18.491Z","'+17 kg | Manual IN entry recorded for J076","","0","","IN","pcs","Admin","Onion (পেঁয়াজ) (Stock IN (+))","""2026-08-22T13:49:26.963Z""","""public"".""stock_logs""","","","","","",""
"6a89a2c63fb8c43ecce7c216","log_1786023338367_2epw","2026-08-06T13:35:38.370Z","2026-08-22T13:23:18.491Z","'+250 g | Manual IN entry recorded for J056","","0","","IN","pcs","Admin","Paneer (পনির) (Stock IN (+))","""2026-08-22T13:49:26.963Z""","""public"".""stock_logs""","","","","","",""
"6a89a2c63fb8c43ecce7c217","log_1786023349415_7o0e","2026-08-06T13:35:49.417Z","2026-08-22T13:23:18.491Z","'+2 packet | Manual IN entry recorded for J054","","0","","IN","pcs","Admin","Milk (দুধ) (Stock IN (+))","""2026-08-22T13:49:26.963Z""","""public"".""stock_logs""","","","","","",""
"6a89a2c63fb8c43ecce7c218","log_1786023485756_q3vo","2026-08-06T13:38:05.760Z","2026-08-22T13:23:18.491Z","'-1 packet | Manual OUT entry recorded for J054","","0","","IN","pcs","Admin","Milk (দুধ) (Stock OUT (-))","""2026-08-22T13:49:26.963Z""","""public"".""stock_logs""","","","","","",""
"6a89a2c63fb8c43ecce7c219","log_1786023554321_hwvz","2026-08-06T13:39:14.323Z","2026-08-22T13:23:18.491Z","'+1 packet | Manual IN entry recorded for J054","","0","","IN","pcs","Admin","Milk (দুধ) (Stock IN (+))","""2026-08-22T13:49:26.963Z""","""public"".""stock_logs""","","","","","",""
"6a89a2c63fb8c43ecce7c21a","log_1786023735147_lexw","2026-08-06T13:42:15.157Z","2026-08-22T13:23:18.491Z","'+18 kg | Deleted wrong IN entry for SKU J055","","0","","IN","pcs","Admin","Dahi (দই / Curd) (Delete wrong IN)","""2026-08-22T13:49:26.963Z""","""public"".""stock_logs""","","","","","",""
"6a89a2c63fb8c43ecce7c21b","log_1786023742537_cxgi","2026-08-06T13:42:22.541Z","2026-08-22T13:23:18.491Z","'+16 kg | Deleted wrong IN entry for SKU J055","","0","","IN","pcs","Admin","Dahi (দই / Curd) (Delete wrong IN)","""2026-08-22T13:49:26.963Z""","""public"".""stock_logs""","","","","","",""
"6a89a2c63fb8c43ecce7c21c","log_1786023881011_2yso","2026-08-06T13:44:41.015Z","2026-08-22T13:23:18.491Z","'-16 kg | Deleted wrong OUT entry for SKU J055","","0","","IN","pcs","Admin","Dahi (দই / Curd) (Delete wrong OUT)","""2026-08-22T13:49:26.963Z""","""public"".""stock_logs""","","","","","",""
"6a89a2c63fb8c43ecce7c21d","log_1786023929173_csdj","2026-08-06T13:45:29.175Z","2026-08-22T13:23:18.491Z","'+4 kg | Deleted wrong IN entry for SKU J055","","0","","IN","pcs","Admin","Dahi (দই / Curd) (Delete wrong IN)","""2026-08-22T13:49:26.963Z""","""public"".""stock_logs""","","","","","",""
"6a89a2c63fb8c43ecce7c21e","log_1786023996037_cizn","2026-08-06T13:46:36.039Z","2026-08-22T13:23:18.491Z","'-4 kg | Manual OUT entry recorded for J055","","0","","IN","pcs","Admin","Dahi (দই / Curd) (Stock OUT (-))","""2026-08-22T13:49:26.963Z""","""public"".""stock_logs""","","","","","",""
"6a89a2c63fb8c43ecce7c21f","log_1786024009516_7a1s","2026-08-06T13:46:49.518Z","2026-08-22T13:23:18.491Z","'+1 kg | Manual IN entry recorded for J055","","0","","IN","pcs","Admin","Dahi (দই / Curd) (Stock IN (+))","""2026-08-22T13:49:26.963Z""","""public"".""stock_logs""","","","","","",""
"6a89a2c63fb8c43ecce7c220","log_1786024019739_tyvp","2026-08-06T13:46:59.743Z","2026-08-22T13:23:18.491Z","'+1 kg | Deleted wrong IN entry for SKU J055","","0","","IN","pcs","Admin","Dahi (দই / Curd) (Delete wrong IN)","""2026-08-22T13:49:26.963Z""","""public"".""stock_logs""","","","","","",""
"6a89a2c63fb8c43ecce7c221","log_1786024035499_zzl1","2026-08-06T13:47:15.502Z","2026-08-22T13:23:18.491Z","'+2 kg | Manual IN entry recorded for J055","","0","","IN","pcs","Admin","Dahi (দই / Curd) (Stock IN (+))","""2026-08-22T13:49:26.963Z""","""public"".""stock_logs""","","","","","",""
"6a89a2c63fb8c43ecce7c222","log_1786029361253_gd4u","2026-08-06T15:16:01.256Z","2026-08-22T13:23:18.491Z","'-1 packet | Manual OUT entry recorded for J108","","0","","IN","pcs","Admin","Tissue Paper (Stock OUT (-))","""2026-08-22T13:49:26.963Z""","""public"".""stock_logs""","","","","","",""
"6a89a2c63fb8c43ecce7c223","log_1786029411089_pzx1","2026-08-06T15:16:51.092Z","2026-08-22T13:23:18.491Z","'-50 pcs | Manual OUT entry recorded for J104","","0","","IN","pcs","Admin","1000ml Container (Stock OUT (-))","""2026-08-22T13:49:26.963Z""","""public"".""stock_logs""","","","","","",""
"6a89a2c63fb8c43ecce7c224","log_1786030897937_wc1c","2026-08-06T15:41:37.941Z","2026-08-22T13:23:18.491Z","'-330 kg | Manual OUT entry recorded for J086","","0","","IN","pcs","Admin","Dhania Pata (Coriander) (Stock OUT (-))","""2026-08-22T13:49:26.963Z""","""public"".""stock_logs""","","","","","",""
"6a89a2c63fb8c43ecce7c225","log_1786032423767_mhzx","2026-08-06T16:07:03.770Z","2026-08-22T13:23:18.491Z","'-0.33 kg | Manual OUT entry recorded for J086","","0","","IN","pcs","Admin","Dhania Pata (Coriander) (Stock OUT (-))","""2026-08-22T13:49:26.963Z""","""public"".""stock_logs""","","","","","",""
"6a89a2c63fb8c43ecce7c226","log_1786032469170_v87n","2026-08-06T16:07:49.174Z","2026-08-22T13:23:18.491Z","'-19.5 kg | Manual OUT entry recorded for J076","","0","","IN","pcs","Admin","Onion (পেঁয়াজ) (Stock OUT (-))","""2026-08-22T13:49:26.963Z""","""public"".""stock_logs""","","","","","",""
"6a89a2c63fb8c43ecce7c227","log_1786033809644_k5fu","2026-08-06T16:30:09.648Z","2026-08-22T13:23:18.491Z","'+5 kg | Manual IN entry recorded for J076","","0","","IN","pcs","Admin","Onion (পেঁয়াজ) (Stock IN (+))","""2026-08-22T13:49:26.963Z""","""public"".""stock_logs""","","","","","",""
"6a89a2c63fb8c43ecce7c228","log_1786033864902_qtsf","2026-08-06T16:31:04.908Z","2026-08-22T13:23:18.491Z","'-330 kg | Deleted wrong OUT entry for SKU J086","","0","","IN","pcs","Admin","Dhania Pata (Coriander) (Delete wrong OUT)","""2026-08-22T13:49:26.963Z""","""public"".""stock_logs""","","","","","",""
"6a89a2c63fb8c43ecce7c229","log_1786036757122_2z5p","2026-08-06T17:19:17.125Z","2026-08-22T13:23:18.491Z","'-5 pcs | Manual OUT entry recorded for J061","","0","","IN","pcs","Admin","Campa Black 500ml (Stock OUT (-))","""2026-08-22T13:49:26.963Z""","""public"".""stock_logs""","","","","","",""
"6a89a2c63fb8c43ecce7c22a","log_1786036789226_ynll","2026-08-06T17:19:49.229Z","2026-08-22T13:23:18.491Z","'-12 pcs | Manual OUT entry recorded for J063","","0","","IN","pcs","Admin","Kinley Water 1L (Stock OUT (-))","""2026-08-22T13:49:26.963Z""","""public"".""stock_logs""","","","","","",""
"6a89a2c63fb8c43ecce7c22b","log_1786036830993_ubuf","2026-08-06T17:20:30.995Z","2026-08-22T13:23:18.491Z","'-2 pcs | Manual OUT entry recorded for J074","","0","","IN","pcs","Admin","Sprite 1L (Stock OUT (-))","""2026-08-22T13:49:26.963Z""","""public"".""stock_logs""","","","","","",""
"6a89a2c63fb8c43ecce7c22c","log_1786036837809_wgx1","2026-08-06T17:20:37.811Z","2026-08-22T13:23:18.491Z","'-2 pcs | Deleted wrong OUT entry for SKU J074","","0","","IN","pcs","Admin","Sprite 1L (Delete wrong OUT)","""2026-08-22T13:49:26.963Z""","""public"".""stock_logs""","","","","","",""
"6a89a2c63fb8c43ecce7c22d","log_1786036890634_4s81","2026-08-06T17:21:30.636Z","2026-08-22T13:23:18.491Z","'-4 pcs | Manual OUT entry recorded for J090","","0","","IN","pcs","Admin","Rs 10 Cone (Stock OUT (-))","""2026-08-22T13:49:26.963Z""","""public"".""stock_logs""","","","","","",""
"6a89a2c63fb8c43ecce7c22e","log_1786036953610_f09l","2026-08-06T17:22:33.611Z","2026-08-22T13:23:18.491Z","'-1 pcs | Manual OUT entry recorded for J095","","0","","IN","pcs","Admin","Rs 30 Cone (Stock OUT (-))","""2026-08-22T13:49:26.963Z""","""public"".""stock_logs""","","","","","",""
"6a89a2c63fb8c43ecce7c22f","log_1786037778897_ffxv","2026-08-06T17:36:18.900Z","2026-08-22T13:23:18.491Z","'-6 pcs | Manual OUT entry recorded for J093","","0","","IN","pcs","Admin","Rs 20 Stick (Stock OUT (-))","""2026-08-22T13:49:26.963Z""","""public"".""stock_logs""","","","","","",""
"6a89a2c63fb8c43ecce7c230","log_1786084917809_e5go","2026-08-07T06:41:57.814Z","2026-08-22T13:23:18.491Z","'-330 kg | Deleted wrong OUT entry for SKU J086","","0","","IN","pcs","Admin","Dhania Pata (Coriander) (Delete wrong OUT)","""2026-08-22T13:49:26.963Z""","""public"".""stock_logs""","","","","","",""
"6a89a2c63fb8c43ecce7c231","log_1786085203535_a42q","2026-08-07T06:46:43.548Z","2026-08-22T13:23:18.491Z","'-12 pcs | Deleted wrong OUT entry for SKU J063","","0","","IN","pcs","Admin","Kinley Water 1L (Delete wrong OUT)","""2026-08-22T13:49:26.963Z""","""public"".""stock_logs""","","","","","",""
"6a89a2c63fb8c43ecce7c232","log_1786085223321_6o12","2026-08-07T06:47:03.325Z","2026-08-22T13:23:18.491Z","'-12 pcs | Manual OUT entry recorded for J064","","0","","IN","pcs","Admin","Bisleri Water 1L (Stock OUT (-))","""2026-08-22T13:49:26.963Z""","""public"".""stock_logs""","","","","","",""
"6a89a2c63fb8c43ecce7c233","log_1786106457643_3qg9","2026-08-07T12:40:57.645Z","2026-08-22T13:23:18.491Z","'-4 packet | Manual OUT entry recorded for J017","","0","","IN","pcs","Admin","Chilli Powder (Stock OUT (-))","""2026-08-22T13:49:26.963Z""","""public"".""stock_logs""","","","","","",""
"6a89a2c63fb8c43ecce7c234","log_1786106493444_e5v4","2026-08-07T12:41:33.446Z","2026-08-22T13:23:18.491Z","'-5 packet | Manual OUT entry recorded for J002","","0","","IN","pcs","Admin","Palm Oil (পাম অয়েল) (Stock OUT (-))","""2026-08-22T13:49:26.963Z""","""public"".""stock_logs""","","","","","",""
"6a89a2c63fb8c43ecce7c235","log_1786106537876_1zir","2026-08-07T12:42:17.879Z","2026-08-22T13:23:18.491Z","'-1 kg | Manual OUT entry recorded for J005","","0","","IN","pcs","Admin","Maida (মাইদা) (Stock OUT (-))","""2026-08-22T13:49:26.963Z""","""public"".""stock_logs""","","","","","",""
"6a89a2c63fb8c43ecce7c236","log_1786106557755_wyfb","2026-08-07T12:42:37.758Z","2026-08-22T13:23:18.491Z","'-1 kg | Deleted wrong OUT entry for SKU J005","","0","","IN","pcs","Admin","Maida (মাইদা) (Delete wrong OUT)","""2026-08-22T13:49:26.963Z""","""public"".""stock_logs""","","","","","",""
"6a89a2c63fb8c43ecce7c237","log_1786106578620_f69x","2026-08-07T12:42:58.622Z","2026-08-22T13:23:18.491Z","'-1 pcs | Manual OUT entry recorded for J013","","0","","IN","pcs","Admin","Kasuri Methi (Stock OUT (-))","""2026-08-22T13:49:26.963Z""","""public"".""stock_logs""","","","","","",""
"6a89a2c63fb8c43ecce7c238","log_1786106621004_3g0c","2026-08-07T12:43:41.006Z","2026-08-22T13:23:18.491Z","'-1 box | Manual OUT entry recorded for J024","","0","","IN","pcs","Admin","Red Food Color (Stock OUT (-))","""2026-08-22T13:49:26.963Z""","""public"".""stock_logs""","","","","","",""
"6a89a2c63fb8c43ecce7c239","log_1786106661836_f45z","2026-08-07T12:44:21.839Z","2026-08-22T13:23:18.491Z","'-2 packet | Manual OUT entry recorded for J030","","0","","IN","pcs","Admin","Posto (Poppy Seeds) (Stock OUT (-))","""2026-08-22T13:49:26.963Z""","""public"".""stock_logs""","","","","","",""
"6a89a2c63fb8c43ecce7c23a","log_1786106684643_pm19","2026-08-07T12:44:44.645Z","2026-08-22T13:23:18.491Z","'-2 packet | Manual OUT entry recorded for J031","","0","","IN","pcs","Admin","Dalda / Vanaspati (Stock OUT (-))","""2026-08-22T13:49:26.963Z""","""public"".""stock_logs""","","","","","",""
"6a89a2c63fb8c43ecce7c23b","log_1786106716875_79up","2026-08-07T12:45:16.877Z","2026-08-22T13:23:18.491Z","'-100 g | Manual OUT entry recorded for J033","","0","","IN","pcs","Admin","Mogoz (Melon Seeds) (Stock OUT (-))","""2026-08-22T13:49:26.963Z""","""public"".""stock_logs""","","","","","",""
"6a89a2c63fb8c43ecce7c23c","log_1786106775819_btkd","2026-08-07T12:46:15.821Z","2026-08-22T13:23:18.491Z","'-200 g | Manual OUT entry recorded for J051","","0","","IN","pcs","Admin","Dhania (Coriander Seeds) (Stock OUT (-))","""2026-08-22T13:49:26.963Z""","""public"".""stock_logs""","","","","","",""
"6a89a2c63fb8c43ecce7c23d","log_1786106803235_ex49","2026-08-07T12:46:43.238Z","2026-08-22T13:23:18.491Z","'-4 packet | Manual OUT entry recorded for J052","","0","","IN","pcs","Admin","Egg (ডিম) (Stock OUT (-))","""2026-08-22T13:49:26.963Z""","""public"".""stock_logs""","","","","","",""
"6a89a2c63fb8c43ecce7c23e","log_1786106840450_x2ww","2026-08-07T12:47:20.452Z","2026-08-22T13:23:18.491Z","'-1 packet | Manual OUT entry recorded for J054","","0","","IN","pcs","Admin","Milk (দুধ) (Stock OUT (-))","""2026-08-22T13:49:26.963Z""","""public"".""stock_logs""","","","","","",""
"6a89a2c63fb8c43ecce7c23f","log_1786106867613_rimr","2026-08-07T12:47:47.615Z","2026-08-22T13:23:18.491Z","'-3 pcs | Manual OUT entry recorded for J063","","0","","IN","pcs","Admin","Kinley Water 1L (Stock OUT (-))","""2026-08-22T13:49:26.963Z""","""public"".""stock_logs""","","","","","",""
"6a89a2c63fb8c43ecce7c240","log_1786106898980_9qn5","2026-08-07T12:48:18.983Z","2026-08-22T13:23:18.491Z","'-1 packet | Manual OUT entry recorded for J057","","0","","IN","pcs","Admin","Butter (Stock OUT (-))","""2026-08-22T13:49:26.963Z""","""public"".""stock_logs""","","","","","",""
"6a89a2c63fb8c43ecce7c241","log_1786106936372_e5fq","2026-08-07T12:48:56.374Z","2026-08-22T13:23:18.491Z","'-2.8 kg | Manual OUT entry recorded for J075","","0","","IN","pcs","Admin","Potato (আলু) (Stock OUT (-))","""2026-08-22T13:49:26.963Z""","""public"".""stock_logs""","","","","","",""
"6a89a2c63fb8c43ecce7c242","log_1786106988339_vvxf","2026-08-07T12:49:48.342Z","2026-08-22T13:23:18.491Z","'-4.2 kg | Manual OUT entry recorded for J076","","0","","IN","pcs","Admin","Onion (পেঁয়াজ) (Stock OUT (-))","""2026-08-22T13:49:26.963Z""","""public"".""stock_logs""","","","","","",""
"6a89a2c63fb8c43ecce7c243","log_1786107035699_q86d","2026-08-07T12:50:35.702Z","2026-08-22T13:23:18.491Z","'-0.5 kg | Manual OUT entry recorded for J079","","0","","IN","pcs","Admin","Capsicum (Stock OUT (-))","""2026-08-22T13:49:26.963Z""","""public"".""stock_logs""","","","","","",""
"6a89a2c63fb8c43ecce7c244","log_1786107105508_lesv","2026-08-07T12:51:45.512Z","2026-08-22T13:23:18.491Z","'-0.5 kg | Manual OUT entry recorded for J080","","0","","IN","pcs","Admin","Carrot (Stock OUT (-))","""2026-08-22T13:49:26.963Z""","""public"".""stock_logs""","","","","","",""
"6a89a2c63fb8c43ecce7c245","log_1786107145947_73c6","2026-08-07T12:52:25.950Z","2026-08-22T13:23:18.491Z","'-0.25 kg | Manual OUT entry recorded for J082","","0","","IN","pcs","Admin","Green Chilli (কাঁচা লঙ্কা) (Stock OUT (-))","""2026-08-22T13:49:26.963Z""","""public"".""stock_logs""","","","","","",""
"6a89a2c63fb8c43ecce7c246","log_1786107195811_ghck","2026-08-07T12:53:15.814Z","2026-08-22T13:23:18.491Z","'-3.6 kg | Manual OUT entry recorded for J083","","0","","IN","pcs","Admin","Tomato (টমেটো) (Stock OUT (-))","""2026-08-22T13:49:26.963Z""","""public"".""stock_logs""","","","","","",""
"6a89a2c63fb8c43ecce7c247","log_1786107236147_v96o","2026-08-07T12:53:56.149Z","2026-08-22T13:23:18.491Z","'-1.1 kg | Manual OUT entry recorded for J084","","0","","IN","pcs","Admin","Cabbage (বাঁধাকপি) (Stock OUT (-))","""2026-08-22T13:49:26.963Z""","""public"".""stock_logs""","","","","","",""
"6a89a2c63fb8c43ecce7c248","log_1786107286651_ml6e","2026-08-07T12:54:46.653Z","2026-08-22T13:23:18.491Z","'-0.3 kg | Manual OUT entry recorded for J086","","0","","IN","pcs","Admin","Dhania Pata (Coriander) (Stock OUT (-))","""2026-08-22T13:49:26.963Z""","""public"".""stock_logs""","","","","","",""
"6a89a2c63fb8c43ecce7c249","log_1786107340259_n2my","2026-08-07T12:55:40.261Z","2026-08-22T13:23:18.491Z","'-0.6 kg | Manual OUT entry recorded for J088","","0","","IN","pcs","Admin","Cucumber (শসা) (Stock OUT (-))","""2026-08-22T13:49:26.963Z""","""public"".""stock_logs""","","","","","",""
"6a89a2c63fb8c43ecce7c24a","log_1786107452482_pwiv","2026-08-07T12:57:32.487Z","2026-08-22T13:23:18.491Z","'-1 packet | Manual OUT entry recorded for J112","","0","","IN","pcs","Admin","13x16 Carry Bag (Stock OUT (-))","""2026-08-22T13:49:26.963Z""","""public"".""stock_logs""","","","","","",""
"6a89a2c63fb8c43ecce7c24b","log_1786107520283_jfml","2026-08-07T12:58:40.286Z","2026-08-22T13:23:18.491Z","'-2 packet | Manual OUT entry recorded for J108","","0","","IN","pcs","Admin","Tissue Paper (Stock OUT (-))","""2026-08-22T13:49:26.963Z""","""public"".""stock_logs""","","","","","",""
"6a89a2c63fb8c43ecce7c24c","log_1786107586971_sx1n","2026-08-07T12:59:46.974Z","2026-08-22T13:23:18.491Z","'-2 pcs | Manual OUT entry recorded for J124","","0","","IN","pcs","Admin","Vim Soap / Bar (Bhim Srap) (Stock OUT (-))","""2026-08-22T13:49:26.963Z""","""public"".""stock_logs""","","","","","",""
"6a89a2c63fb8c43ecce7c24d","log_1786107725443_6838","2026-08-07T13:02:05.446Z","2026-08-22T13:23:18.491Z","'+4 packet | Manual IN entry recorded for J052","","0","","IN","pcs","Admin","Egg (ডিম) (Stock IN (+))","""2026-08-22T13:49:26.963Z""","""public"".""stock_logs""","","","","","",""
"6a89a2c63fb8c43ecce7c24e","log_1786107771299_p8as","2026-08-07T13:02:51.302Z","2026-08-22T13:23:18.491Z","'-4.2 kg | Deleted wrong OUT entry for SKU J076","","0","","IN","pcs","Admin","Onion (পেঁয়াজ) (Delete wrong OUT)","""2026-08-22T13:49:26.963Z""","""public"".""stock_logs""","","","","","",""
"6a89a2c63fb8c43ecce7c24f","log_1786107817396_ivln","2026-08-07T13:03:37.398Z","2026-08-22T13:23:18.491Z","'-9 kg | Manual OUT entry recorded for J076","","0","","IN","pcs","Admin","Onion (পেঁয়াজ) (Stock OUT (-))","""2026-08-22T13:49:26.963Z""","""public"".""stock_logs""","","","","","",""
"6a89a2c63fb8c43ecce7c250","log_1786111021825_dobt","2026-08-07T13:57:01.829Z","2026-08-22T13:23:18.491Z","'-50 pcs | Manual OUT entry recorded for J106","","0","","IN","pcs","Admin","750ml Container (Stock OUT (-))","""2026-08-22T13:49:26.963Z""","""public"".""stock_logs""","","","","","",""
"6a89a2c63fb8c43ecce7c251","log_1786114400173_83xs","2026-08-07T14:53:20.178Z","2026-08-22T13:23:18.491Z","'-3 packet | Manual OUT entry recorded for J002","","0","","IN","pcs","Admin","Palm Oil (পাম অয়েল) (Stock OUT (-))","""2026-08-22T13:49:26.963Z""","""public"".""stock_logs""","","","","","",""
"6a89a2c63fb8c43ecce7c252","log_1786114434507_wm1f","2026-08-07T14:53:54.510Z","2026-08-22T13:23:18.491Z","'-5 packet | Deleted wrong OUT entry for SKU J002","","0","","IN","pcs","Admin","Palm Oil (পাম অয়েল) (Delete wrong OUT)","""2026-08-22T13:49:26.963Z""","""public"".""stock_logs""","","","","","",""
"6a89a2c63fb8c43ecce7c253","log_1786114442674_egdh","2026-08-07T14:54:02.679Z","2026-08-22T13:23:18.491Z","'-3 packet | Deleted wrong OUT entry for SKU J002","","0","","IN","pcs","Admin","Palm Oil (পাম অয়েল) (Delete wrong OUT)","""2026-08-22T13:49:26.963Z""","""public"".""stock_logs""","","","","","",""
"6a89a2c63fb8c43ecce7c254","log_1786114464177_x3dr","2026-08-07T14:54:24.181Z","2026-08-22T13:23:18.491Z","'-8 packet | Manual OUT entry recorded for J002","","0","","IN","pcs","Admin","Palm Oil (পাম অয়েল) (Stock OUT (-))","""2026-08-22T13:49:26.963Z""","""public"".""stock_logs""","","","","","",""
"6a89a2c63fb8c43ecce7c255","log_1786114507665_50ib","2026-08-07T14:55:07.668Z","2026-08-22T13:23:18.491Z","'-4 packet | Manual OUT entry recorded for J046","","0","","IN","pcs","Admin","Papad (Stock OUT (-))","""2026-08-22T13:49:26.963Z""","""public"".""stock_logs""","","","","","",""
"6a89a2c63fb8c43ecce7c256","log_1786114701436_dxn8","2026-08-07T14:58:21.438Z","2026-08-22T13:23:18.491Z","'-3 packet | Manual OUT entry recorded for J014","","0","","IN","pcs","Admin","Chat Masala (Stock OUT (-))","""2026-08-22T13:49:26.963Z""","""public"".""stock_logs""","","","","","",""
"6a89a2c63fb8c43ecce7c257","log_1786114713856_64nd","2026-08-07T14:58:33.859Z","2026-08-22T13:23:18.491Z","'-3 packet | Deleted wrong OUT entry for SKU J002","","0","","IN","pcs","Admin","Palm Oil (পাম অয়েল) (Delete wrong OUT)","""2026-08-22T13:49:26.963Z""","""public"".""stock_logs""","","","","","",""
"6a89a2c63fb8c43ecce7c258","log_1786114750305_fxfq","2026-08-07T14:59:10.308Z","2026-08-22T13:23:18.491Z","'-3 pcs | Deleted wrong OUT entry for SKU J063","","0","","IN","pcs","Admin","Kinley Water 1L (Delete wrong OUT)","""2026-08-22T13:49:26.963Z""","""public"".""stock_logs""","","","","","",""
"6a89a2c63fb8c43ecce7c259","log_1786114773209_fw0a","2026-08-07T14:59:33.213Z","2026-08-22T13:23:18.491Z","'-1 kg | Deleted wrong OUT entry for SKU J005","","0","","IN","pcs","Admin","Maida (মাইদা) (Delete wrong OUT)","""2026-08-22T13:49:26.963Z""","""public"".""stock_logs""","","","","","",""
"6a89a2c63fb8c43ecce7c25a","log_1786114783930_87g6","2026-08-07T14:59:43.933Z","2026-08-22T13:23:18.491Z","'-5 packet | Deleted wrong OUT entry for SKU J002","","0","","IN","pcs","Admin","Palm Oil (পাম অয়েল) (Delete wrong OUT)","""2026-08-22T13:49:26.963Z""","""public"".""stock_logs""","","","","","",""
"6a89a2c63fb8c43ecce7c25b","log_1786119805504_63e8","2026-08-07T16:23:25.508Z","2026-08-22T13:23:18.491Z","'-6 pcs | Manual OUT entry recorded for J068","","0","","IN","pcs","Admin","Local Mineral Water 500ml (Stock OUT (-))","""2026-08-22T13:49:26.963Z""","""public"".""stock_logs""","","","","","",""
"6a89a2c63fb8c43ecce7c25c","log_1786119833707_tp57","2026-08-07T16:23:53.709Z","2026-08-22T13:23:18.491Z","'-9 kg | Deleted wrong OUT entry for SKU J076","","0","","IN","pcs","Admin","Onion (পেঁয়াজ) (Delete wrong OUT)","""2026-08-22T13:49:26.963Z""","""public"".""stock_logs""","","","","","",""
"6a89a2c63fb8c43ecce7c25d","log_1786122597741_fcnn","2026-08-07T17:09:57.743Z","2026-08-22T13:23:18.491Z","'-6 pcs | Deleted wrong OUT entry for SKU J068","","0","","IN","pcs","Admin","Local Mineral Water 500ml (Delete wrong OUT)","""2026-08-22T13:49:26.963Z""","""public"".""stock_logs""","","","","","",""
"6a89a2c63fb8c43ecce7c25e","log_1786122609069_44le","2026-08-07T17:10:09.072Z","2026-08-22T13:23:18.491Z","'-12 pcs | Deleted wrong OUT entry for SKU J063","","0","","IN","pcs","Admin","Kinley Water 1L (Delete wrong OUT)","""2026-08-22T13:49:26.963Z""","""public"".""stock_logs""","","","","","",""
"6a89a2c63fb8c43ecce7c25f","log_1786122611476_h5tk","2026-08-07T17:10:11.480Z","2026-08-22T13:23:18.491Z","'-3 packet | Deleted wrong OUT entry for SKU J002","","0","","IN","pcs","Admin","Palm Oil (পাম অয়েল) (Delete wrong OUT)","""2026-08-22T13:49:26.963Z""","""public"".""stock_logs""","","","","","",""
"6a89a2c63fb8c43ecce7c260","log_1786122662985_i2g7","2026-08-07T17:11:02.989Z","2026-08-22T13:23:18.491Z","'-3 pcs | Deleted wrong OUT entry for SKU J063","","0","","IN","pcs","Admin","Kinley Water 1L (Delete wrong OUT)","""2026-08-22T13:49:26.963Z""","""public"".""stock_logs""","","","","","",""
"6a89a2c63fb8c43ecce7c261","log_1786122681761_eyhp","2026-08-07T17:11:21.766Z","2026-08-22T13:23:18.491Z","'-7 pcs | Manual OUT entry recorded for J064","","0","","IN","pcs","Admin","Bisleri Water 1L (Stock OUT (-))","""2026-08-22T13:49:26.963Z""","""public"".""stock_logs""","","","","","",""
"6a89a2c63fb8c43ecce7c262","log_1786122696030_ihw5","2026-08-07T17:11:36.045Z","2026-08-22T13:23:18.491Z","'-6 pcs | Deleted wrong OUT entry for SKU J068","","0","","IN","pcs","Admin","Local Mineral Water 500ml (Delete wrong OUT)","""2026-08-22T13:49:26.963Z""","""public"".""stock_logs""","","","","","",""
"6a89a2c63fb8c43ecce7c263","log_1786122711741_ijak","2026-08-07T17:11:51.744Z","2026-08-22T13:23:18.491Z","'-6 pcs | Manual OUT entry recorded for J067","","0","","IN","pcs","Admin","Bisleri Water 500ml (Stock OUT (-))","""2026-08-22T13:49:26.963Z""","""public"".""stock_logs""","","","","","",""
"6a89a2c63fb8c43ecce7c264","log_1786122729092_sut0","2026-08-07T17:12:09.097Z","2026-08-22T13:23:18.491Z","'-1 packet | Manual OUT entry recorded for J054","","0","","IN","pcs","Admin","Milk (দুধ) (Stock OUT (-))","""2026-08-22T13:49:26.963Z""","""public"".""stock_logs""","","","","","",""
"6a89a2c63fb8c43ecce7c265","log_1786122767003_xu7y","2026-08-07T17:12:47.011Z","2026-08-22T13:23:18.491Z","'-9 kg | Deleted wrong OUT entry for SKU J076","","0","","IN","pcs","Admin","Onion (পেঁয়াজ) (Delete wrong OUT)","""2026-08-22T13:49:26.963Z""","""public"".""stock_logs""","","","","","",""
"6a89a2c63fb8c43ecce7c266","log_1786122777693_1dpg","2026-08-07T17:12:57.696Z","2026-08-22T13:23:18.491Z","'-6.5 kg | Manual OUT entry recorded for J076","","0","","IN","pcs","Admin","Onion (পেঁয়াজ) (Stock OUT (-))","""2026-08-22T13:49:26.963Z""","""public"".""stock_logs""","","","","","",""
"6a89a2c63fb8c43ecce7c267","log_1786122821218_6kt7","2026-08-07T17:13:41.222Z","2026-08-22T13:23:18.491Z","'-4.2 kg | Deleted wrong OUT entry for SKU J076","","0","","IN","pcs","Admin","Onion (পেঁয়াজ) (Delete wrong OUT)","""2026-08-22T13:49:26.963Z""","""public"".""stock_logs""","","","","","",""
"6a89a2c63fb8c43ecce7c268","log_1786124683126_57yu","2026-08-07T17:44:43.130Z","2026-08-22T13:23:18.491Z","'-0.5 kg | Manual OUT entry recorded for J076","","0","","IN","pcs","Admin","Onion (পেঁয়াজ) (Stock OUT (-))","""2026-08-22T13:49:26.963Z""","""public"".""stock_logs""","","","","","",""
"6a89a2c63fb8c43ecce7c269","log_1786124696631_yh26","2026-08-07T17:44:56.634Z","2026-08-22T13:23:18.491Z","'-0.55 kg | Manual OUT entry recorded for J086","","0","","IN","pcs","Admin","Dhania Pata (Coriander) (Stock OUT (-))","""2026-08-22T13:49:26.963Z""","""public"".""stock_logs""","","","","","",""
"6a89a2c63fb8c43ecce7c26a","log_1786124883697_boha","2026-08-07T17:48:03.701Z","2026-08-22T13:23:18.491Z","'-7 packet | Manual OUT entry recorded for J052","","0","","IN","pcs","Admin","Egg (ডিম) (Stock OUT (-))","""2026-08-22T13:49:26.963Z""","""public"".""stock_logs""","","","","","",""
"6a89a2c63fb8c43ecce7c26b","log_1786125757595_9kzb","2026-08-07T18:02:37.598Z","2026-08-22T13:23:18.491Z","'-3 pcs | Manual OUT entry recorded for J064","","0","","IN","pcs","Admin","Bisleri Water 1L (Stock OUT (-))","""2026-08-22T13:49:26.963Z""","""public"".""stock_logs""","","","","","",""
"6a89a2c63fb8c43ecce7c26c","log_1786125815066_oyco","2026-08-07T18:03:35.068Z","2026-08-22T13:23:18.491Z","'-6 pcs | Manual OUT entry recorded for J061","","0","","IN","pcs","Admin","Campa Black 500ml (Stock OUT (-))","""2026-08-22T13:49:26.963Z""","""public"".""stock_logs""","","","","","",""
"6a89a2c63fb8c43ecce7c26d","log_1786125836133_sadc","2026-08-07T18:03:56.135Z","2026-08-22T13:23:18.491Z","'-3 pcs | Manual OUT entry recorded for J062","","0","","IN","pcs","Admin","Campa White 500ml (Stock OUT (-))","""2026-08-22T13:49:26.963Z""","""public"".""stock_logs""","","","","","",""
"6a89a2c63fb8c43ecce7c26e","log_1786125864126_qv97","2026-08-07T18:04:24.128Z","2026-08-22T13:23:18.491Z","'-2 pcs | Manual OUT entry recorded for J138","","0","","IN","pcs","Admin","CAMPA JEERA (Stock OUT (-))","""2026-08-22T13:49:26.963Z""","""public"".""stock_logs""","","","","","",""
"6a89a2c63fb8c43ecce7c26f","log_1786197216916_uzut","2026-08-08T13:53:36.919Z","2026-08-22T13:23:18.491Z","'-1 packet | Manual OUT entry recorded for J001","","0","","IN","pcs","Admin","Rice (রাইস) (Stock OUT (-))","""2026-08-22T13:49:26.963Z""","""public"".""stock_logs""","","","","","",""
"6a89a2c63fb8c43ecce7c270","log_1786197412784_dgjg","2026-08-08T13:56:52.786Z","2026-08-22T13:23:18.491Z","'-5 packet | Manual OUT entry recorded for J002","","0","","IN","pcs","Admin","Palm Oil (পাম অয়েল) (Stock OUT (-))","""2026-08-22T13:49:26.963Z""","""public"".""stock_logs""","","","","","",""
"6a89a2c63fb8c43ecce7c271","log_1786197440426_xhtz","2026-08-08T13:57:20.429Z","2026-08-22T13:23:18.491Z","'-1 L | Manual OUT entry recorded for J003","","0","","IN","pcs","Admin","Refined Oil (রেফাইন্ড অয়েল) (Stock OUT (-))","""2026-08-22T13:49:26.963Z""","""public"".""stock_logs""","","","","","",""
"6a89a2c63fb8c43ecce7c272","log_1786197505334_qc4t","2026-08-08T13:58:25.336Z","2026-08-22T13:23:18.491Z","'-5 kg | Manual OUT entry recorded for J006","","0","","IN","pcs","Admin","Atta (আটা) (Stock OUT (-))","""2026-08-22T13:49:26.963Z""","""public"".""stock_logs""","","","","","",""
"6a89a2c63fb8c43ecce7c273","log_1786197539293_qkwj","2026-08-08T13:58:59.296Z","2026-08-22T13:23:18.491Z","'-5 packet | Manual OUT entry recorded for J007","","0","","IN","pcs","Admin","Chowmein Noodle (চাউমিন) (Stock OUT (-))","""2026-08-22T13:49:26.963Z""","""public"".""stock_logs""","","","","","",""
"6a89a2c63fb8c43ecce7c274","log_1786197644633_6vji","2026-08-08T14:00:44.636Z","2026-08-22T13:23:18.491Z","'-1 packet | Manual OUT entry recorded for J008","","0","","IN","pcs","Admin","Tomato Sauce (টমেটো sos) (Stock OUT (-))","""2026-08-22T13:49:26.963Z""","""public"".""stock_logs""","","","","","",""
"6a89a2c63fb8c43ecce7c275","log_1786197661319_9yif","2026-08-08T14:01:01.323Z","2026-08-22T13:23:18.491Z","'-1 pcs | Manual OUT entry recorded for J009","","0","","IN","pcs","Admin","Chili Sauce (Stock OUT (-))","""2026-08-22T13:49:26.963Z""","""public"".""stock_logs""","","","","","",""
"6a89a2c63fb8c43ecce7c276","log_1786197678746_849i","2026-08-08T14:01:18.748Z","2026-08-22T13:23:18.491Z","'-1 pcs | Manual OUT entry recorded for J011","","0","","IN","pcs","Admin","Vinegar (Stock OUT (-))","""2026-08-22T13:49:26.963Z""","""public"".""stock_logs""","","","","","",""
"6a89a2c63fb8c43ecce7c277","log_1786198083496_jlcv","2026-08-08T14:08:03.499Z","2026-08-22T13:23:18.491Z","'-1 pcs | Manual OUT entry recorded for J013","","0","","IN","pcs","Admin","Kasuri Methi (Stock OUT (-))","""2026-08-22T13:49:26.963Z""","""public"".""stock_logs""","","","","","",""
"6a89a2c63fb8c43ecce7c278","log_1786198115507_h1xb","2026-08-08T14:08:35.511Z","2026-08-22T13:23:18.491Z","'+2 packet | Manual IN entry recorded for J054","","0","","IN","pcs","Admin","Milk (দুধ) (Stock IN (+))","""2026-08-22T13:49:26.963Z""","""public"".""stock_logs""","","","","","",""
"6a89a2c63fb8c43ecce7c279","log_1786198132448_v5he","2026-08-08T14:08:52.451Z","2026-08-22T13:23:18.491Z","'+3 kg | Manual IN entry recorded for J055","","0","","IN","pcs","Admin","Dahi (দই / Curd) (Stock IN (+))","""2026-08-22T13:49:26.963Z""","""public"".""stock_logs""","","","","","",""
"6a89a2c63fb8c43ecce7c27a","log_1786198191952_z7b6","2026-08-08T14:09:51.955Z","2026-08-22T13:23:18.491Z","'+3 kg | Manual IN entry recorded for J076","","0","","IN","pcs","Admin","Onion (পেঁয়াজ) (Stock IN (+))","""2026-08-22T13:49:26.963Z""","""public"".""stock_logs""","","","","","",""
"6a89a2c63fb8c43ecce7c27b","log_1786198277440_xhxe","2026-08-08T14:11:17.443Z","2026-08-22T13:23:18.491Z","'-4.5 kg | Manual OUT entry recorded for J075","","0","","IN","pcs","Admin","Potato (আলু) (Stock OUT (-))","""2026-08-22T13:49:26.963Z""","""public"".""stock_logs""","","","","","",""
"6a89a2c63fb8c43ecce7c27c","log_1786198362088_vqgn","2026-08-08T14:12:42.091Z","2026-08-22T13:23:18.491Z","'-4 kg | Manual OUT entry recorded for J076","","0","","IN","pcs","Admin","Onion (পেঁয়াজ) (Stock OUT (-))","""2026-08-22T13:49:26.963Z""","""public"".""stock_logs""","","","","","",""
"6a89a2c63fb8c43ecce7c27d","log_1786198404959_q70m","2026-08-08T14:13:24.962Z","2026-08-22T13:23:18.491Z","'-0.8 kg | Manual OUT entry recorded for J079","","0","","IN","pcs","Admin","Capsicum (Stock OUT (-))","""2026-08-22T13:49:26.963Z""","""public"".""stock_logs""","","","","","",""
"6a89a2c63fb8c43ecce7c27e","log_1786198441919_vf9z","2026-08-08T14:14:01.921Z","2026-08-22T13:23:18.491Z","'-0.55 kg | Manual OUT entry recorded for J080","","0","","IN","pcs","Admin","Carrot (Stock OUT (-))","""2026-08-22T13:49:26.963Z""","""public"".""stock_logs""","","","","","",""
"6a89a2c63fb8c43ecce7c27f","log_1786198473753_23wz","2026-08-08T14:14:33.756Z","2026-08-22T13:23:18.491Z","'-0.5 kg | Manual OUT entry recorded for J081","","0","","IN","pcs","Admin","Beans (Stock OUT (-))","""2026-08-22T13:49:26.963Z""","""public"".""stock_logs""","","","","","",""
"6a89a2c63fb8c43ecce7c280","log_1786198557758_rjc6","2026-08-08T14:15:57.761Z","2026-08-22T13:23:18.491Z","'-0.25 kg | Manual OUT entry recorded for J082","","0","","IN","pcs","Admin","Green Chilli (কাঁচা লঙ্কা) (Stock OUT (-))","""2026-08-22T13:49:26.963Z""","""public"".""stock_logs""","","","","","",""
"6a89a2c63fb8c43ecce7c281","log_1786198586555_id4v","2026-08-08T14:16:26.558Z","2026-08-22T13:23:18.491Z","'-0.8 kg | Manual OUT entry recorded for J083","","0","","IN","pcs","Admin","Tomato (টমেটো) (Stock OUT (-))","""2026-08-22T13:49:26.963Z""","""public"".""stock_logs""","","","","","",""
"6a89a2c63fb8c43ecce7c282","log_1786198774497_h3jl","2026-08-08T14:19:34.499Z","2026-08-22T13:23:18.491Z","'-1.5 kg | Manual OUT entry recorded for J084","","0","","IN","pcs","Admin","Cabbage (বাঁধাকপি) (Stock OUT (-))","""2026-08-22T13:49:26.963Z""","""public"".""stock_logs""","","","","","",""
"6a89a2c63fb8c43ecce7c283","log_1786198807098_38wl","2026-08-08T14:20:07.100Z","2026-08-22T13:23:18.491Z","'-0.5 kg | Manual OUT entry recorded for J088","","0","","IN","pcs","Admin","Cucumber (শসা) (Stock OUT (-))","""2026-08-22T13:49:26.963Z""","""public"".""stock_logs""","","","","","",""
"6a89a2c63fb8c43ecce7c284","log_1786199383759_srix","2026-08-08T14:29:43.762Z","2026-08-22T13:23:18.491Z","'-4 kg | Manual OUT entry recorded for J055","","0","","IN","pcs","Admin","Dahi (দই / Curd) (Stock OUT (-))","""2026-08-22T13:49:26.963Z""","""public"".""stock_logs""","","","","","",""
"6a89a2c63fb8c43ecce7c285","log_1786201641049_uuvf","2026-08-08T15:07:21.052Z","2026-08-22T13:23:18.491Z","'-1 packet | Manual OUT entry recorded for J112","","0","","IN","pcs","Admin","13x16 Carry Bag (Stock OUT (-))","""2026-08-22T13:49:26.963Z""","""public"".""stock_logs""","","","","","",""
"6a89a2c63fb8c43ecce7c286","log_1786205173247_expy","2026-08-08T16:06:13.250Z","2026-08-22T13:23:18.491Z","'-1 packet | Manual OUT entry recorded for J054","","0","","IN","pcs","Admin","Milk (দুধ) (Stock OUT (-))","""2026-08-22T13:49:26.963Z""","""public"".""stock_logs""","","","","","",""
"6a89a2c63fb8c43ecce7c287","log_1786205191110_ylt4","2026-08-08T16:06:31.112Z","2026-08-22T13:23:18.491Z","'-1 packet | Manual OUT entry recorded for J057","","0","","IN","pcs","Admin","Butter (Stock OUT (-))","""2026-08-22T13:49:26.963Z""","""public"".""stock_logs""","","","","","",""
"6a89a2c63fb8c43ecce7c288","log_1786205364590_tki5","2026-08-08T16:09:24.593Z","2026-08-22T13:23:18.491Z","'-0.4 packet | Manual OUT entry recorded for J058","","0","","IN","pcs","Admin","Amul Fresh Cream (Stock OUT (-))","""2026-08-22T13:49:26.963Z""","""public"".""stock_logs""","","","","","",""
"6a89a2c63fb8c43ecce7c289","log_1786205441543_bp4a","2026-08-08T16:10:41.546Z","2026-08-22T13:23:18.491Z","'-0.4 packet | Deleted wrong OUT entry for SKU J058","","0","","IN","pcs","Admin","Amul Fresh Cream (Delete wrong OUT)","""2026-08-22T13:49:26.963Z""","""public"".""stock_logs""","","","","","",""
"6a89a2c63fb8c43ecce7c28a","log_1786205468072_hezf","2026-08-08T16:11:08.074Z","2026-08-22T13:23:18.491Z","'-400 packet | Manual OUT entry recorded for J058","","0","","IN","pcs","Admin","Amul Fresh Cream (Stock OUT (-))","""2026-08-22T13:49:26.963Z""","""public"".""stock_logs""","","","","","",""
"6a89a2c63fb8c43ecce7c28b","log_1786205504471_s340","2026-08-08T16:11:44.473Z","2026-08-22T13:23:18.491Z","'-400 packet | Deleted wrong OUT entry for SKU J058","","0","","IN","pcs","Admin","Amul Fresh Cream (Delete wrong OUT)","""2026-08-22T13:49:26.963Z""","""public"".""stock_logs""","","","","","",""
"6a89a2c63fb8c43ecce7c28c","log_1786207721922_o1sn","2026-08-08T16:48:41.925Z","2026-08-22T13:23:18.491Z","'-2 packet | Manual OUT entry recorded for J108","","0","","IN","pcs","Admin","Tissue Paper (Stock OUT (-))","""2026-08-22T13:49:26.963Z""","""public"".""stock_logs""","","","","","",""
"6a89a2c63fb8c43ecce7c28d","log_1786207760259_xcx0","2026-08-08T16:49:20.261Z","2026-08-22T13:23:18.491Z","'-7 pcs | Manual OUT entry recorded for J064","","0","","IN","pcs","Admin","Bisleri Water 1L (Stock OUT (-))","""2026-08-22T13:49:26.963Z""","""public"".""stock_logs""","","","","","",""
"6a89a2c63fb8c43ecce7c28e","log_1786207781198_va1v","2026-08-08T16:49:41.200Z","2026-08-22T13:23:18.491Z","'-4 pcs | Manual OUT entry recorded for J061","","0","","IN","pcs","Admin","Campa Black 500ml (Stock OUT (-))","""2026-08-22T13:49:26.963Z""","""public"".""stock_logs""","","","","","",""
"6a89a2c63fb8c43ecce7c28f","log_1786207791013_1tzt","2026-08-08T16:49:51.015Z","2026-08-22T13:23:18.491Z","'-4 pcs | Deleted wrong OUT entry for SKU J061","","0","","IN","pcs","Admin","Campa Black 500ml (Delete wrong OUT)","""2026-08-22T13:49:26.963Z""","""public"".""stock_logs""","","","","","",""
"6a89a2c63fb8c43ecce7c290","log_1786207817934_eq2c","2026-08-08T16:50:17.936Z","2026-08-22T13:23:18.491Z","'-4 pcs | Manual OUT entry recorded for J062","","0","","IN","pcs","Admin","Campa White 500ml (Stock OUT (-))","""2026-08-22T13:49:26.963Z""","""public"".""stock_logs""","","","","","",""
"6a89a2c63fb8c43ecce7c291","log_1786290421949_ch2t","2026-08-09T15:47:01.952Z","2026-08-22T13:23:18.491Z","'-3 packet | Manual OUT entry recorded for J002","","0","","IN","pcs","Admin","Palm Oil (পাম অয়েল) (Stock OUT (-))","""2026-08-22T13:49:26.963Z""","""public"".""stock_logs""","","","","","",""
"6a89a2c63fb8c43ecce7c292","log_1786290442425_owul","2026-08-09T15:47:22.427Z","2026-08-22T13:23:18.491Z","'-4 packet | Manual OUT entry recorded for J007","","0","","IN","pcs","Admin","Chowmein Noodle (চাউমিন) (Stock OUT (-))","""2026-08-22T13:49:26.963Z""","""public"".""stock_logs""","","","","","",""
"6a89a2c63fb8c43ecce7c293","log_1786290467407_jtwf","2026-08-09T15:47:47.409Z","2026-08-22T13:23:18.491Z","'-1 packet | Manual OUT entry recorded for J008","","0","","IN","pcs","Admin","Tomato Sauce (টমেটো sos) (Stock OUT (-))","""2026-08-22T13:49:26.963Z""","""public"".""stock_logs""","","","","","",""
"6a89a2c63fb8c43ecce7c294","log_1786290484085_jyzw","2026-08-09T15:48:04.088Z","2026-08-22T13:23:18.491Z","'-1 kg | Manual OUT entry recorded for J012","","0","","IN","pcs","Admin","Corn Flour (Stock OUT (-))","""2026-08-22T13:49:26.963Z""","""public"".""stock_logs""","","","","","",""
"6a89a2c63fb8c43ecce7c295","log_1786290505449_2xqv","2026-08-09T15:48:25.452Z","2026-08-22T13:23:18.491Z","'-1 packet | Manual OUT entry recorded for J014","","0","","IN","pcs","Admin","Chat Masala (Stock OUT (-))","""2026-08-22T13:49:26.963Z""","""public"".""stock_logs""","","","","","",""
"6a89a2c63fb8c43ecce7c296","log_1786290530307_5lsl","2026-08-09T15:48:50.309Z","2026-08-22T13:23:18.491Z","'-2 pcs | Manual OUT entry recorded for J015","","0","","IN","pcs","Admin","Kashmiri Chilli Powder (Stock OUT (-))","""2026-08-22T13:49:26.963Z""","""public"".""stock_logs""","","","","","",""
"6a89a2c63fb8c43ecce7c297","log_1786290573947_0uhe","2026-08-09T15:49:33.950Z","2026-08-22T13:23:18.491Z","'-0.3 g | Manual OUT entry recorded for J019","","0","","IN","pcs","Admin","Jeera (Cumin Seeds) (Stock OUT (-))","""2026-08-22T13:49:26.963Z""","""public"".""stock_logs""","","","","","",""
"6a89a2c63fb8c43ecce7c298","log_1786290622165_3yhg","2026-08-09T15:50:22.167Z","2026-08-22T13:23:18.491Z","'-1 pcs | Manual OUT entry recorded for J023","","0","","IN","pcs","Admin","Attar / Essence (Stock OUT (-))","""2026-08-22T13:49:26.963Z""","""public"".""stock_logs""","","","","","",""
"6a89a2c63fb8c43ecce7c299","log_1786290675267_2v3g","2026-08-09T15:51:15.269Z","2026-08-22T13:23:18.491Z","'-0.2 g | Manual OUT entry recorded for J027","","0","","IN","pcs","Admin","Dry Chilli (Stock OUT (-))","""2026-08-22T13:49:26.963Z""","""public"".""stock_logs""","","","","","",""
"6a89a2c63fb8c43ecce7c29a","log_1786290755693_xouk","2026-08-09T15:52:35.695Z","2026-08-22T13:23:18.491Z","'-0.15 g | Manual OUT entry recorded for J041","","0","","IN","pcs","Admin","Black Pepper (Gol Morich) (Stock OUT (-))","""2026-08-22T13:49:26.963Z""","""public"".""stock_logs""","","","","","",""
"6a89a2c63fb8c43ecce7c29b","log_1786290808486_kkcd","2026-08-09T15:53:28.489Z","2026-08-22T13:23:18.491Z","'-1 box | Manual OUT entry recorded for J042","","0","","IN","pcs","Admin","Pure Ghee (Stock OUT (-))","""2026-08-22T13:49:26.963Z""","""public"".""stock_logs""","","","","","",""
"6a89a2c63fb8c43ecce7c29c","log_1786290885520_z3bd","2026-08-09T15:54:45.523Z","2026-08-22T13:23:18.491Z","'-1 kg | Manual OUT entry recorded for J016","","0","","IN","pcs","Admin","Ajinomoto (Ajina) (Stock OUT (-))","""2026-08-22T13:49:26.963Z""","""public"".""stock_logs""","","","","","",""
"6a89a2c63fb8c43ecce7c29d","log_1786290957474_pq1r","2026-08-09T15:55:57.477Z","2026-08-22T13:23:18.491Z","'-1 packet | Manual OUT entry recorded for J054","","0","","IN","pcs","Admin","Milk (দুধ) (Stock OUT (-))","""2026-08-22T13:49:26.963Z""","""public"".""stock_logs""","","","","","",""
"6a89a2c63fb8c43ecce7c29e","log_1786290974912_39l6","2026-08-09T15:56:14.914Z","2026-08-22T13:23:18.491Z","'-2 kg | Manual OUT entry recorded for J055","","0","","IN","pcs","Admin","Dahi (দই / Curd) (Stock OUT (-))","""2026-08-22T13:49:26.963Z""","""public"".""stock_logs""","","","","","",""
"6a89a2c63fb8c43ecce7c29f","log_1786291004316_tbkc","2026-08-09T15:56:44.318Z","2026-08-22T13:23:18.491Z","'-0.25 g | Manual OUT entry recorded for J056","","0","","IN","pcs","Admin","Paneer (পনির) (Stock OUT (-))","""2026-08-22T13:49:26.963Z""","""public"".""stock_logs""","","","","","",""
"6a89a2c63fb8c43ecce7c2a0","log_1786291039660_75k4","2026-08-09T15:57:19.663Z","2026-08-22T13:23:18.491Z","'-1 packet | Manual OUT entry recorded for J057","","0","","IN","pcs","Admin","Butter (Stock OUT (-))","""2026-08-22T13:49:26.963Z""","""public"".""stock_logs""","","","","","",""
"6a89a2c63fb8c43ecce7c2a1","log_1786291076578_d7pv","2026-08-09T15:57:56.579Z","2026-08-22T13:23:18.491Z","'-2 kg | Manual OUT entry recorded for J075","","0","","IN","pcs","Admin","Potato (আলু) (Stock OUT (-))","""2026-08-22T13:49:26.963Z""","""public"".""stock_logs""","","","","","",""
"6a89a2c63fb8c43ecce7c2a2","log_1786291254080_nvzd","2026-08-09T16:00:54.082Z","2026-08-22T13:23:18.491Z","'-3300 kg | Manual OUT entry recorded for J076","","0","","IN","pcs","Admin","Onion (পেঁয়াজ) (Stock OUT (-))","""2026-08-22T13:49:26.963Z""","""public"".""stock_logs""","","","","","",""
"6a89a2c63fb8c43ecce7c2a3","log_1786291388812_gw9r","2026-08-09T16:03:08.814Z","2026-08-22T13:23:18.491Z","'-0.7 kg | Manual OUT entry recorded for J079","","0","","IN","pcs","Admin","Capsicum (Stock OUT (-))","""2026-08-22T13:49:26.963Z""","""public"".""stock_logs""","","","","","",""
"6a89a2c63fb8c43ecce7c2a4","log_1786291434672_y5hy","2026-08-09T16:03:54.674Z","2026-08-22T13:23:18.492Z","'-0.7 kg | Manual OUT entry recorded for J080","","0","","IN","pcs","Admin","Carrot (Stock OUT (-))","""2026-08-22T13:49:26.963Z""","""public"".""stock_logs""","","","","","",""
"6a89a2c63fb8c43ecce7c2a5","log_1786291461353_g669","2026-08-09T16:04:21.355Z","2026-08-22T13:23:18.492Z","'-0.35 kg | Manual OUT entry recorded for J082","","0","","IN","pcs","Admin","Green Chilli (কাঁচা লঙ্কা) (Stock OUT (-))","""2026-08-22T13:49:26.963Z""","""public"".""stock_logs""","","","","","",""
"6a89a2c63fb8c43ecce7c2a6","log_1786291535810_ww87","2026-08-09T16:05:35.812Z","2026-08-22T13:23:18.492Z","'-0.85 kg | Manual OUT entry recorded for J083","","0","","IN","pcs","Admin","Tomato (টমেটো) (Stock OUT (-))","""2026-08-22T13:49:26.963Z""","""public"".""stock_logs""","","","","","",""
"6a89a2c63fb8c43ecce7c2a7","log_1786291596256_2pvq","2026-08-09T16:06:36.258Z","2026-08-22T13:23:18.492Z","'-1.5 kg | Manual OUT entry recorded for J084","","0","","IN","pcs","Admin","Cabbage (বাঁধাকপি) (Stock OUT (-))","""2026-08-22T13:49:26.963Z""","""public"".""stock_logs""","","","","","",""
"6a89a2c63fb8c43ecce7c2a8","log_1786291606012_v7i3","2026-08-09T16:06:46.014Z","2026-08-22T13:23:18.492Z","'-3300 kg | Deleted wrong OUT entry for SKU J076","","0","","IN","pcs","Admin","Onion (পেঁয়াজ) (Delete wrong OUT)","""2026-08-22T13:49:26.963Z""","""public"".""stock_logs""","","","","","",""
"6a89a2c63fb8c43ecce7c2a9","log_1786291623881_eqid","2026-08-09T16:07:03.883Z","2026-08-22T13:23:18.492Z","'-3.3 kg | Manual OUT entry recorded for J076","","0","","IN","pcs","Admin","Onion (পেঁয়াজ) (Stock OUT (-))","""2026-08-22T13:49:26.963Z""","""public"".""stock_logs""","","","","","",""
"6a89a2c63fb8c43ecce7c2aa","log_1786291655115_gmda","2026-08-09T16:07:35.118Z","2026-08-22T13:23:18.492Z","'-0.5 kg | Manual OUT entry recorded for J086","","0","","IN","pcs","Admin","Dhania Pata (Coriander) (Stock OUT (-))","""2026-08-22T13:49:26.963Z""","""public"".""stock_logs""","","","","","",""
"6a89a2c63fb8c43ecce7c2ab","log_1786291677495_khvj","2026-08-09T16:07:57.498Z","2026-08-22T13:23:18.492Z","'-0.5 kg | Manual OUT entry recorded for J088","","0","","IN","pcs","Admin","Cucumber (শসা) (Stock OUT (-))","""2026-08-22T13:49:26.963Z""","""public"".""stock_logs""","","","","","",""
"6a89a2c63fb8c43ecce7c2ac","log_1786291702673_4x40","2026-08-09T16:08:22.676Z","2026-08-22T13:23:18.492Z","'-1 packet | Manual OUT entry recorded for J117","","0","","IN","pcs","Admin","9x12 SP Pouch (Stock OUT (-))","""2026-08-22T13:49:26.963Z""","""public"".""stock_logs""","","","","","",""
"6a89a2c63fb8c43ecce7c2ad","log_1786291738887_vuob","2026-08-09T16:08:58.889Z","2026-08-22T13:23:18.492Z","'-50 pcs | Manual OUT entry recorded for J104","","0","","IN","pcs","Admin","1000ml Container (Stock OUT (-))","""2026-08-22T13:49:26.963Z""","""public"".""stock_logs""","","","","","",""
"6a89a2c63fb8c43ecce7c2ae","log_1786291769213_w0r0","2026-08-09T16:09:29.215Z","2026-08-22T13:23:18.492Z","'-2 packet | Manual OUT entry recorded for J108","","0","","IN","pcs","Admin","Tissue Paper (Stock OUT (-))","""2026-08-22T13:49:26.963Z""","""public"".""stock_logs""","","","","","",""
"6a89a2c63fb8c43ecce7c2af","log_1786291795903_ffre","2026-08-09T16:09:55.905Z","2026-08-22T13:23:18.492Z","'+2 packet | Manual IN entry recorded for J054","","0","","IN","pcs","Admin","Milk (দুধ) (Stock IN (+))","""2026-08-22T13:49:26.963Z""","""public"".""stock_logs""","","","","","",""
"6a89a2c63fb8c43ecce7c2b0","log_1786291805824_wnzw","2026-08-09T16:10:05.826Z","2026-08-22T13:23:18.492Z","'+5 kg | Manual IN entry recorded for J055","","0","","IN","pcs","Admin","Dahi (দই / Curd) (Stock IN (+))","""2026-08-22T13:49:26.963Z""","""public"".""stock_logs""","","","","","",""
"6a89a2c63fb8c43ecce7c2b1","log_1786291822921_m70j","2026-08-09T16:10:22.923Z","2026-08-22T13:23:18.492Z","'+0.5 g | Manual IN entry recorded for J056","","0","","IN","pcs","Admin","Paneer (পনির) (Stock IN (+))","""2026-08-22T13:49:26.963Z""","""public"".""stock_logs""","","","","","",""
"6a89a2c63fb8c43ecce7c2b2","log_1786291841072_aqkr","2026-08-09T16:10:41.074Z","2026-08-22T13:23:18.492Z","'+5 packet | Manual IN entry recorded for J058","","0","","IN","pcs","Admin","Amul Fresh Cream (Stock IN (+))","""2026-08-22T13:49:26.963Z""","""public"".""stock_logs""","","","","","",""
"6a89a2c63fb8c43ecce7c2b3","log_1786291892277_mhdn","2026-08-09T16:11:32.279Z","2026-08-22T13:23:18.492Z","'+50 kg | Manual IN entry recorded for J075","","0","","IN","pcs","Admin","Potato (আলু) (Stock IN (+))","""2026-08-22T13:49:26.963Z""","""public"".""stock_logs""","","","","","",""
"6a89a2c63fb8c43ecce7c2b4","log_1786291910321_tvxe","2026-08-09T16:11:50.323Z","2026-08-22T13:23:18.492Z","'+50 kg | Manual IN entry recorded for J076","","0","","IN","pcs","Admin","Onion (পেঁয়াজ) (Stock IN (+))","""2026-08-22T13:49:26.963Z""","""public"".""stock_logs""","","","","","",""
"6a89a2c63fb8c43ecce7c2b5","log_1786292005255_stc8","2026-08-09T16:13:25.257Z","2026-08-22T13:23:18.492Z","'+120 pcs | Manual IN entry recorded for J064","","0","","IN","pcs","Admin","Bisleri Water 1L (Stock IN (+))","""2026-08-22T13:49:26.963Z""","""public"".""stock_logs""","","","","","",""
"6a89a2c63fb8c43ecce7c2b6","log_1786292670271_hs13","2026-08-09T16:24:30.274Z","2026-08-22T13:23:18.492Z","'-2 packet | Manual OUT entry recorded for J002","","0","","IN","pcs","Admin","Palm Oil (পাম অয়েল) (Stock OUT (-))","""2026-08-22T13:49:26.963Z""","""public"".""stock_logs""","","","","","",""
"6a89a2c63fb8c43ecce7c2b7","log_1786297649902_3jh1","2026-08-09T17:47:29.904Z","2026-08-22T13:23:18.492Z","'-11 pcs | Manual OUT entry recorded for J064","","0","","IN","pcs","Admin","Bisleri Water 1L (Stock OUT (-))","""2026-08-22T13:49:26.963Z""","""public"".""stock_logs""","","","","","",""
"6a89a2c63fb8c43ecce7c2b8","log_1786297674048_kqrh","2026-08-09T17:47:54.050Z","2026-08-22T13:23:18.492Z","'-2 pcs | Manual OUT entry recorded for J067","","0","","IN","pcs","Admin","Bisleri Water 500ml (Stock OUT (-))","""2026-08-22T13:49:26.963Z""","""public"".""stock_logs""","","","","","",""
"6a89a2c63fb8c43ecce7c2b9","log_1786297693071_flcq","2026-08-09T17:48:13.072Z","2026-08-22T13:23:18.492Z","'-2 pcs | Manual OUT entry recorded for J064","","0","","IN","pcs","Admin","Bisleri Water 1L (Stock OUT (-))","""2026-08-22T13:49:26.963Z""","""public"".""stock_logs""","","","","","",""
"6a89a2c63fb8c43ecce7c2ba","log_1786297714761_9h06","2026-08-09T17:48:34.763Z","2026-08-22T13:23:18.492Z","'-5 pcs | Manual OUT entry recorded for J061","","0","","IN","pcs","Admin","Campa Black 500ml (Stock OUT (-))","""2026-08-22T13:49:26.963Z""","""public"".""stock_logs""","","","","","",""
"6a89a2c63fb8c43ecce7c2bb","log_1786377715778_hyfr","2026-08-10T16:01:55.781Z","2026-08-22T13:23:18.492Z","'-5 packet | Manual OUT entry recorded for J002","","0","","IN","pcs","Admin","Palm Oil (পাম অয়েল) (Stock OUT (-))","""2026-08-22T13:49:26.963Z""","""public"".""stock_logs""","","","","","",""
"6a89a2c63fb8c43ecce7c2bc","log_1786377753383_zef4","2026-08-10T16:02:33.385Z","2026-08-22T13:23:18.492Z","'-1 packet | Manual OUT entry recorded for J008","","0","","IN","pcs","Admin","Tomato Sauce (টমেটো sos) (Stock OUT (-))","""2026-08-22T13:49:26.963Z""","""public"".""stock_logs""","","","","","",""
"6a89a2c63fb8c43ecce7c2bd","log_1786377776555_meau","2026-08-10T16:02:56.557Z","2026-08-22T13:23:18.492Z","'-1 pcs | Manual OUT entry recorded for J013","","0","","IN","pcs","Admin","Kasuri Methi (Stock OUT (-))","""2026-08-22T13:49:26.963Z""","""public"".""stock_logs""","","","","","",""
"6a89a2c63fb8c43ecce7c2be","log_1786377801635_kz5r","2026-08-10T16:03:21.637Z","2026-08-22T13:23:18.492Z","'-0.7 g | Manual OUT entry recorded for J021","","0","","IN","pcs","Admin","Kabuli Chana (Stock OUT (-))","""2026-08-22T13:49:26.963Z""","""public"".""stock_logs""","","","","","",""
"6a89a2c63fb8c43ecce7c2bf","log_1786377825657_2jfn","2026-08-10T16:03:45.660Z","2026-08-22T13:23:18.492Z","'-4 packet | Manual OUT entry recorded for J017","","0","","IN","pcs","Admin","Chilli Powder (Stock OUT (-))","""2026-08-22T13:49:26.963Z""","""public"".""stock_logs""","","","","","",""
"6a89a2c63fb8c43ecce7c2c0","log_1786377863976_q3cl","2026-08-10T16:04:23.978Z","2026-08-22T13:23:18.492Z","'-1.5 g | Manual OUT entry recorded for J029","","0","","IN","pcs","Admin","Sugar (Stock OUT (-))","""2026-08-22T13:49:26.963Z""","""public"".""stock_logs""","","","","","",""
"6a89a2c63fb8c43ecce7c2c1","log_1786377908645_3pka","2026-08-10T16:05:08.647Z","2026-08-22T13:23:18.492Z","'-0.2 g | Manual OUT entry recorded for J037","","0","","IN","pcs","Admin","Dalchini (Cinnamon) (Stock OUT (-))","""2026-08-22T13:49:26.963Z""","""public"".""stock_logs""","","","","","",""
"6a89a2c63fb8c43ecce7c2c2","log_1786377926119_zkf1","2026-08-10T16:05:26.121Z","2026-08-22T13:23:18.492Z","'-0.18 g | Manual OUT entry recorded for J038","","0","","IN","pcs","Admin","Starful (Star Anise) (Stock OUT (-))","""2026-08-22T13:49:26.963Z""","""public"".""stock_logs""","","","","","",""
"6a89a2c63fb8c43ecce7c2c3","log_1786378000975_d0e1","2026-08-10T16:06:40.977Z","2026-08-22T13:23:18.492Z","'-5 kg | Manual OUT entry recorded for J055","","0","","IN","pcs","Admin","Dahi (দই / Curd) (Stock OUT (-))","""2026-08-22T13:49:26.963Z""","""public"".""stock_logs""","","","","","",""
"6a89a2c63fb8c43ecce7c2c4","log_1786378044675_0nd7","2026-08-10T16:07:24.677Z","2026-08-22T13:23:18.492Z","'-3 kg | Manual OUT entry recorded for J075","","0","","IN","pcs","Admin","Potato (আলু) (Stock OUT (-))","""2026-08-22T13:49:26.963Z""","""public"".""stock_logs""","","","","","",""
"6a89a2c63fb8c43ecce7c2c5","log_1786378065578_v04y","2026-08-10T16:07:45.581Z","2026-08-22T13:23:18.492Z","'-10 kg | Manual OUT entry recorded for J076","","0","","IN","pcs","Admin","Onion (পেঁয়াজ) (Stock OUT (-))","""2026-08-22T13:49:26.963Z""","""public"".""stock_logs""","","","","","",""
"6a89a2c63fb8c43ecce7c2c6","log_1786378095929_95cq","2026-08-10T16:08:15.930Z","2026-08-22T13:23:18.492Z","'-0.5 kg | Manual OUT entry recorded for J079","","0","","IN","pcs","Admin","Capsicum (Stock OUT (-))","""2026-08-22T13:49:26.963Z""","""public"".""stock_logs""","","","","","",""
"6a89a2c63fb8c43ecce7c2c7","log_1786378158546_sk7m","2026-08-10T16:09:18.548Z","2026-08-22T13:23:18.492Z","'-0.5 kg | Manual OUT entry recorded for J080","","0","","IN","pcs","Admin","Carrot (Stock OUT (-))","""2026-08-22T13:49:26.963Z""","""public"".""stock_logs""","","","","","",""
"6a89a2c63fb8c43ecce7c2c8","log_1786378184732_3ckf","2026-08-10T16:09:44.734Z","2026-08-22T13:23:18.492Z","'-0.2 kg | Manual OUT entry recorded for J082","","0","","IN","pcs","Admin","Green Chilli (কাঁচা লঙ্কা) (Stock OUT (-))","""2026-08-22T13:49:26.963Z""","""public"".""stock_logs""","","","","","",""
"6a89a2c63fb8c43ecce7c2c9","log_1786378208912_8vx2","2026-08-10T16:10:08.915Z","2026-08-22T13:23:18.492Z","'-0.3 kg | Manual OUT entry recorded for J083","","0","","IN","pcs","Admin","Tomato (টমেটো) (Stock OUT (-))","""2026-08-22T13:49:26.963Z""","""public"".""stock_logs""","","","","","",""
"6a89a2c63fb8c43ecce7c2ca","log_1786378229216_2f8s","2026-08-10T16:10:29.219Z","2026-08-22T13:23:18.492Z","'-1 kg | Manual OUT entry recorded for J084","","0","","IN","pcs","Admin","Cabbage (বাঁধাকপি) (Stock OUT (-))","""2026-08-22T13:49:26.963Z""","""public"".""stock_logs""","","","","","",""
"6a89a2c63fb8c43ecce7c2cb","log_1786378256360_9vmu","2026-08-10T16:10:56.361Z","2026-08-22T13:23:18.492Z","'-0.5 kg | Manual OUT entry recorded for J086","","0","","IN","pcs","Admin","Dhania Pata (Coriander) (Stock OUT (-))","""2026-08-22T13:49:26.963Z""","""public"".""stock_logs""","","","","","",""
"6a89a2c63fb8c43ecce7c2cc","log_1786378317668_8tfl","2026-08-10T16:11:57.671Z","2026-08-22T13:23:18.492Z","'-0.5 kg | Manual OUT entry recorded for J088","","0","","IN","pcs","Admin","Cucumber (শসা) (Stock OUT (-))","""2026-08-22T13:49:26.963Z""","""public"".""stock_logs""","","","","","",""
"6a89a2c63fb8c43ecce7c2cd","log_1786378339394_63ad","2026-08-10T16:12:19.396Z","2026-08-22T13:23:18.492Z","'-1 packet | Manual OUT entry recorded for J112","","0","","IN","pcs","Admin","13x16 Carry Bag (Stock OUT (-))","""2026-08-22T13:49:26.963Z""","""public"".""stock_logs""","","","","","",""
"6a89a2c63fb8c43ecce7c2ce","log_1786378363476_zo01","2026-08-10T16:12:43.477Z","2026-08-22T13:23:18.492Z","'-1 packet | Manual OUT entry recorded for J108","","0","","IN","pcs","Admin","Tissue Paper (Stock OUT (-))","""2026-08-22T13:49:26.963Z""","""public"".""stock_logs""","","","","","",""
"6a89a2c63fb8c43ecce7c2cf","log_1786378387144_i7rc","2026-08-10T16:13:07.146Z","2026-08-22T13:23:18.492Z","'+7 packet | Manual IN entry recorded for J052","","0","","IN","pcs","Admin","Egg (ডিম) (Stock IN (+))","""2026-08-22T13:49:26.963Z""","""public"".""stock_logs""","","","","","",""
"6a89a2c63fb8c43ecce7c2d0","log_1786378448716_pcd9","2026-08-10T16:14:08.719Z","2026-08-22T13:23:18.492Z","'-1 packet | Manual OUT entry recorded for J054","","0","","IN","pcs","Admin","Milk (দুধ) (Stock OUT (-))","""2026-08-22T13:49:26.963Z""","""public"".""stock_logs""","","","","","",""
"6a89a2c63fb8c43ecce7c2d1","log_1786381525527_26au","2026-08-10T17:05:25.541Z","2026-08-22T13:23:18.492Z","'-1 packet | Manual OUT entry recorded for J058","","0","","IN","pcs","Admin","Amul Fresh Cream (Stock OUT (-))","""2026-08-22T13:49:26.963Z""","""public"".""stock_logs""","","","","","",""
"6a89a2c63fb8c43ecce7c2d2","log_1786383810067_wirm","2026-08-10T17:43:30.070Z","2026-08-22T13:23:18.492Z","'-4 kg | Manual OUT entry recorded for J005","","0","","IN","pcs","Admin","Maida (মাইদা) (Stock OUT (-))","""2026-08-22T13:49:26.963Z""","""public"".""stock_logs""","","","","","",""
"6a89a2c63fb8c43ecce7c2d3","log_1786385281530_76eg","2026-08-10T18:08:01.533Z","2026-08-22T13:23:18.492Z","'-4 pcs | Manual OUT entry recorded for J061","","0","","IN","pcs","Admin","Campa Black 500ml (Stock OUT (-))","""2026-08-22T13:49:26.963Z""","""public"".""stock_logs""","","","","","",""
"6a89a2c63fb8c43ecce7c2d4","log_1786385314535_vcqw","2026-08-10T18:08:34.537Z","2026-08-22T13:23:18.492Z","'-7 pcs | Manual OUT entry recorded for J064","","0","","IN","pcs","Admin","Bisleri Water 1L (Stock OUT (-))","""2026-08-22T13:49:26.963Z""","""public"".""stock_logs""","","","","","",""
"6a89a2c63fb8c43ecce7c2d5","log_1786385345629_g63j","2026-08-10T18:09:05.632Z","2026-08-22T13:23:18.492Z","'-3 pcs | Manual OUT entry recorded for J067","","0","","IN","pcs","Admin","Bisleri Water 500ml (Stock OUT (-))","""2026-08-22T13:49:26.963Z""","""public"".""stock_logs""","","","","","",""
"6a89a2c63fb8c43ecce7c2d6","log_1786428945555_424v","2026-08-11T06:15:45.565Z","2026-08-22T13:23:18.492Z","'-9 kg | Manual OUT entry recorded for J086","","0","","IN","pcs","Admin","Dhania Pata (Coriander) (Stock OUT (-))","""2026-08-22T13:49:26.963Z""","""public"".""stock_logs""","","","","","",""
"6a89a2c63fb8c43ecce7c2d7","log_1786429049191_hcyl","2026-08-11T06:17:29.202Z","2026-08-22T13:23:18.492Z","'+1 L | Manual IN entry recorded for J004","","0","","IN","pcs","Admin","Mustard Oil (মাস্টার অয়েল) (Stock IN (+))","""2026-08-22T13:49:26.963Z""","""public"".""stock_logs""","","","","","",""
"6a89a2c63fb8c43ecce7c2d8","log_1786429174397_ld4v","2026-08-11T06:19:34.402Z","2026-08-22T13:23:18.492Z","'+4 kg | Manual IN entry recorded for J016","","0","","IN","pcs","Admin","Ajinomoto (Ajina) (Stock IN (+))","""2026-08-22T13:49:26.963Z""","""public"".""stock_logs""","","","","","",""
"6a89a2c63fb8c43ecce7c2d9","log_1786429366238_449j","2026-08-11T06:22:46.249Z","2026-08-22T13:23:18.492Z","'-3 kg | Manual OUT entry recorded for J055","","0","","IN","pcs","Admin","Dahi (দই / Curd) (Stock OUT (-))","""2026-08-22T13:49:26.963Z""","""public"".""stock_logs""","","","","","",""
"6a89a2c63fb8c43ecce7c2da","log_1786458201842_3cvw","2026-08-11T14:23:21.845Z","2026-08-22T13:23:18.492Z","'-5 packet | Manual OUT entry recorded for J002","","0","","IN","pcs","Admin","Palm Oil (পাম অয়েল) (Stock OUT (-))","""2026-08-22T13:49:26.963Z""","""public"".""stock_logs""","","","","","",""
"6a89a2c63fb8c43ecce7c2db","log_1786458397017_ie7m","2026-08-11T14:26:37.019Z","2026-08-22T13:23:18.492Z","'-1 packet | Manual OUT entry recorded for J008","","0","","IN","pcs","Admin","Tomato Sauce (টমেটো sos) (Stock OUT (-))","""2026-08-22T13:49:26.963Z""","""public"".""stock_logs""","","","","","",""
"6a89a2c63fb8c43ecce7c2dc","log_1786458465757_oteo","2026-08-11T14:27:45.758Z","2026-08-22T13:23:18.492Z","'-1 pcs | Manual OUT entry recorded for J009","","0","","IN","pcs","Admin","Chili Sauce (Stock OUT (-))","""2026-08-22T13:49:26.963Z""","""public"".""stock_logs""","","","","","",""
"6a89a2c63fb8c43ecce7c2dd","log_1786458477875_mhxc","2026-08-11T14:27:57.877Z","2026-08-22T13:23:18.492Z","'-1 pcs | Manual OUT entry recorded for J010","","0","","IN","pcs","Admin","Soy Sauce (Stock OUT (-))","""2026-08-22T13:49:26.963Z""","""public"".""stock_logs""","","","","","",""
"6a89a2c63fb8c43ecce7c2de","log_1786458492121_arba","2026-08-11T14:28:12.123Z","2026-08-22T13:23:18.492Z","'-1 pcs | Manual OUT entry recorded for J011","","0","","IN","pcs","Admin","Vinegar (Stock OUT (-))","""2026-08-22T13:49:26.963Z""","""public"".""stock_logs""","","","","","",""
"6a89a2c63fb8c43ecce7c2df","log_1786458518623_pyg6","2026-08-11T14:28:38.624Z","2026-08-22T13:23:18.492Z","'-1 pcs | Manual OUT entry recorded for J013","","0","","IN","pcs","Admin","Kasuri Methi (Stock OUT (-))","""2026-08-22T13:49:26.963Z""","""public"".""stock_logs""","","","","","",""
"6a89a2c63fb8c43ecce7c2e0","log_1786458534123_18aj","2026-08-11T14:28:54.125Z","2026-08-22T13:23:18.492Z","'-0.5 kg | Manual OUT entry recorded for J016","","0","","IN","pcs","Admin","Ajinomoto (Ajina) (Stock OUT (-))","""2026-08-22T13:49:26.963Z""","""public"".""stock_logs""","","","","","",""
"6a89a2c63fb8c43ecce7c2e1","log_1786458551622_30mm","2026-08-11T14:29:11.625Z","2026-08-22T13:23:18.492Z","'-2 packet | Manual OUT entry recorded for J014","","0","","IN","pcs","Admin","Chat Masala (Stock OUT (-))","""2026-08-22T13:49:26.963Z""","""public"".""stock_logs""","","","","","",""
"6a89a2c63fb8c43ecce7c2e2","log_1786458577279_n8gn","2026-08-11T14:29:37.280Z","2026-08-22T13:23:18.492Z","'-5 packet | Manual OUT entry recorded for J017","","0","","IN","pcs","Admin","Chilli Powder (Stock OUT (-))","""2026-08-22T13:49:26.963Z""","""public"".""stock_logs""","","","","","",""
"6a89a2c63fb8c43ecce7c2e3","log_1786458655347_hknh","2026-08-11T14:30:55.349Z","2026-08-22T13:23:18.492Z","'-0.1 g | Manual OUT entry recorded for J051","","0","","IN","pcs","Admin","Dhania (Coriander Seeds) (Stock OUT (-))","""2026-08-22T13:49:26.963Z""","""public"".""stock_logs""","","","","","",""
"6a89a2c63fb8c43ecce7c2e4","log_1786458689742_pl4u","2026-08-11T14:31:29.745Z","2026-08-22T13:23:18.492Z","'-1 packet | Manual OUT entry recorded for J054","","0","","IN","pcs","Admin","Milk (দুধ) (Stock OUT (-))","""2026-08-22T13:49:26.963Z""","""public"".""stock_logs""","","","","","",""
"6a89a2c63fb8c43ecce7c2e5","log_1786458708506_8lpe","2026-08-11T14:31:48.509Z","2026-08-22T13:23:18.492Z","'-4 kg | Manual OUT entry recorded for J055","","0","","IN","pcs","Admin","Dahi (দই / Curd) (Stock OUT (-))","""2026-08-22T13:49:26.963Z""","""public"".""stock_logs""","","","","","",""
"6a89a2c63fb8c43ecce7c2e6","log_1786458724406_qnpx","2026-08-11T14:32:04.409Z","2026-08-22T13:23:18.492Z","'-1 packet | Manual OUT entry recorded for J057","","0","","IN","pcs","Admin","Butter (Stock OUT (-))","""2026-08-22T13:49:26.963Z""","""public"".""stock_logs""","","","","","",""
"6a89a2c63fb8c43ecce7c2e7","log_1786458741600_293c","2026-08-11T14:32:21.603Z","2026-08-22T13:23:18.492Z","'-1 packet | Manual OUT entry recorded for J058","","0","","IN","pcs","Admin","Amul Fresh Cream (Stock OUT (-))","""2026-08-22T13:49:26.963Z""","""public"".""stock_logs""","","","","","",""
"6a89a2c63fb8c43ecce7c2e8","log_1786458816865_3kxu","2026-08-11T14:33:36.867Z","2026-08-22T13:23:18.492Z","'-3.5 kg | Manual OUT entry recorded for J075","","0","","IN","pcs","Admin","Potato (আলু) (Stock OUT (-))","""2026-08-22T13:49:26.963Z""","""public"".""stock_logs""","","","","","",""
"6a89a2c63fb8c43ecce7c2e9","log_1786458839206_32pj","2026-08-11T14:33:59.209Z","2026-08-22T13:23:18.492Z","'-2.5 kg | Manual OUT entry recorded for J076","","0","","IN","pcs","Admin","Onion (পেঁয়াজ) (Stock OUT (-))","""2026-08-22T13:49:26.963Z""","""public"".""stock_logs""","","","","","",""
"6a89a2c63fb8c43ecce7c2ea","log_1786458863382_qndv","2026-08-11T14:34:23.385Z","2026-08-22T13:23:18.492Z","'-0.7 kg | Manual OUT entry recorded for J079","","0","","IN","pcs","Admin","Capsicum (Stock OUT (-))","""2026-08-22T13:49:26.963Z""","""public"".""stock_logs""","","","","","",""
"6a89a2c63fb8c43ecce7c2eb","log_1786458887681_ljn2","2026-08-11T14:34:47.684Z","2026-08-22T13:23:18.492Z","'-0.5 kg | Manual OUT entry recorded for J080","","0","","IN","pcs","Admin","Carrot (Stock OUT (-))","""2026-08-22T13:49:26.963Z""","""public"".""stock_logs""","","","","","",""
"6a89a2c63fb8c43ecce7c2ec","log_1786458916942_0yiq","2026-08-11T14:35:16.944Z","2026-08-22T13:23:18.492Z","'-0.5 kg | Manual OUT entry recorded for J081","","0","","IN","pcs","Admin","Beans (Stock OUT (-))","""2026-08-22T13:49:26.963Z""","""public"".""stock_logs""","","","","","",""
"6a89a2c63fb8c43ecce7c2ed","log_1786458939877_542s","2026-08-11T14:35:39.879Z","2026-08-22T13:23:18.492Z","'-0.25 kg | Manual OUT entry recorded for J082","","0","","IN","pcs","Admin","Green Chilli (কাঁচা লঙ্কা) (Stock OUT (-))","""2026-08-22T13:49:26.963Z""","""public"".""stock_logs""","","","","","",""
"6a89a2c63fb8c43ecce7c2ee","log_1786458965971_zp4v","2026-08-11T14:36:05.974Z","2026-08-22T13:23:18.492Z","'-1 kg | Manual OUT entry recorded for J083","","0","","IN","pcs","Admin","Tomato (টমেটো) (Stock OUT (-))","""2026-08-22T13:49:26.963Z""","""public"".""stock_logs""","","","","","",""
"6a89a2c63fb8c43ecce7c2ef","log_1786459003880_siae","2026-08-11T14:36:43.882Z","2026-08-22T13:23:18.492Z","'-1.2 kg | Manual OUT entry recorded for J084","","0","","IN","pcs","Admin","Cabbage (বাঁধাকপি) (Stock OUT (-))","""2026-08-22T13:49:26.963Z""","""public"".""stock_logs""","","","","","",""
"6a89a2c63fb8c43ecce7c2f0","log_1786459026544_qkjz","2026-08-11T14:37:06.546Z","2026-08-22T13:23:18.492Z","'-0.3 kg | Manual OUT entry recorded for J086","","0","","IN","pcs","Admin","Dhania Pata (Coriander) (Stock OUT (-))","""2026-08-22T13:49:26.963Z""","""public"".""stock_logs""","","","","","",""
"6a89a2c63fb8c43ecce7c2f1","log_1786459048110_jq8m","2026-08-11T14:37:28.113Z","2026-08-22T13:23:18.492Z","'-0.6 kg | Manual OUT entry recorded for J088","","0","","IN","pcs","Admin","Cucumber (শসা) (Stock OUT (-))","""2026-08-22T13:49:26.963Z""","""public"".""stock_logs""","","","","","",""
"6a89a2c63fb8c43ecce7c2f2","log_1786459071380_7cwr","2026-08-11T14:37:51.383Z","2026-08-22T13:23:18.492Z","'-2 packet | Manual OUT entry recorded for J108","","0","","IN","pcs","Admin","Tissue Paper (Stock OUT (-))","""2026-08-22T13:49:26.963Z""","""public"".""stock_logs""","","","","","",""
"6a89a2c63fb8c43ecce7c2f3","log_1786459088672_e3dq","2026-08-11T14:38:08.674Z","2026-08-22T13:23:18.492Z","'-1 packet | Manual OUT entry recorded for J116","","0","","IN","pcs","Admin","7x9 SP Pouch (Stock OUT (-))","""2026-08-22T13:49:26.963Z""","""public"".""stock_logs""","","","","","",""
"6a89a2c63fb8c43ecce7c2f4","log_1786459103370_g85z","2026-08-11T14:38:23.372Z","2026-08-22T13:23:18.492Z","'-1 pcs | Manual OUT entry recorded for J118","","0","","IN","pcs","Admin","6x8 SP Pouch (Stock OUT (-))","""2026-08-22T13:49:26.963Z""","""public"".""stock_logs""","","","","","",""
"6a89a2c63fb8c43ecce7c2f5","log_1786459118464_lkxy","2026-08-11T14:38:38.466Z","2026-08-22T13:23:18.492Z","'-1 packet | Manual OUT entry recorded for J111","","0","","IN","pcs","Admin","16x20 Carry Bag (Stock OUT (-))","""2026-08-22T13:49:26.963Z""","""public"".""stock_logs""","","","","","",""
"6a89a2c63fb8c43ecce7c2f6","log_1786459147250_4d2o","2026-08-11T14:39:07.252Z","2026-08-22T13:23:18.492Z","'-1 pcs | Manual OUT entry recorded for J104","","0","","IN","pcs","Admin","1000ml Container (Stock OUT (-))","""2026-08-22T13:49:26.963Z""","""public"".""stock_logs""","","","","","",""
"6a89a2c63fb8c43ecce7c2f7","log_1786459186258_dkl6","2026-08-11T14:39:46.261Z","2026-08-22T13:23:18.492Z","'+2 packet | Manual IN entry recorded for J054","","0","","IN","pcs","Admin","Milk (দুধ) (Stock IN (+))","""2026-08-22T13:49:26.963Z""","""public"".""stock_logs""","","","","","",""
"6a89a2c63fb8c43ecce7c2f8","log_1786459199983_8y39","2026-08-11T14:39:59.985Z","2026-08-22T13:23:18.492Z","'+8 kg | Manual IN entry recorded for J055","","0","","IN","pcs","Admin","Dahi (দই / Curd) (Stock IN (+))","""2026-08-22T13:49:26.963Z""","""public"".""stock_logs""","","","","","",""
"6a89a2c63fb8c43ecce7c2f9","log_1786459223902_1leu","2026-08-11T14:40:23.904Z","2026-08-22T13:23:18.492Z","'+2 kg | Manual IN entry recorded for J083","","0","","IN","pcs","Admin","Tomato (টমেটো) (Stock IN (+))","""2026-08-22T13:49:26.963Z""","""public"".""stock_logs""","","","","","",""
"6a89a2c63fb8c43ecce7c2fa","log_1786459246308_6eah","2026-08-11T14:40:46.310Z","2026-08-22T13:23:18.492Z","'+0.3 kg | Manual IN entry recorded for J086","","0","","IN","pcs","Admin","Dhania Pata (Coriander) (Stock IN (+))","""2026-08-22T13:49:26.963Z""","""public"".""stock_logs""","","","","","",""
"6a89a2c63fb8c43ecce7c2fb","log_1786460653321_m0eb","2026-08-11T15:04:13.323Z","2026-08-22T13:23:18.492Z","'-0.5 kg | Manual OUT entry recorded for J088","","0","","IN","pcs","Admin","Cucumber (শসা) (Stock OUT (-))","""2026-08-22T13:49:26.963Z""","""public"".""stock_logs""","","","","","",""
"6a89a2c63fb8c43ecce7c2fc","log_1786460681170_j8em","2026-08-11T15:04:41.172Z","2026-08-22T13:23:18.492Z","'-0.5 kg | Manual OUT entry recorded for J080","","0","","IN","pcs","Admin","Carrot (Stock OUT (-))","""2026-08-22T13:49:26.963Z""","""public"".""stock_logs""","","","","","",""
"6a89a2c63fb8c43ecce7c2fd","log_1786462603094_bq27","2026-08-11T15:36:43.096Z","2026-08-22T13:23:18.492Z","'-2 packet | Manual OUT entry recorded for J112","","0","","IN","pcs","Admin","13x16 Carry Bag (Stock OUT (-))","""2026-08-22T13:49:26.963Z""","""public"".""stock_logs""","","","","","",""
"6a89a2c63fb8c43ecce7c2fe","log_1786463969659_vuhj","2026-08-11T15:59:29.662Z","2026-08-22T13:23:18.492Z","'-1 packet | Manual OUT entry recorded for J054","","0","","IN","pcs","Admin","Milk (দুধ) (Stock OUT (-))","""2026-08-22T13:49:26.963Z""","""public"".""stock_logs""","","","","","",""
"6a89a2c63fb8c43ecce7c2ff","log_1786468209071_ken1","2026-08-11T17:10:09.073Z","2026-08-22T13:23:18.492Z","'-1 L | Manual OUT entry recorded for J003","","0","","IN","pcs","Admin","Refined Oil (রেফাইন্ড অয়েল) (Stock OUT (-))","""2026-08-22T13:49:26.963Z""","""public"".""stock_logs""","","","","","",""
"6a89a2c63fb8c43ecce7c300","log_1786549593609_wd77","2026-08-12T15:46:33.612Z","2026-08-22T13:23:18.492Z","'-1 packet | Manual OUT entry recorded for J001","","0","","IN","pcs","Admin","Rice (রাইস) (Stock OUT (-))","""2026-08-22T13:49:26.963Z""","""public"".""stock_logs""","","","","","",""
"6a89a2c63fb8c43ecce7c301","log_1786549778868_t5uo","2026-08-12T15:49:38.870Z","2026-08-22T13:23:18.492Z","'-8 packet | Manual OUT entry recorded for J002","","0","","IN","pcs","Admin","Palm Oil (পাম অয়েল) (Stock OUT (-))","""2026-08-22T13:49:26.963Z""","""public"".""stock_logs""","","","","","",""
"6a89a2c63fb8c43ecce7c302","log_1786549832864_29w3","2026-08-12T15:50:32.866Z","2026-08-22T13:23:18.492Z","'-1 L | Manual OUT entry recorded for J004","","0","","IN","pcs","Admin","Mustard Oil (মাস্টার অয়েল) (Stock OUT (-))","""2026-08-22T13:49:26.963Z""","""public"".""stock_logs""","","","","","",""
"6a89a2c63fb8c43ecce7c303","log_1786549872278_nmrh","2026-08-12T15:51:12.280Z","2026-08-22T13:23:18.492Z","'-5 packet | Manual OUT entry recorded for J007","","0","","IN","pcs","Admin","Chowmein Noodle (চাউমিন) (Stock OUT (-))","""2026-08-22T13:49:26.963Z""","""public"".""stock_logs""","","","","","",""
"6a89a2c63fb8c43ecce7c304","log_1786549902970_gnyc","2026-08-12T15:51:42.972Z","2026-08-22T13:23:18.492Z","'-1 pcs | Manual OUT entry recorded for J013","","0","","IN","pcs","Admin","Kasuri Methi (Stock OUT (-))","""2026-08-22T13:49:26.963Z""","""public"".""stock_logs""","","","","","",""
"6a89a2c63fb8c43ecce7c305","log_1786549942756_1gv0","2026-08-12T15:52:22.758Z","2026-08-22T13:23:18.492Z","'-5 packet | Manual OUT entry recorded for J017","","0","","IN","pcs","Admin","Chilli Powder (Stock OUT (-))","""2026-08-22T13:49:26.963Z""","""public"".""stock_logs""","","","","","",""
"6a89a2c63fb8c43ecce7c306","log_1786549955810_3k54","2026-08-12T15:52:35.812Z","2026-08-22T13:23:18.492Z","'-4 packet | Manual OUT entry recorded for J018","","0","","IN","pcs","Admin","Haldi (Turmeric Powder) (Stock OUT (-))","""2026-08-22T13:49:26.963Z""","""public"".""stock_logs""","","","","","",""
"6a89a2c63fb8c43ecce7c307","log_1786550001331_y7rw","2026-08-12T15:53:21.333Z","2026-08-22T13:23:18.492Z","'-0.1 g | Manual OUT entry recorded for J034","","0","","IN","pcs","Admin","Elachi (Cardamom) (Stock OUT (-))","""2026-08-22T13:49:26.963Z""","""public"".""stock_logs""","","","","","",""
"6a89a2c63fb8c43ecce7c308","log_1786550026361_rxo5","2026-08-12T15:53:46.363Z","2026-08-22T13:23:18.492Z","'-0.1 g | Manual OUT entry recorded for J035","","0","","IN","pcs","Admin","Long (Cloves) (Stock OUT (-))","""2026-08-22T13:49:26.963Z""","""public"".""stock_logs""","","","","","",""
"6a89a2c63fb8c43ecce7c309","log_1786550127583_kka9","2026-08-12T15:55:27.585Z","2026-08-22T13:23:18.492Z","'-0.2 g | Manual OUT entry recorded for J041","","0","","IN","pcs","Admin","Black Pepper (Gol Morich) (Stock OUT (-))","""2026-08-22T13:49:26.963Z""","""public"".""stock_logs""","","","","","",""
"6a89a2c63fb8c43ecce7c30a","log_1786550154018_8a6o","2026-08-12T15:55:54.020Z","2026-08-22T13:23:18.492Z","'-3 pcs | Manual OUT entry recorded for J124","","0","","IN","pcs","Admin","Vim Soap / Bar (Bhim Srap) (Stock OUT (-))","""2026-08-22T13:49:26.963Z""","""public"".""stock_logs""","","","","","",""
"6a89a2c63fb8c43ecce7c30b","log_1786550200344_7gsr","2026-08-12T15:56:40.346Z","2026-08-22T13:23:18.492Z","'-1 packet | Manual OUT entry recorded for J054","","0","","IN","pcs","Admin","Milk (দুধ) (Stock OUT (-))","""2026-08-22T13:49:26.963Z""","""public"".""stock_logs""","","","","","",""
"6a89a2c63fb8c43ecce7c30c","log_1786550225955_of5w","2026-08-12T15:57:05.957Z","2026-08-22T13:23:18.492Z","'-9 kg | Manual OUT entry recorded for J055","","0","","IN","pcs","Admin","Dahi (দই / Curd) (Stock OUT (-))","""2026-08-22T13:49:26.963Z""","""public"".""stock_logs""","","","","","",""
"6a89a2c63fb8c43ecce7c30d","log_1786550309409_63e9","2026-08-12T15:58:29.411Z","2026-08-22T13:23:18.492Z","'-1 packet | Manual OUT entry recorded for J057","","0","","IN","pcs","Admin","Butter (Stock OUT (-))","""2026-08-22T13:49:26.963Z""","""public"".""stock_logs""","","","","","",""
"6a89a2c63fb8c43ecce7c30e","log_1786550340079_svag","2026-08-12T15:59:00.081Z","2026-08-22T13:23:18.492Z","'-1 packet | Manual OUT entry recorded for J058","","0","","IN","pcs","Admin","Amul Fresh Cream (Stock OUT (-))","""2026-08-22T13:49:26.963Z""","""public"".""stock_logs""","","","","","",""
"6a89a2c63fb8c43ecce7c30f","log_1786550437897_460y","2026-08-12T16:00:37.899Z","2026-08-22T13:23:18.492Z","'-2.5 kg | Manual OUT entry recorded for J075","","0","","IN","pcs","Admin","Potato (আলু) (Stock OUT (-))","""2026-08-22T13:49:26.963Z""","""public"".""stock_logs""","","","","","",""
"6a89a2c63fb8c43ecce7c310","log_1786550470763_wva8","2026-08-12T16:01:10.766Z","2026-08-22T13:23:18.492Z","'-4.5 kg | Manual OUT entry recorded for J076","","0","","IN","pcs","Admin","Onion (পেঁয়াজ) (Stock OUT (-))","""2026-08-22T13:49:26.963Z""","""public"".""stock_logs""","","","","","",""
"6a89a2c63fb8c43ecce7c311","log_1786550510816_gymb","2026-08-12T16:01:50.818Z","2026-08-22T13:23:18.492Z","'-0.5 kg | Manual OUT entry recorded for J079","","0","","IN","pcs","Admin","Capsicum (Stock OUT (-))","""2026-08-22T13:49:26.963Z""","""public"".""stock_logs""","","","","","",""
"6a89a2c63fb8c43ecce7c312","log_1786550533678_z7gj","2026-08-12T16:02:13.681Z","2026-08-22T13:23:18.492Z","'-0.6 kg | Manual OUT entry recorded for J080","","0","","IN","pcs","Admin","Carrot (Stock OUT (-))","""2026-08-22T13:49:26.963Z""","""public"".""stock_logs""","","","","","",""
"6a89a2c63fb8c43ecce7c313","log_1786550560973_0e76","2026-08-12T16:02:40.976Z","2026-08-22T13:23:18.492Z","'-0.4 kg | Manual OUT entry recorded for J082","","0","","IN","pcs","Admin","Green Chilli (কাঁচা লঙ্কা) (Stock OUT (-))","""2026-08-22T13:49:26.963Z""","""public"".""stock_logs""","","","","","",""
"6a89a2c63fb8c43ecce7c314","log_1786550580492_auc1","2026-08-12T16:03:00.495Z","2026-08-22T13:23:18.492Z","'-0.8 kg | Manual OUT entry recorded for J083","","0","","IN","pcs","Admin","Tomato (টমেটো) (Stock OUT (-))","""2026-08-22T13:49:26.963Z""","""public"".""stock_logs""","","","","","",""
"6a89a2c63fb8c43ecce7c315","log_1786550617587_hf60","2026-08-12T16:03:37.589Z","2026-08-22T13:23:18.492Z","'-2 kg | Manual OUT entry recorded for J084","","0","","IN","pcs","Admin","Cabbage (বাঁধাকপি) (Stock OUT (-))","""2026-08-22T13:49:26.963Z""","""public"".""stock_logs""","","","","","",""
"6a89a2c63fb8c43ecce7c316","log_1786550640813_25p4","2026-08-12T16:04:00.815Z","2026-08-22T13:23:18.492Z","'-0.4 kg | Manual OUT entry recorded for J086","","0","","IN","pcs","Admin","Dhania Pata (Coriander) (Stock OUT (-))","""2026-08-22T13:49:26.963Z""","""public"".""stock_logs""","","","","","",""
"6a89a2c63fb8c43ecce7c317","log_1786550667849_pe4k","2026-08-12T16:04:27.852Z","2026-08-22T13:23:18.492Z","'-0.5 kg | Manual OUT entry recorded for J088","","0","","IN","pcs","Admin","Cucumber (শসা) (Stock OUT (-))","""2026-08-22T13:49:26.963Z""","""public"".""stock_logs""","","","","","",""
"6a89a2c63fb8c43ecce7c318","log_1786550730851_qe2s","2026-08-12T16:05:30.853Z","2026-08-22T13:23:18.492Z","'-1 packet | Manual OUT entry recorded for J112","","0","","IN","pcs","Admin","13x16 Carry Bag (Stock OUT (-))","""2026-08-22T13:49:26.963Z""","""public"".""stock_logs""","","","","","",""
"6a89a2c63fb8c43ecce7c319","log_1786550753985_xqzh","2026-08-12T16:05:53.987Z","2026-08-22T13:23:18.492Z","'-1 packet | Manual OUT entry recorded for J110","","0","","IN","pcs","Admin","Chatni Box (Stock OUT (-))","""2026-08-22T13:49:26.963Z""","""public"".""stock_logs""","","","","","",""
"6a89a2c63fb8c43ecce7c31a","log_1786550785861_mw8q","2026-08-12T16:06:25.864Z","2026-08-22T13:23:18.492Z","'-3 packet | Manual OUT entry recorded for J108","","0","","IN","pcs","Admin","Tissue Paper (Stock OUT (-))","""2026-08-22T13:49:26.963Z""","""public"".""stock_logs""","","","","","",""
"6a89a2c63fb8c43ecce7c31b","log_1786550834343_f4e6","2026-08-12T16:07:14.344Z","2026-08-22T13:23:18.492Z","'+1 packet | Manual IN entry recorded for J001","","0","","IN","pcs","Admin","Rice (রাইস) (Stock IN (+))","""2026-08-22T13:49:26.963Z""","""public"".""stock_logs""","","","","","",""
"6a89a2c63fb8c43ecce7c31c","log_1786550852209_927x","2026-08-12T16:07:32.211Z","2026-08-22T13:23:18.492Z","'+2 packet | Manual IN entry recorded for J054","","0","","IN","pcs","Admin","Milk (দুধ) (Stock IN (+))","""2026-08-22T13:49:26.963Z""","""public"".""stock_logs""","","","","","",""
"6a89a2c63fb8c43ecce7c31d","log_1786550872712_9wcq","2026-08-12T16:07:52.714Z","2026-08-22T13:23:18.492Z","'+5 kg | Manual IN entry recorded for J055","","0","","IN","pcs","Admin","Dahi (দই / Curd) (Stock IN (+))","""2026-08-22T13:49:26.963Z""","""public"".""stock_logs""","","","","","",""
"6a89a2c63fb8c43ecce7c31e","log_1786550891135_p503","2026-08-12T16:08:11.137Z","2026-08-22T13:23:18.492Z","'+4 packet | Manual IN entry recorded for J057","","0","","IN","pcs","Admin","Butter (Stock IN (+))","""2026-08-22T13:49:26.963Z""","""public"".""stock_logs""","","","","","",""
"6a89a2c63fb8c43ecce7c31f","log_1786550911118_7x4y","2026-08-12T16:08:31.119Z","2026-08-22T13:23:18.492Z","'+3 kg | Manual IN entry recorded for J077","","0","","IN","pcs","Admin","Ginger (আদা) (Stock IN (+))","""2026-08-22T13:49:26.963Z""","""public"".""stock_logs""","","","","","",""
"6a89a2c63fb8c43ecce7c320","log_1786550923603_a9yu","2026-08-12T16:08:43.606Z","2026-08-22T13:23:18.492Z","'+3 kg | Manual IN entry recorded for J078","","0","","IN","pcs","Admin","Garlic (রসুন) (Stock IN (+))","""2026-08-22T13:49:26.963Z""","""public"".""stock_logs""","","","","","",""
"6a89a2c63fb8c43ecce7c321","log_1786550955441_jtuq","2026-08-12T16:09:15.443Z","2026-08-22T13:23:18.492Z","'+2 kg | Manual IN entry recorded for J086","","0","","IN","pcs","Admin","Dhania Pata (Coriander) (Stock IN (+))","""2026-08-22T13:49:26.963Z""","""public"".""stock_logs""","","","","","",""
"6a89a2c63fb8c43ecce7c322","log_1786550977904_d809","2026-08-12T16:09:37.907Z","2026-08-22T13:23:18.492Z","'+10 packet | Manual IN entry recorded for J110","","0","","IN","pcs","Admin","Chatni Box (Stock IN (+))","""2026-08-22T13:49:26.963Z""","""public"".""stock_logs""","","","","","",""
"6a89a2c63fb8c43ecce7c323","log_1786552375589_6bll","2026-08-12T16:32:55.591Z","2026-08-22T13:23:18.492Z","'-5 packet | Manual OUT entry recorded for J046","","0","","IN","pcs","Admin","Papad (Stock OUT (-))","""2026-08-22T13:49:26.963Z""","""public"".""stock_logs""","","","","","",""
"6a89a2c63fb8c43ecce7c324","log_1786634984959_k8n8","2026-08-13T15:29:44.963Z","2026-08-22T13:23:18.492Z","'-5 packet | Manual OUT entry recorded for J002","","0","","IN","pcs","Admin","Palm Oil (পাম অয়েল) (Stock OUT (-))","""2026-08-22T13:49:26.963Z""","""public"".""stock_logs""","","","","","",""
"6a89a2c63fb8c43ecce7c325","log_1786635000269_96ai","2026-08-13T15:30:00.271Z","2026-08-22T13:23:18.492Z","'-1 L | Manual OUT entry recorded for J003","","0","","IN","pcs","Admin","Refined Oil (রেফাইন্ড অয়েল) (Stock OUT (-))","""2026-08-22T13:49:26.963Z""","""public"".""stock_logs""","","","","","",""
"6a89a2c63fb8c43ecce7c326","log_1786635057893_br3o","2026-08-13T15:30:57.895Z","2026-08-22T13:23:18.492Z","'-4 kg | Manual OUT entry recorded for J005","","0","","IN","pcs","Admin","Maida (মাইদা) (Stock OUT (-))","""2026-08-22T13:49:26.963Z""","""public"".""stock_logs""","","","","","",""
"6a89a2c63fb8c43ecce7c327","log_1786635076653_yyiw","2026-08-13T15:31:16.655Z","2026-08-22T13:23:18.492Z","'-5 kg | Manual OUT entry recorded for J006","","0","","IN","pcs","Admin","Atta (আটা) (Stock OUT (-))","""2026-08-22T13:49:26.963Z""","""public"".""stock_logs""","","","","","",""
"6a89a2c63fb8c43ecce7c328","log_1786635109021_a43f","2026-08-13T15:31:49.023Z","2026-08-22T13:23:18.492Z","'-1 packet | Manual OUT entry recorded for J008","","0","","IN","pcs","Admin","Tomato Sauce (টমেটো sos) (Stock OUT (-))","""2026-08-22T13:49:26.963Z""","""public"".""stock_logs""","","","","","",""
"6a89a2c63fb8c43ecce7c329","log_1786635124509_58k1","2026-08-13T15:32:04.510Z","2026-08-22T13:23:18.492Z","'-1 pcs | Manual OUT entry recorded for J011","","0","","IN","pcs","Admin","Vinegar (Stock OUT (-))","""2026-08-22T13:49:26.963Z""","""public"".""stock_logs""","","","","","",""
"6a89a2c63fb8c43ecce7c32a","log_1786635791767_eww8","2026-08-13T15:43:11.769Z","2026-08-22T13:23:18.492Z","'-1 pcs | Manual OUT entry recorded for J013","","0","","IN","pcs","Admin","Kasuri Methi (Stock OUT (-))","""2026-08-22T13:49:26.963Z""","""public"".""stock_logs""","","","","","",""
"6a89a2c63fb8c43ecce7c32b","log_1786635804950_lgy5","2026-08-13T15:43:24.952Z","2026-08-22T13:23:18.492Z","'-2 packet | Manual OUT entry recorded for J014","","0","","IN","pcs","Admin","Chat Masala (Stock OUT (-))","""2026-08-22T13:49:26.963Z""","""public"".""stock_logs""","","","","","",""
"6a89a2c63fb8c43ecce7c32c","log_1786635816191_76ds","2026-08-13T15:43:36.193Z","2026-08-22T13:23:18.492Z","'-2 pcs | Manual OUT entry recorded for J015","","0","","IN","pcs","Admin","Kashmiri Chilli Powder (Stock OUT (-))","""2026-08-22T13:49:26.963Z""","""public"".""stock_logs""","","","","","",""
"6a89a2c63fb8c43ecce7c32d","log_1786635841921_lwgh","2026-08-13T15:44:01.925Z","2026-08-22T13:23:18.492Z","'-5 packet | Manual OUT entry recorded for J017","","0","","IN","pcs","Admin","Chilli Powder (Stock OUT (-))","""2026-08-22T13:49:26.963Z""","""public"".""stock_logs""","","","","","",""
"6a89a2c63fb8c43ecce7c32e","log_1786635873478_rsek","2026-08-13T15:44:33.481Z","2026-08-22T13:23:18.492Z","'-1 box | Manual OUT entry recorded for J024","","0","","IN","pcs","Admin","Red Food Color (Stock OUT (-))","""2026-08-22T13:49:26.963Z""","""public"".""stock_logs""","","","","","",""
"6a89a2c63fb8c43ecce7c32f","log_1786636120350_ia3r","2026-08-13T15:48:40.353Z","2026-08-22T13:23:18.492Z","'-2 pcs | Manual OUT entry recorded for J124","","0","","IN","pcs","Admin","Vim Soap / Bar (Bhim Srap) (Stock OUT (-))","""2026-08-22T13:49:26.963Z""","""public"".""stock_logs""","","","","","",""
"6a89a2c63fb8c43ecce7c330","log_1786636188351_bgsi","2026-08-13T15:49:48.353Z","2026-08-22T13:23:18.492Z","'-3 kg | Manual OUT entry recorded for J055","","0","","IN","pcs","Admin","Dahi (দই / Curd) (Stock OUT (-))","""2026-08-22T13:49:26.963Z""","""public"".""stock_logs""","","","","","",""
"6a89a2c63fb8c43ecce7c331","log_1786636209934_z92z","2026-08-13T15:50:09.936Z","2026-08-22T13:23:18.492Z","'-1 packet | Manual OUT entry recorded for J057","","0","","IN","pcs","Admin","Butter (Stock OUT (-))","""2026-08-22T13:49:26.963Z""","""public"".""stock_logs""","","","","","",""
"6a89a2c63fb8c43ecce7c332","log_1786636233303_cwub","2026-08-13T15:50:33.305Z","2026-08-22T13:23:18.492Z","'-1 pcs | Manual OUT entry recorded for J104","","0","","IN","pcs","Admin","1000ml Container (Stock OUT (-))","""2026-08-22T13:49:26.963Z""","""public"".""stock_logs""","","","","","",""
"6a89a2c63fb8c43ecce7c333","log_1786636254462_lpsl","2026-08-13T15:50:54.464Z","2026-08-22T13:23:18.492Z","'-1 pcs | Manual OUT entry recorded for J106","","0","","IN","pcs","Admin","750ml Container (Stock OUT (-))","""2026-08-22T13:49:26.963Z""","""public"".""stock_logs""","","","","","",""
"6a89a2c63fb8c43ecce7c334","log_1786636277678_zuhv","2026-08-13T15:51:17.681Z","2026-08-22T13:23:18.492Z","'+5 kg | Manual IN entry recorded for J055","","0","","IN","pcs","Admin","Dahi (দই / Curd) (Stock IN (+))","""2026-08-22T13:49:26.963Z""","""public"".""stock_logs""","","","","","",""
"6a89a2c63fb8c43ecce7c335","log_1786636299190_hfeq","2026-08-13T15:51:39.192Z","2026-08-22T13:23:18.492Z","'-4.5 kg | Manual OUT entry recorded for J075","","0","","IN","pcs","Admin","Potato (আলু) (Stock OUT (-))","""2026-08-22T13:49:26.963Z""","""public"".""stock_logs""","","","","","",""
"6a89a2c63fb8c43ecce7c336","log_1786636345167_7ssy","2026-08-13T15:52:25.169Z","2026-08-22T13:23:18.492Z","'-5 kg | Manual OUT entry recorded for J076","","0","","IN","pcs","Admin","Onion (পেঁয়াজ) (Stock OUT (-))","""2026-08-22T13:49:26.963Z""","""public"".""stock_logs""","","","","","",""
"6a89a2c63fb8c43ecce7c337","log_1786636363943_qx8y","2026-08-13T15:52:43.945Z","2026-08-22T13:23:18.492Z","'-3 kg | Manual OUT entry recorded for J077","","0","","IN","pcs","Admin","Ginger (আদা) (Stock OUT (-))","""2026-08-22T13:49:26.963Z""","""public"".""stock_logs""","","","","","",""
"6a89a2c63fb8c43ecce7c338","log_1786636381430_zneu","2026-08-13T15:53:01.433Z","2026-08-22T13:23:18.492Z","'-2.5 kg | Manual OUT entry recorded for J078","","0","","IN","pcs","Admin","Garlic (রসুন) (Stock OUT (-))","""2026-08-22T13:49:26.963Z""","""public"".""stock_logs""","","","","","",""
"6a89a2c63fb8c43ecce7c339","log_1786636410319_h05r","2026-08-13T15:53:30.321Z","2026-08-22T13:23:18.492Z","'-0.5 kg | Manual OUT entry recorded for J079","","0","","IN","pcs","Admin","Capsicum (Stock OUT (-))","""2026-08-22T13:49:26.963Z""","""public"".""stock_logs""","","","","","",""
"6a89a2c63fb8c43ecce7c33a","log_1786636550199_vhq0","2026-08-13T15:55:50.201Z","2026-08-22T13:23:18.492Z","'-0.5 kg | Manual OUT entry recorded for J080","","0","","IN","pcs","Admin","Carrot (Stock OUT (-))","""2026-08-22T13:49:26.963Z""","""public"".""stock_logs""","","","","","",""
"6a89a2c63fb8c43ecce7c33b","log_1786636570407_mgw6","2026-08-13T15:56:10.410Z","2026-08-22T13:23:18.492Z","'-0.5 kg | Manual OUT entry recorded for J083","","0","","IN","pcs","Admin","Tomato (টমেটো) (Stock OUT (-))","""2026-08-22T13:49:26.963Z""","""public"".""stock_logs""","","","","","",""
"6a89a2c63fb8c43ecce7c33c","log_1786636600703_i821","2026-08-13T15:56:40.705Z","2026-08-22T13:23:18.492Z","'-0.5 kg | Manual OUT entry recorded for J086","","0","","IN","pcs","Admin","Dhania Pata (Coriander) (Stock OUT (-))","""2026-08-22T13:49:26.963Z""","""public"".""stock_logs""","","","","","",""
"6a89a2c63fb8c43ecce7c33d","log_1786636616775_hi3f","2026-08-13T15:56:56.777Z","2026-08-22T13:23:18.492Z","'-0.4 kg | Manual OUT entry recorded for J088","","0","","IN","pcs","Admin","Cucumber (শসা) (Stock OUT (-))","""2026-08-22T13:49:26.963Z""","""public"".""stock_logs""","","","","","",""
"6a89a2c63fb8c43ecce7c33e","log_1786642341597_8tut","2026-08-13T17:32:21.600Z","2026-08-22T13:23:18.492Z","'-9 pcs | Manual OUT entry recorded for J061","","0","","IN","pcs","Admin","Campa Black 500ml (Stock OUT (-))","""2026-08-22T13:49:26.963Z""","""public"".""stock_logs""","","","","","",""
"6a89a2c63fb8c43ecce7c33f","log_1786642359045_xo17","2026-08-13T17:32:39.048Z","2026-08-22T13:23:18.492Z","'-21 pcs | Manual OUT entry recorded for J064","","0","","IN","pcs","Admin","Bisleri Water 1L (Stock OUT (-))","""2026-08-22T13:49:26.963Z""","""public"".""stock_logs""","","","","","",""
"6a89a2c63fb8c43ecce7c340","log_1786642380765_fxc0","2026-08-13T17:33:00.767Z","2026-08-22T13:23:18.492Z","'-4 pcs | Manual OUT entry recorded for J067","","0","","IN","pcs","Admin","Bisleri Water 500ml (Stock OUT (-))","""2026-08-22T13:49:26.963Z""","""public"".""stock_logs""","","","","","",""
"6a89a2c63fb8c43ecce7c341","log_1786642394437_pixz","2026-08-13T17:33:14.439Z","2026-08-22T13:23:18.492Z","'+3 kg | Manual IN entry recorded for J055","","0","","IN","pcs","Admin","Dahi (দই / Curd) (Stock IN (+))","""2026-08-22T13:49:26.963Z""","""public"".""stock_logs""","","","","","",""
"6a89a2c63fb8c43ecce7c342","log_1786686647662_hnhk","2026-08-14T05:50:47.667Z","2026-08-22T13:23:18.492Z","'-50 pcs | Manual OUT entry recorded for J085","","0","","IN","pcs","Admin","Lemon (লেবু) (Stock OUT (-))","""2026-08-22T13:49:26.963Z""","""public"".""stock_logs""","","","","","",""
"6a89a2c63fb8c43ecce7c343","log_1786686672239_yze4","2026-08-14T05:51:12.244Z","2026-08-22T13:23:18.492Z","'+16 pcs | Manual IN entry recorded for J085","","0","","IN","pcs","Admin","Lemon (লেবু) (Stock IN (+))","""2026-08-22T13:49:26.963Z""","""public"".""stock_logs""","","","","","",""
"6a89a2c63fb8c43ecce7c344","log_1786686685219_34l2","2026-08-14T05:51:25.223Z","2026-08-22T13:23:18.492Z","'-6 pcs | Manual OUT entry recorded for J085","","0","","IN","pcs","Admin","Lemon (লেবু) (Stock OUT (-))","""2026-08-22T13:49:26.963Z""","""public"".""stock_logs""","","","","","",""
"6a89a2c63fb8c43ecce7c345","log_1786688900842_34py","2026-08-14T06:28:20.846Z","2026-08-22T13:23:18.492Z","'-0.7 kg | Manual OUT entry recorded for J084","","0","","IN","pcs","Admin","Cabbage (বাঁধাকপি) (Stock OUT (-))","""2026-08-22T13:49:26.963Z""","""public"".""stock_logs""","","","","","",""
"6a89a2c63fb8c43ecce7c346","log_1786688947671_grt4","2026-08-14T06:29:07.674Z","2026-08-22T13:23:18.492Z","'+2.5 kg | Manual IN entry recorded for J079","","0","","IN","pcs","Admin","Capsicum (Stock IN (+))","""2026-08-22T13:49:26.963Z""","""public"".""stock_logs""","","","","","",""
"6a89a2c63fb8c43ecce7c347","log_1786688988805_nqmq","2026-08-14T06:29:48.807Z","2026-08-22T13:23:18.492Z","'+5.2 kg | Manual IN entry recorded for J083","","0","","IN","pcs","Admin","Tomato (টমেটো) (Stock IN (+))","""2026-08-22T13:49:26.963Z""","""public"".""stock_logs""","","","","","",""
"6a89a2c63fb8c43ecce7c348","log_1786689057679_nxog","2026-08-14T06:30:57.683Z","2026-08-22T13:23:18.492Z","'+3.55 kg | Manual IN entry recorded for J080","","0","","IN","pcs","Admin","Carrot (Stock IN (+))","""2026-08-22T13:49:26.963Z""","""public"".""stock_logs""","","","","","",""
"6a89a2c63fb8c43ecce7c349","log_1786689137555_vhl7","2026-08-14T06:32:17.558Z","2026-08-22T13:23:18.492Z","'+2.15 kg | Manual IN entry recorded for J082","","0","","IN","pcs","Admin","Green Chilli (কাঁচা লঙ্কা) (Stock IN (+))","""2026-08-22T13:49:26.963Z""","""public"".""stock_logs""","","","","","",""
"6a89a2c63fb8c43ecce7c34a","log_1786689172533_umkz","2026-08-14T06:32:52.538Z","2026-08-22T13:23:18.492Z","'-1 kg | Manual OUT entry recorded for J082","","0","","IN","pcs","Admin","Green Chilli (কাঁচা লঙ্কা) (Stock OUT (-))","""2026-08-22T13:49:26.963Z""","""public"".""stock_logs""","","","","","",""
"6a89a2c63fb8c43ecce7c34b","log_1786689292251_aozh","2026-08-14T06:34:52.253Z","2026-08-22T13:23:18.492Z","'+2.4 kg | Manual IN entry recorded for J088","","0","","IN","pcs","Admin","Cucumber (শসা) (Stock IN (+))","""2026-08-22T13:49:26.963Z""","""public"".""stock_logs""","","","","","",""
"6a89a2c63fb8c43ecce7c34c","log_1786689575037_yxuk","2026-08-14T06:39:35.040Z","2026-08-22T13:23:18.492Z","'-5 packet | Manual OUT entry recorded for J052","","0","","IN","pcs","Admin","Egg (ডিম) (Stock OUT (-))","""2026-08-22T13:49:26.963Z""","""public"".""stock_logs""","","","","","",""
"6a89a2c63fb8c43ecce7c34d","log_1786689603868_f575","2026-08-14T06:40:03.870Z","2026-08-22T13:23:18.492Z","'-2 packet | Manual OUT entry recorded for J052","","0","","IN","pcs","Admin","Egg (ডিম) (Stock OUT (-))","""2026-08-22T13:49:26.963Z""","""public"".""stock_logs""","","","","","",""
"6a89a2c63fb8c43ecce7c34e","log_1786689641493_rj2s","2026-08-14T06:40:41.495Z","2026-08-22T13:23:18.492Z","'-5 packet | Manual OUT entry recorded for J00134","","0","","IN","pcs","Admin","plastic FOLK (Stock OUT (-))","""2026-08-22T13:49:26.963Z""","""public"".""stock_logs""","","","","","",""
"6a89a2c63fb8c43ecce7c34f","log_1786689661157_90dw","2026-08-14T06:41:01.159Z","2026-08-22T13:23:18.492Z","'-4 kg | Manual OUT entry recorded for J005","","0","","IN","pcs","Admin","Maida (মাইদা) (Stock OUT (-))","""2026-08-22T13:49:26.963Z""","""public"".""stock_logs""","","","","","",""
"6a89a2c63fb8c43ecce7c350","log_1786689702741_wjmy","2026-08-14T06:41:42.743Z","2026-08-22T13:23:18.492Z","'-4 packet | Manual OUT entry recorded for J007","","0","","IN","pcs","Admin","Chowmein Noodle (চাউমিন) (Stock OUT (-))","""2026-08-22T13:49:26.963Z""","""public"".""stock_logs""","","","","","",""
"6a89a2c63fb8c43ecce7c351","log_1786689736621_btyl","2026-08-14T06:42:16.624Z","2026-08-22T13:23:18.492Z","'-1 packet | Manual OUT entry recorded for J057","","0","","IN","pcs","Admin","Butter (Stock OUT (-))","""2026-08-22T13:49:26.963Z""","""public"".""stock_logs""","","","","","",""
"6a89a2c63fb8c43ecce7c352","log_1786689754309_8166","2026-08-14T06:42:34.311Z","2026-08-22T13:23:18.492Z","'-1 pcs | Manual OUT entry recorded for J013","","0","","IN","pcs","Admin","Kasuri Methi (Stock OUT (-))","""2026-08-22T13:49:26.963Z""","""public"".""stock_logs""","","","","","",""
"6a89a2c63fb8c43ecce7c353","log_1786689784085_0a9p","2026-08-14T06:43:04.088Z","2026-08-22T13:23:18.492Z","'-0.7 g | Manual OUT entry recorded for J029","","0","","IN","pcs","Admin","Sugar (Stock OUT (-))","""2026-08-22T13:49:26.963Z""","""public"".""stock_logs""","","","","","",""
"6a89a2c63fb8c43ecce7c354","log_1786689800014_fw4j","2026-08-14T06:43:20.016Z","2026-08-22T13:23:18.492Z","'-0.5 kg | Manual OUT entry recorded for J016","","0","","IN","pcs","Admin","Ajinomoto (Ajina) (Stock OUT (-))","""2026-08-22T13:49:26.963Z""","""public"".""stock_logs""","","","","","",""
"6a89a2c63fb8c43ecce7c355","log_1786689830838_pxiv","2026-08-14T06:43:50.841Z","2026-08-22T13:23:18.493Z","'-0.1 g | Manual OUT entry recorded for J051","","0","","IN","pcs","Admin","Dhania (Coriander Seeds) (Stock OUT (-))","""2026-08-22T13:49:26.963Z""","""public"".""stock_logs""","","","","","",""
"6a89a2c63fb8c43ecce7c356","log_1786689851222_s0i1","2026-08-14T06:44:11.223Z","2026-08-22T13:23:18.493Z","'-0.2 g | Manual OUT entry recorded for J041","","0","","IN","pcs","Admin","Black Pepper (Gol Morich) (Stock OUT (-))","""2026-08-22T13:49:26.963Z""","""public"".""stock_logs""","","","","","",""
"6a89a2c63fb8c43ecce7c357","log_1786697009902_w6dv","2026-08-14T08:43:29.905Z","2026-08-22T13:23:18.493Z","'-0.25 g | Manual OUT entry recorded for J027","","0","","IN","pcs","Admin","Dry Chilli (Stock OUT (-))","""2026-08-22T13:49:26.963Z""","""public"".""stock_logs""","","","","","",""
"6a89a2c63fb8c43ecce7c358","log_1786697040654_24bu","2026-08-14T08:44:00.656Z","2026-08-22T13:23:18.493Z","'-0.6 g | Manual OUT entry recorded for J033","","0","","IN","pcs","Admin","Mogoz (Melon Seeds) (Stock OUT (-))","""2026-08-22T13:49:26.963Z""","""public"".""stock_logs""","","","","","",""
"6a89a2c63fb8c43ecce7c359","log_1786697125573_bk9m","2026-08-14T08:45:25.575Z","2026-08-22T13:23:18.493Z","'-2 packet | Manual OUT entry recorded for J031","","0","","IN","pcs","Admin","Dalda / Vanaspati (Stock OUT (-))","""2026-08-22T13:49:26.963Z""","""public"".""stock_logs""","","","","","",""
"6a89a2c63fb8c43ecce7c35a","log_1786697148182_lf84","2026-08-14T08:45:48.184Z","2026-08-22T13:23:18.493Z","'-2 packet | Manual OUT entry recorded for J030","","0","","IN","pcs","Admin","Posto (Poppy Seeds) (Stock OUT (-))","""2026-08-22T13:49:26.963Z""","""public"".""stock_logs""","","","","","",""
"6a89a2c63fb8c43ecce7c35b","log_1786697167287_l8zt","2026-08-14T08:46:07.289Z","2026-08-22T13:23:18.493Z","'-2.1 kg | Manual OUT entry recorded for J083","","0","","IN","pcs","Admin","Tomato (টমেটো) (Stock OUT (-))","""2026-08-22T13:49:26.963Z""","""public"".""stock_logs""","","","","","",""
"6a89a2c63fb8c43ecce7c35c","log_1786697193174_ewky","2026-08-14T08:46:33.176Z","2026-08-22T13:23:18.493Z","'-0.3 kg | Manual OUT entry recorded for J088","","0","","IN","pcs","Admin","Cucumber (শসা) (Stock OUT (-))","""2026-08-22T13:49:26.963Z""","""public"".""stock_logs""","","","","","",""
"6a89a2c63fb8c43ecce7c35d","log_1786697210150_4ofl","2026-08-14T08:46:50.152Z","2026-08-22T13:23:18.493Z","'-0.2 kg | Manual OUT entry recorded for J080","","0","","IN","pcs","Admin","Carrot (Stock OUT (-))","""2026-08-22T13:49:26.963Z""","""public"".""stock_logs""","","","","","",""
"6a89a2c63fb8c43ecce7c35e","log_1786698977433_2rup","2026-08-14T09:16:17.435Z","2026-08-22T13:23:18.493Z","'-0.5 kg | Manual OUT entry recorded for J080","","0","","IN","pcs","Admin","Carrot (Stock OUT (-))","""2026-08-22T13:49:26.963Z""","""public"".""stock_logs""","","","","","",""
"6a89a2c63fb8c43ecce7c35f","log_1786698994264_4pss","2026-08-14T09:16:34.266Z","2026-08-22T13:23:18.493Z","'-0.5 kg | Manual OUT entry recorded for J088","","0","","IN","pcs","Admin","Cucumber (শসা) (Stock OUT (-))","""2026-08-22T13:49:26.963Z""","""public"".""stock_logs""","","","","","",""
"6a89a2c63fb8c43ecce7c360","log_1786699272601_6nrn","2026-08-14T09:21:12.603Z","2026-08-22T13:23:18.493Z","'-2.4 kg | Manual OUT entry recorded for J075","","0","","IN","pcs","Admin","Potato (আলু) (Stock OUT (-))","""2026-08-22T13:49:26.963Z""","""public"".""stock_logs""","","","","","",""
"6a89a2c63fb8c43ecce7c361","log_1786713920345_qmj8","2026-08-14T13:25:20.348Z","2026-08-22T13:23:18.493Z","'-1 packet | Manual OUT entry recorded for J058","","0","","IN","pcs","Admin","Amul Fresh Cream (Stock OUT (-))","""2026-08-22T13:49:26.963Z""","""public"".""stock_logs""","","","","","",""
"6a89a2c63fb8c43ecce7c362","log_1786724962155_fmgj","2026-08-14T16:29:22.158Z","2026-08-22T13:23:18.493Z","'-1 packet | Manual OUT entry recorded for J057","","0","","IN","pcs","Admin","Butter (Stock OUT (-))","""2026-08-22T13:49:26.963Z""","""public"".""stock_logs""","","","","","",""
"6a89a2c63fb8c43ecce7c363","log_1786724982490_1gro","2026-08-14T16:29:42.493Z","2026-08-22T13:23:18.493Z","'-0.5 kg | Manual OUT entry recorded for J088","","0","","IN","pcs","Admin","Cucumber (শসা) (Stock OUT (-))","""2026-08-22T13:49:26.963Z""","""public"".""stock_logs""","","","","","",""
"6a89a2c63fb8c43ecce7c364","log_1786725589442_c0yg","2026-08-14T16:39:49.444Z","2026-08-22T13:23:18.493Z","'-2 packet | Manual OUT entry recorded for J002","","0","","IN","pcs","Admin","Palm Oil (পাম অয়েল) (Stock OUT (-))","""2026-08-22T13:49:26.963Z""","""public"".""stock_logs""","","","","","",""
"6a89a2c63fb8c43ecce7c365","log_1786728979947_bcle","2026-08-14T17:36:19.950Z","2026-08-22T13:23:18.493Z","'-4 pcs | Manual OUT entry recorded for J061","","0","","IN","pcs","Admin","Campa Black 500ml (Stock OUT (-))","""2026-08-22T13:49:26.963Z""","""public"".""stock_logs""","","","","","",""
"6a89a2c63fb8c43ecce7c366","log_1786729005177_ggan","2026-08-14T17:36:45.178Z","2026-08-22T13:23:18.493Z","'-4 pcs | Manual OUT entry recorded for J071","","0","","IN","pcs","Admin","Thums Up 500ml (Stock OUT (-))","""2026-08-22T13:49:26.963Z""","""public"".""stock_logs""","","","","","",""
"6a89a2c63fb8c43ecce7c367","log_1786729039793_0y59","2026-08-14T17:37:19.795Z","2026-08-22T13:23:18.493Z","'-18 pcs | Manual OUT entry recorded for J064","","0","","IN","pcs","Admin","Bisleri Water 1L (Stock OUT (-))","""2026-08-22T13:49:26.963Z""","""public"".""stock_logs""","","","","","",""
"6a89a2c63fb8c43ecce7c368","log_1786729060744_baxg","2026-08-14T17:37:40.745Z","2026-08-22T13:23:18.493Z","'-3 pcs | Manual OUT entry recorded for J067","","0","","IN","pcs","Admin","Bisleri Water 500ml (Stock OUT (-))","""2026-08-22T13:49:26.963Z""","""public"".""stock_logs""","","","","","",""
"6a89a2c63fb8c43ecce7c369","log_1786729085327_dfj6","2026-08-14T17:38:05.330Z","2026-08-22T13:23:18.493Z","'+24 pcs | Manual IN entry recorded for J071","","0","","IN","pcs","Admin","Thums Up 500ml (Stock IN (+))","""2026-08-22T13:49:26.963Z""","""public"".""stock_logs""","","","","","",""
"6a89a2c63fb8c43ecce7c36a","log_1786729114208_451e","2026-08-14T17:38:34.209Z","2026-08-22T13:23:18.493Z","'+24 pcs | Manual IN entry recorded for J073","","0","","IN","pcs","Admin","Sprite 500ml (Stock IN (+))","""2026-08-22T13:49:26.963Z""","""public"".""stock_logs""","","","","","",""
"6a89a2c63fb8c43ecce7c36b","log_1786729148517_4ccd","2026-08-14T17:39:08.519Z","2026-08-22T13:23:18.493Z","'-12 pcs | Manual OUT entry recorded for J074","","0","","IN","pcs","Admin","Sprite 1L (Stock OUT (-))","""2026-08-22T13:49:26.963Z""","""public"".""stock_logs""","","","","","",""
"6a89a2c63fb8c43ecce7c36c","log_1786729165685_1msk","2026-08-14T17:39:25.686Z","2026-08-22T13:23:18.493Z","'-2 pcs | Manual OUT entry recorded for J124","","0","","IN","pcs","Admin","Vim Soap / Bar (Bhim Srap) (Stock OUT (-))","""2026-08-22T13:49:26.963Z""","""public"".""stock_logs""","","","","","",""
"6a89a2c63fb8c43ecce7c36d","log_1786730203098_vlmq","2026-08-14T17:56:43.100Z","2026-08-22T13:23:18.493Z","'-2 g | Manual OUT entry recorded for J029","","0","","IN","pcs","Admin","Sugar (Stock OUT (-))","""2026-08-22T13:49:26.963Z""","""public"".""stock_logs""","","","","","",""
"6a89a2c63fb8c43ecce7c36e","log_1786730217822_dxtl","2026-08-14T17:56:57.825Z","2026-08-22T13:23:18.493Z","'-1 box | Manual OUT entry recorded for J042","","0","","IN","pcs","Admin","Pure Ghee (Stock OUT (-))","""2026-08-22T13:49:26.963Z""","""public"".""stock_logs""","","","","","",""
"6a89a2c63fb8c43ecce7c36f","log_1786799372718_9zq2","2026-08-15T13:09:32.722Z","2026-08-22T13:23:18.493Z","'-1 packet | Manual OUT entry recorded for J001","","0","","IN","pcs","Admin","Rice (রাইস) (Stock OUT (-))","""2026-08-22T13:49:26.963Z""","""public"".""stock_logs""","","","","","",""
"6a89a2c63fb8c43ecce7c370","log_1786799384036_pwx9","2026-08-15T13:09:44.039Z","2026-08-22T13:23:18.493Z","'-8 packet | Manual OUT entry recorded for J002","","0","","IN","pcs","Admin","Palm Oil (পাম অয়েল) (Stock OUT (-))","""2026-08-22T13:49:26.963Z""","""public"".""stock_logs""","","","","","",""
"6a89a2c63fb8c43ecce7c371","log_1786799394453_11vk","2026-08-15T13:09:54.455Z","2026-08-22T13:23:18.493Z","'-1 L | Manual OUT entry recorded for J003","","0","","IN","pcs","Admin","Refined Oil (রেফাইন্ড অয়েল) (Stock OUT (-))","""2026-08-22T13:49:26.963Z""","""public"".""stock_logs""","","","","","",""
"6a89a2c63fb8c43ecce7c372","log_1786799405581_3ix3","2026-08-15T13:10:05.583Z","2026-08-22T13:23:18.493Z","'-1 L | Manual OUT entry recorded for J004","","0","","IN","pcs","Admin","Mustard Oil (মাস্টার অয়েল) (Stock OUT (-))","""2026-08-22T13:49:26.963Z""","""public"".""stock_logs""","","","","","",""
"6a89a2c63fb8c43ecce7c373","log_1786799427341_881h","2026-08-15T13:10:27.343Z","2026-08-22T13:23:18.493Z","'-4 kg | Manual OUT entry recorded for J005","","0","","IN","pcs","Admin","Maida (মাইদা) (Stock OUT (-))","""2026-08-22T13:49:26.963Z""","""public"".""stock_logs""","","","","","",""
"6a89a2c63fb8c43ecce7c374","log_1786799437868_8ahn","2026-08-15T13:10:37.870Z","2026-08-22T13:23:18.493Z","'-3 packet | Manual OUT entry recorded for J007","","0","","IN","pcs","Admin","Chowmein Noodle (চাউমিন) (Stock OUT (-))","""2026-08-22T13:49:26.963Z""","""public"".""stock_logs""","","","","","",""
"6a89a2c63fb8c43ecce7c375","log_1786799447860_r5lc","2026-08-15T13:10:47.862Z","2026-08-22T13:23:18.493Z","'-1 packet | Manual OUT entry recorded for J008","","0","","IN","pcs","Admin","Tomato Sauce (টমেটো sos) (Stock OUT (-))","""2026-08-22T13:49:26.963Z""","""public"".""stock_logs""","","","","","",""
"6a89a2c63fb8c43ecce7c376","log_1786799461141_9t2m","2026-08-15T13:11:01.144Z","2026-08-22T13:23:18.493Z","'-1 pcs | Manual OUT entry recorded for J011","","0","","IN","pcs","Admin","Vinegar (Stock OUT (-))","""2026-08-22T13:49:26.963Z""","""public"".""stock_logs""","","","","","",""
"6a89a2c63fb8c43ecce7c377","log_1786799472132_ucbk","2026-08-15T13:11:12.134Z","2026-08-22T13:23:18.493Z","'-2 pcs | Manual OUT entry recorded for J013","","0","","IN","pcs","Admin","Kasuri Methi (Stock OUT (-))","""2026-08-22T13:49:26.963Z""","""public"".""stock_logs""","","","","","",""
"6a89a2c63fb8c43ecce7c378","log_1786799494270_62ud","2026-08-15T13:11:34.271Z","2026-08-22T13:23:18.493Z","'-1 pcs | Manual OUT entry recorded for J023","","0","","IN","pcs","Admin","Attar / Essence (Stock OUT (-))","""2026-08-22T13:49:26.963Z""","""public"".""stock_logs""","","","","","",""
"6a89a2c63fb8c43ecce7c379","log_1786799520070_dqsf","2026-08-15T13:12:00.073Z","2026-08-22T13:23:18.493Z","'-0.2 g | Manual OUT entry recorded for J034","","0","","IN","pcs","Admin","Elachi (Cardamom) (Stock OUT (-))","""2026-08-22T13:49:26.963Z""","""public"".""stock_logs""","","","","","",""
"6a89a2c63fb8c43ecce7c37a","log_1786799537222_damk","2026-08-15T13:12:17.224Z","2026-08-22T13:23:18.493Z","'-0.15 g | Manual OUT entry recorded for J036","","0","","IN","pcs","Admin","Jaitri (Mace) (Stock OUT (-))","""2026-08-22T13:49:26.963Z""","""public"".""stock_logs""","","","","","",""
"6a89a2c63fb8c43ecce7c37b","log_1786800322025_2ffv","2026-08-15T13:25:22.028Z","2026-08-22T13:23:18.493Z","'-1 pcs | Manual OUT entry recorded for J047","","0","","IN","pcs","Admin","Kissan Tomato Sauce Pouch (Stock OUT (-))","""2026-08-22T13:49:26.963Z""","""public"".""stock_logs""","","","","","",""
"6a89a2c63fb8c43ecce7c37c","log_1786800343048_24z5","2026-08-15T13:25:43.050Z","2026-08-22T13:23:18.493Z","'+1 L | Manual IN entry recorded for J003","","0","","IN","pcs","Admin","Refined Oil (রেফাইন্ড অয়েল) (Stock IN (+))","""2026-08-22T13:49:26.963Z""","""public"".""stock_logs""","","","","","",""
"6a89a2c63fb8c43ecce7c37d","log_1786800354459_gos4","2026-08-15T13:25:54.463Z","2026-08-22T13:23:18.493Z","'+5 packet | Manual IN entry recorded for J001","","0","","IN","pcs","Admin","Rice (রাইস) (Stock IN (+))","""2026-08-22T13:49:26.963Z""","""public"".""stock_logs""","","","","","",""
"6a89a2c63fb8c43ecce7c37e","log_1786800368827_z68o","2026-08-15T13:26:08.830Z","2026-08-22T13:23:18.493Z","'+7 kg | Manual IN entry recorded for J076","","0","","IN","pcs","Admin","Onion (পেঁয়াজ) (Stock IN (+))","""2026-08-22T13:49:26.963Z""","""public"".""stock_logs""","","","","","",""
"6a89a2c63fb8c43ecce7c37f","log_1786800392682_t4x0","2026-08-15T13:26:32.685Z","2026-08-22T13:23:18.493Z","'-3 packet | Manual OUT entry recorded for J054","","0","","IN","pcs","Admin","Milk (দুধ) (Stock OUT (-))","""2026-08-22T13:49:26.963Z""","""public"".""stock_logs""","","","","","",""
"6a89a2c63fb8c43ecce7c380","log_1786800473039_3qud","2026-08-15T13:27:53.042Z","2026-08-22T13:23:18.493Z","'-5 packet | Manual OUT entry recorded for J055","","0","","IN","pcs","Admin","Dahi (দই / Curd) (Stock OUT (-))","""2026-08-22T13:49:26.963Z""","""public"".""stock_logs""","","","","","",""
"6a89a2c63fb8c43ecce7c381","log_1786800492863_5cs6","2026-08-15T13:28:12.865Z","2026-08-22T13:23:18.493Z","'-2 packet | Manual OUT entry recorded for J055","","0","","IN","pcs","Admin","Dahi (দই / Curd) (Stock OUT (-))","""2026-08-22T13:49:26.963Z""","""public"".""stock_logs""","","","","","",""
"6a89a2c63fb8c43ecce7c382","log_1786800528959_auhy","2026-08-15T13:28:48.963Z","2026-08-22T13:23:18.493Z","'-1 packet | Manual OUT entry recorded for J110","","0","","IN","pcs","Admin","Chatni Box (Stock OUT (-))","""2026-08-22T13:49:26.963Z""","""public"".""stock_logs""","","","","","",""
"6a89a2c63fb8c43ecce7c383","log_1786800561346_d6nx","2026-08-15T13:29:21.348Z","2026-08-22T13:23:18.493Z","'-1 pcs | Manual OUT entry recorded for J104","","0","","IN","pcs","Admin","1000ml Container (Stock OUT (-))","""2026-08-22T13:49:26.963Z""","""public"".""stock_logs""","","","","","",""
"6a89a2c63fb8c43ecce7c384","log_1786800629302_59ie","2026-08-15T13:30:29.304Z","2026-08-22T13:23:18.493Z","'+3 packet | Manual IN entry recorded for J054","","0","","IN","pcs","Admin","Milk (দুধ) (Stock IN (+))","""2026-08-22T13:49:26.963Z""","""public"".""stock_logs""","","","","","",""
"6a89a2c63fb8c43ecce7c385","log_1786800645014_vyw6","2026-08-15T13:30:45.016Z","2026-08-22T13:23:18.493Z","'+4 packet | Manual IN entry recorded for J055","","0","","IN","pcs","Admin","Dahi (দই / Curd) (Stock IN (+))","""2026-08-22T13:49:26.963Z""","""public"".""stock_logs""","","","","","",""
"6a89a2c63fb8c43ecce7c386","log_1786800721322_n4ss","2026-08-15T13:32:01.324Z","2026-08-22T13:23:18.493Z","'+24 pcs | Manual IN entry recorded for J061","","0","","IN","pcs","Admin","Campa Black 500ml (Stock IN (+))","""2026-08-22T13:49:26.963Z""","""public"".""stock_logs""","","","","","",""
"6a89a2c63fb8c43ecce7c387","log_1786800737853_9bol","2026-08-15T13:32:17.856Z","2026-08-22T13:23:18.493Z","'+24 pcs | Manual IN entry recorded for J062","","0","","IN","pcs","Admin","Campa White 500ml (Stock IN (+))","""2026-08-22T13:49:26.963Z""","""public"".""stock_logs""","","","","","",""
"6a89a2c63fb8c43ecce7c388","log_1786804021071_a5h1","2026-08-15T14:27:01.073Z","2026-08-22T13:23:18.493Z","'-2 pcs | Manual OUT entry recorded for J124","","0","","IN","pcs","Admin","Vim Soap / Bar (Bhim Srap) (Stock OUT (-))","""2026-08-22T13:49:26.963Z""","""public"".""stock_logs""","","","","","",""
"6a89a2c63fb8c43ecce7c389","log_1786804840325_d6c8","2026-08-15T14:40:40.327Z","2026-08-22T13:23:18.493Z","'-1 packet | Manual OUT entry recorded for J057","","0","","IN","pcs","Admin","Butter (Stock OUT (-))","""2026-08-22T13:49:26.963Z""","""public"".""stock_logs""","","","","","",""
"6a89a2c63fb8c43ecce7c38a","log_1786809591657_1agf","2026-08-15T15:59:51.660Z","2026-08-22T13:23:18.493Z","'-4.5 kg | Manual OUT entry recorded for J075","","0","","IN","pcs","Admin","Potato (আলু) (Stock OUT (-))","""2026-08-22T13:49:26.963Z""","""public"".""stock_logs""","","","","","",""
"6a89a2c63fb8c43ecce7c38b","log_1786809659793_9vsi","2026-08-15T16:00:59.795Z","2026-08-22T13:23:18.493Z","'-7 kg | Manual OUT entry recorded for J076","","0","","IN","pcs","Admin","Onion (পেঁয়াজ) (Stock OUT (-))","""2026-08-22T13:49:26.964Z""","""public"".""stock_logs""","","","","","",""
"6a89a2c63fb8c43ecce7c38c","log_1786809678193_9mvj","2026-08-15T16:01:18.195Z","2026-08-22T13:23:18.493Z","'-0.7 kg | Manual OUT entry recorded for J079","","0","","IN","pcs","Admin","Capsicum (Stock OUT (-))","""2026-08-22T13:49:26.964Z""","""public"".""stock_logs""","","","","","",""
"6a89a2c63fb8c43ecce7c38d","log_1786809695505_5rmr","2026-08-15T16:01:35.507Z","2026-08-22T13:23:18.493Z","'-0.8 kg | Manual OUT entry recorded for J080","","0","","IN","pcs","Admin","Carrot (Stock OUT (-))","""2026-08-22T13:49:26.964Z""","""public"".""stock_logs""","","","","","",""
"6a89a2c63fb8c43ecce7c38e","log_1786809723920_fz1s","2026-08-15T16:02:03.922Z","2026-08-22T13:23:18.493Z","'-0.25 kg | Manual OUT entry recorded for J082","","0","","IN","pcs","Admin","Green Chilli (কাঁচা লঙ্কা) (Stock OUT (-))","""2026-08-22T13:49:26.964Z""","""public"".""stock_logs""","","","","","",""
"6a89a2c63fb8c43ecce7c38f","log_1786809741729_9kqh","2026-08-15T16:02:21.731Z","2026-08-22T13:23:18.493Z","'-1 kg | Manual OUT entry recorded for J083","","0","","IN","pcs","Admin","Tomato (টমেটো) (Stock OUT (-))","""2026-08-22T13:49:26.964Z""","""public"".""stock_logs""","","","","","",""
"6a89a2c63fb8c43ecce7c390","log_1786809765744_gihi","2026-08-15T16:02:45.747Z","2026-08-22T13:23:18.493Z","'-0.4 kg | Manual OUT entry recorded for J086","","0","","IN","pcs","Admin","Dhania Pata (Coriander) (Stock OUT (-))","""2026-08-22T13:49:26.964Z""","""public"".""stock_logs""","","","","","",""
"6a89a2c63fb8c43ecce7c391","log_1786809819888_3nol","2026-08-15T16:03:39.891Z","2026-08-22T13:23:18.493Z","'-1 kg | Manual OUT entry recorded for J088","","0","","IN","pcs","Admin","Cucumber (শসা) (Stock OUT (-))","""2026-08-22T13:49:26.964Z""","""public"".""stock_logs""","","","","","",""
"6a89a2c63fb8c43ecce7c392","log_1786810366655_6s7m","2026-08-15T16:12:46.658Z","2026-08-22T13:23:18.493Z","'-3 packet | Manual OUT entry recorded for J002","","0","","IN","pcs","Admin","Palm Oil (পাম অয়েল) (Stock OUT (-))","""2026-08-22T13:49:26.964Z""","""public"".""stock_logs""","","","","","",""
"6a89a2c63fb8c43ecce7c393","log_1786811931285_a53e","2026-08-15T16:38:51.288Z","2026-08-22T13:23:18.493Z","'-0.5 g | Manual OUT entry recorded for J021","","0","","IN","pcs","Admin","Kabuli Chana (Stock OUT (-))","""2026-08-22T13:49:26.964Z""","""public"".""stock_logs""","","","","","",""
"6a89a3103fb8c43ecce7c64b","log_1786894669676_quyi","2026-08-16T15:37:49.676Z","","-5 packet | Manual OUT entry recorded for J002","","","","","","","Palm Oil (পাম অয়েল) (Stock OUT (-))","""2026-08-22T13:49:26.963Z""","""public"".""stock_logs""","","","","","",""
"6a89a3103fb8c43ecce7c64c","log_1786894870980_xfm0","2026-08-16T15:41:10.980Z","","-1 g | Manual OUT entry recorded for J021","","","","","","","Kabuli Chana (Stock OUT (-))","""2026-08-22T13:49:26.963Z""","""public"".""stock_logs""","","","","","",""
"6a89a3103fb8c43ecce7c64d","log_1786895226269_b1lw","2026-08-16T15:47:06.269Z","","-0.6 kg | Manual OUT entry recorded for J088","","","","","","","Cucumber (শসা) (Stock OUT (-))","""2026-08-22T13:49:26.963Z""","""public"".""stock_logs""","","","","","",""
"6a89a3103fb8c43ecce7c64e","log_1787068474272_ksfq","2026-08-18T15:54:34.272Z","","-4 packet | Manual OUT entry recorded for J055","","","","","","","Dahi (দই / Curd) (Stock OUT (-))","""2026-08-22T13:49:26.963Z""","""public"".""stock_logs""","","","","","",""
"6a89a3103fb8c43ecce7c64f","log_1787068925779_2l0i","2026-08-18T16:02:05.779Z","","+5 packet | Manual IN entry recorded for J057","","","","","","","Butter (Stock IN (+))","""2026-08-22T13:49:26.963Z""","""public"".""stock_logs""","","","","","",""
"6a89a3103fb8c43ecce7c650","log_1787144815429_buha","2026-08-19T13:06:55.429Z","","-3 packet | Manual OUT entry recorded for J017","","","","","","","Chilli Powder (Stock OUT (-))","""2026-08-22T13:49:26.963Z""","""public"".""stock_logs""","","","","","",""
"6a89a3103fb8c43ecce7c651","log_1787145481243_0kdj","2026-08-19T13:18:01.243Z","","-7 packet | Manual OUT entry recorded for J055","","","","","","","Dahi (দই / Curd) (Stock OUT (-))","""2026-08-22T13:49:26.963Z""","""public"".""stock_logs""","","","","","",""
"6a89a3103fb8c43ecce7c652","log_1787145814183_3q9p","2026-08-19T13:23:34.183Z","","-0.8 kg | Manual OUT entry recorded for J088","","","","","","","Cucumber (শসা) (Stock OUT (-))","""2026-08-22T13:49:26.963Z""","""public"".""stock_logs""","","","","","",""
"6a89a3103fb8c43ecce7c653","log_1787146397209_0r38","2026-08-19T13:33:17.209Z","","+12 packet | Manual IN entry recorded for J112","","","","","","","13x16 Carry Bag (Stock IN (+))","""2026-08-22T13:49:26.963Z""","""public"".""stock_logs""","","","","","",""
"6a89a3103fb8c43ecce7c654","log_1787158896386_0b9t","2026-08-19T17:01:36.386Z","","-2 packet | Manual OUT entry recorded for J002","","","","","","","Palm Oil (পাম অয়েল) (Stock OUT (-))","""2026-08-22T13:49:26.963Z""","""public"".""stock_logs""","","","","","",""
"6a89a3103fb8c43ecce7c655","log_1787239046603_x1wp","2026-08-20T15:17:26.603Z","","-5 packet | Manual OUT entry recorded for J017","","","","","","","Chilli Powder (Stock OUT (-))","""2026-08-22T13:49:26.963Z""","""public"".""stock_logs""","","","","","",""
"6a89a3103fb8c43ecce7c656","log_1787241982867_9h1c","2026-08-20T16:06:22.867Z","","-2.5 kg | Manual OUT entry recorded for J076","","","","","","","Onion (পেঁয়াজ) (Stock OUT (-))","""2026-08-22T13:49:26.963Z""","""public"".""stock_logs""","","","","","",""
"6a89a3103fb8c43ecce7c657","log_1787242938996_2b1a","2026-08-20T16:22:18.996Z","","+96 pcs | Manual IN entry recorded for J064","","","","","","","Bisleri Water 1L (Stock IN (+))","""2026-08-22T13:49:26.963Z""","""public"".""stock_logs""","","","","","",""
"6a89a3103fb8c43ecce7c658","log_1787327870557_0v34","2026-08-21T15:57:50.557Z","","-1149.7 g | Workflow Adjustment","","","","","","","Jeera (Cumin Seeds) (Stock OUT (-))","""2026-08-22T13:49:26.963Z""","""public"".""stock_logs""","","","","","",""
"6a89a3103fb8c43ecce7c659","log_1787329834036_zhtt","2026-08-21T16:30:34.036Z","","+1 pcs | Workflow Adjustment","","","","","","","Kashmiri Chilli Powder (Stock IN (+))","""2026-08-22T13:49:26.963Z""","""public"".""stock_logs""","","","","","",""
"6a89a3103fb8c43ecce7c65a","log_1787330748002_7gfm","2026-08-21T16:45:48.002Z","","+4 packet | Manual IN entry recorded for J055","","","","","","","Dahi (দই / Curd) (Stock IN (+))","""2026-08-22T13:49:26.963Z""","""public"".""stock_logs""","","","","","",""
"6a89a3103fb8c43ecce7c65b","log_1787331016101_go82","2026-08-21T16:50:16.101Z","","-70 g | Manual OUT entry recorded for J034","","","","","","","Elachi (Cardamom) (Stock OUT (-))","""2026-08-22T13:49:26.963Z""","""public"".""stock_logs""","","","","","",""
"6a89a3103fb8c43ecce7c65c","log_1787331296717_1ugr","2026-08-21T16:54:56.717Z","","-5 kg | Manual OUT entry recorded for J076","","","","","","","Onion (পেঁয়াজ) (Stock OUT (-))","""2026-08-22T13:49:26.963Z""","""public"".""stock_logs""","","","","","",""
"6a89a3103fb8c43ecce7c65d","log_1787334374810_uys9","2026-08-21T17:46:14.810Z","","-2 pcs | Manual OUT entry recorded for J071","","","","","","","Thums Up 500ml (Stock OUT (-))","""2026-08-22T13:49:26.963Z""","""public"".""stock_logs""","","","","","",""
"6a89a3103fb8c43ecce7c65e","log_1786894687503_zklg","2026-08-16T15:38:07.503Z","","-4 kg | Manual OUT entry recorded for J005","","","","","","","Maida (মাইদা) (Stock OUT (-))","""2026-08-22T13:49:26.963Z""","""public"".""stock_logs""","","","","","",""
"6a89a3103fb8c43ecce7c65f","log_1786894907686_44k6","2026-08-16T15:41:47.686Z","","-1 box | Manual OUT entry recorded for J024","","","","","","","Red Food Color (Stock OUT (-))","""2026-08-22T13:49:26.963Z""","""public"".""stock_logs""","","","","","",""
"6a89a3103fb8c43ecce7c660","log_1786895260314_10c6","2026-08-16T15:47:40.314Z","","-1 packet | Manual OUT entry recorded for J058","","","","","","","Amul Fresh Cream (Stock OUT (-))","""2026-08-22T13:49:26.963Z""","""public"".""stock_logs""","","","","","",""
"6a89a3103fb8c43ecce7c661","log_1787068603304_b6mz","2026-08-18T15:56:43.304Z","","-1 packet | Manual OUT entry recorded for J057","","","","","","","Butter (Stock OUT (-))","""2026-08-22T13:49:26.963Z""","""public"".""stock_logs""","","","","","",""
"6a89a3103fb8c43ecce7c662","log_1787068941112_vmex","2026-08-18T16:02:21.112Z","","+3 packet | Manual IN entry recorded for J058","","","","","","","Amul Fresh Cream (Stock IN (+))","""2026-08-22T13:49:26.963Z""","""public"".""stock_logs""","","","","","",""
"6a89a3103fb8c43ecce7c663","log_1787144889044_giqe","2026-08-19T13:08:09.044Z","","-0.5 g | Manual OUT entry recorded for J020","","","","","","","Dal (Pulses) (Stock OUT (-))","""2026-08-22T13:49:26.963Z""","""public"".""stock_logs""","","","","","",""
"6a89a3103fb8c43ecce7c664","log_1787145534131_s91y","2026-08-19T13:18:54.131Z","","-2 pcs | Manual OUT entry recorded for J115","","","","","","","Cling Wrap (Clean Tape) (Stock OUT (-))","""2026-08-22T13:49:26.963Z""","""public"".""stock_logs""","","","","","",""
"6a89a3103fb8c43ecce7c665","log_1787145886108_fc56","2026-08-19T13:24:46.108Z","","-2 L | Manual OUT entry recorded for J003","","","","","","","Refined Oil (রেফাইন্ড অয়েল) (Stock OUT (-))","""2026-08-22T13:49:26.963Z""","""public"".""stock_logs""","","","","","",""
"6a89a3103fb8c43ecce7c666","log_1787146457673_0fnu","2026-08-19T13:34:17.673Z","","+5 packet | Manual IN entry recorded for J052","","","","","","","Egg (ডিম) (Stock IN (+))","""2026-08-22T13:49:26.963Z""","""public"".""stock_logs""","","","","","",""
"6a89a3103fb8c43ecce7c667","log_1787158916944_se4o","2026-08-19T17:01:56.944Z","","-1 packet | Manual OUT entry recorded for J054","","","","","","","Milk (দুধ) (Stock OUT (-))","""2026-08-22T13:49:26.963Z""","""public"".""stock_logs""","","","","","",""
"6a89a3103fb8c43ecce7c668","log_1787239084403_1vu5","2026-08-20T15:18:04.403Z","","-1 pcs | Manual OUT entry recorded for J048","","","","","","","Jaljeera Powder (Stock OUT (-))","""2026-08-22T13:49:26.963Z""","""public"".""stock_logs""","","","","","",""
"6a89a3103fb8c43ecce7c669","log_1787242010931_ud56","2026-08-20T16:06:50.931Z","","-1 packet | Manual OUT entry recorded for J117","","","","","","","9x12 SP Pouch (Stock OUT (-))","""2026-08-22T13:49:26.963Z""","""public"".""stock_logs""","","","","","",""
"6a89a3103fb8c43ecce7c66a","log_1787242992755_rxl7","2026-08-20T16:23:12.755Z","","+72 pcs | Manual IN entry recorded for J067","","","","","","","Bisleri Water 500ml (Stock IN (+))","""2026-08-22T13:49:26.963Z""","""public"".""stock_logs""","","","","","",""
"6a89a3103fb8c43ecce7c66b","log_1787328798324_awk4","2026-08-21T16:13:18.324Z","","-1 kg | Workflow Adjustment","","","","","","","Black Salt (Bit Nun) (Stock OUT (-))","""2026-08-22T13:49:26.963Z""","""public"".""stock_logs""","","","","","",""
"6a89a3103fb8c43ecce7c66c","log_1787329890146_bc6r","2026-08-21T16:31:30.146Z","","-149.85 g | Workflow Adjustment","","","","","","","Jaitri (Mace) (Stock OUT (-))","""2026-08-22T13:49:26.963Z""","""public"".""stock_logs""","","","","","",""
"6a89a3103fb8c43ecce7c66d","log_1787330762936_86t2","2026-08-21T16:46:02.936Z","","+3 packet | Manual IN entry recorded for J052","","","","","","","Egg (ডিম) (Stock IN (+))","""2026-08-22T13:49:26.963Z""","""public"".""stock_logs""","","","","","",""
"6a89a3103fb8c43ecce7c66e","log_1787331051280_wd3p","2026-08-21T16:50:51.280Z","","-70 g | Manual OUT entry recorded for J036","","","","","","","Jaitri (Mace) (Stock OUT (-))","""2026-08-22T13:49:26.963Z""","""public"".""stock_logs""","","","","","",""
"6a89a3103fb8c43ecce7c66f","log_1787331332308_zx3n","2026-08-21T16:55:32.308Z","","-0.8 kg | Manual OUT entry recorded for J079","","","","","","","Capsicum (Stock OUT (-))","""2026-08-22T13:49:26.963Z""","""public"".""stock_logs""","","","","","",""
"6a89a3103fb8c43ecce7c670","log_1787334401478_ggqj","2026-08-21T17:46:41.478Z","","-15 pcs | Manual OUT entry recorded for J064","","","","","","","Bisleri Water 1L (Stock OUT (-))","""2026-08-22T13:49:26.963Z""","""public"".""stock_logs""","","","","","",""
"6a89a3103fb8c43ecce7c671","log_1786894700915_cg0c","2026-08-16T15:38:20.915Z","","-1 packet | Manual OUT entry recorded for J008","","","","","","","Tomato Sauce (টমেটো sos) (Stock OUT (-))","""2026-08-22T13:49:26.963Z""","""public"".""stock_logs""","","","","","",""
"6a89a3103fb8c43ecce7c672","log_1786894924690_uae4","2026-08-16T15:42:04.690Z","","-5 g | Manual OUT entry recorded for J027","","","","","","","Dry Chilli (Stock OUT (-))","""2026-08-22T13:49:26.963Z""","""public"".""stock_logs""","","","","","",""
"6a89a3103fb8c43ecce7c673","log_1786895290918_9oui","2026-08-16T15:48:10.918Z","","-1 pcs | Manual OUT entry recorded for J104","","","","","","","1000ml Container (Stock OUT (-))","""2026-08-22T13:49:26.963Z""","""public"".""stock_logs""","","","","","",""
"6a89a3103fb8c43ecce7c674","log_1787068639542_qtd6","2026-08-18T15:57:19.542Z","","-2 kg | Manual OUT entry recorded for J075","","","","","","","Potato (আলু) (Stock OUT (-))","""2026-08-22T13:49:26.963Z""","""public"".""stock_logs""","","","","","",""
"6a89a3103fb8c43ecce7c675","log_1787069234037_4xc6","2026-08-18T16:07:14.037Z","","-18 kg | Manual OUT entry recorded for J076","","","","","","","Onion (পেঁয়াজ) (Stock OUT (-))","""2026-08-22T13:49:26.963Z""","""public"".""stock_logs""","","","","","",""
"6a89a3103fb8c43ecce7c676","log_1787144918491_9t84","2026-08-19T13:08:38.491Z","","-2 g | Manual OUT entry recorded for J029","","","","","","","Sugar (Stock OUT (-))","""2026-08-22T13:49:26.963Z""","""public"".""stock_logs""","","","","","",""
"6a89a3103fb8c43ecce7c677","log_1787145556138_rdox","2026-08-19T13:19:16.139Z","","-1 packet | Manual OUT entry recorded for J057","","","","","","","Butter (Stock OUT (-))","""2026-08-22T13:49:26.963Z""","""public"".""stock_logs""","","","","","",""
"6a89a3103fb8c43ecce7c678","log_1787145898316_b8go","2026-08-19T13:24:58.316Z","","+2 L | Manual IN entry recorded for J003","","","","","","","Refined Oil (রেফাইন্ড অয়েল) (Stock IN (+))","""2026-08-22T13:49:26.963Z""","""public"".""stock_logs""","","","","","",""
"6a89a3103fb8c43ecce7c679","log_1787146492818_keeu","2026-08-19T13:34:52.818Z","","-6 packet | Manual OUT entry recorded for J052","","","","","","","Egg (ডিম) (Stock OUT (-))","""2026-08-22T13:49:26.963Z""","""public"".""stock_logs""","","","","","",""
"6a89a3103fb8c43ecce7c67a","log_1787159245606_xewk","2026-08-19T17:07:25.606Z","","-2 packet | Manual OUT entry recorded for J054","","","","","","","Milk (দুধ) (Stock OUT (-))","""2026-08-22T13:49:26.963Z""","""public"".""stock_logs""","","","","","",""
"6a89a3103fb8c43ecce7c67b","log_1787241626522_jd5g","2026-08-20T16:00:26.522Z","","-1.1 kg | Manual OUT entry recorded for J053","","","","","","","Staff Rice (Stock OUT (-))","""2026-08-22T13:49:26.963Z""","""public"".""stock_logs""","","","","","",""
"6a89a3103fb8c43ecce7c67c","log_1787242031572_1dw2","2026-08-20T16:07:11.572Z","","-1 packet | Manual OUT entry recorded for J112","","","","","","","13x16 Carry Bag (Stock OUT (-))","""2026-08-22T13:49:26.963Z""","""public"".""stock_logs""","","","","","",""
"6a89a3103fb8c43ecce7c67d","log_1787244651148_vexy","2026-08-20T16:50:51.148Z","","-1 packet | Manual OUT entry recorded for J055","","","","","","","Dahi (দই / Curd) (Stock OUT (-))","""2026-08-22T13:49:26.963Z""","""public"".""stock_logs""","","","","","",""
"6a89a3103fb8c43ecce7c67e","log_1787328886177_clbl","2026-08-21T16:14:46.177Z","","+109.3 g | Workflow Adjustment","","","","","","","Mogoz (Melon Seeds) (Stock IN (+))","""2026-08-22T13:49:26.963Z""","""public"".""stock_logs""","","","","","",""
"6a89a3103fb8c43ecce7c67f","log_1787328924589_rq98","2026-08-21T16:15:24.589Z","","-218.6 g | Workflow Adjustment","","","","","","","Mogoz (Melon Seeds) (Stock OUT (-))","""2026-08-22T13:49:26.963Z""","""public"".""stock_logs""","","","","","",""
"6a89a3103fb8c43ecce7c680","log_1787329964569_w5t0","2026-08-21T16:32:44.569Z","","-1694.35 g | Workflow Adjustment","","","","","","","Dry Chilli (Stock OUT (-))","""2026-08-22T13:49:26.963Z""","""public"".""stock_logs""","","","","","",""
"6a89a3103fb8c43ecce7c681","log_1787330789715_dn7w","2026-08-21T16:46:29.715Z","","+2 kg | Manual IN entry recorded for J080","","","","","","","Carrot (Stock IN (+))","""2026-08-22T13:49:26.963Z""","""public"".""stock_logs""","","","","","",""
"6a89a3103fb8c43ecce7c682","log_1787331067113_1em6","2026-08-21T16:51:07.113Z","","-70 g | Manual OUT entry recorded for J038","","","","","","","Starful (Star Anise) (Stock OUT (-))","""2026-08-22T13:49:26.963Z""","""public"".""stock_logs""","","","","","",""
"6a89a3103fb8c43ecce7c683","log_1787331401548_n89n","2026-08-21T16:56:41.548Z","","-0.5 kg | Manual OUT entry recorded for J080","","","","","","","Carrot (Stock OUT (-))","""2026-08-22T13:49:26.963Z""","""public"".""stock_logs""","","","","","",""
"6a89a3103fb8c43ecce7c684","log_1787334422813_7yd5","2026-08-21T17:47:02.813Z","","-2 pcs | Manual OUT entry recorded for J067","","","","","","","Bisleri Water 500ml (Stock OUT (-))","""2026-08-22T13:49:26.963Z""","""public"".""stock_logs""","","","","","",""
"6a89a3103fb8c43ecce7c685","log_1786894714431_4wem","2026-08-16T15:38:34.431Z","","-1 pcs | Manual OUT entry recorded for J009","","","","","","","Chili Sauce (Stock OUT (-))","""2026-08-22T13:49:26.963Z""","""public"".""stock_logs""","","","","","",""
"6a89a3103fb8c43ecce7c686","log_1786894971494_d0v9","2026-08-16T15:42:51.494Z","","-0.1 g | Manual OUT entry recorded for J039","","","","","","","Rose Petals (Stock OUT (-))","""2026-08-22T13:49:26.963Z""","""public"".""stock_logs""","","","","","",""
"6a89a3103fb8c43ecce7c687","log_1786895318764_5tra","2026-08-16T15:48:38.764Z","","+2 packet | Manual IN entry recorded for J054","","","","","","","Milk (দুধ) (Stock IN (+))","""2026-08-22T13:49:26.963Z""","""public"".""stock_logs""","","","","","",""
"6a89a3103fb8c43ecce7c688","log_1787068657415_h6pq","2026-08-18T15:57:37.415Z","","-5 kg | Manual OUT entry recorded for J076","","","","","","","Onion (পেঁয়াজ) (Stock OUT (-))","""2026-08-22T13:49:26.963Z""","""public"".""stock_logs""","","","","","",""
"6a89a3103fb8c43ecce7c689","log_1787070074023_mt4v","2026-08-18T16:21:14.023Z","","-3 packet | Manual OUT entry recorded for J002","","","","","","","Palm Oil (পাম অয়েল) (Stock OUT (-))","""2026-08-22T13:49:26.963Z""","""public"".""stock_logs""","","","","","",""
"6a89a3103fb8c43ecce7c68a","log_1787145171361_of0h","2026-08-19T13:12:51.361Z","","-0.2 g | Manual OUT entry recorded for J027","","","","","","","Dry Chilli (Stock OUT (-))","""2026-08-22T13:49:26.963Z""","""public"".""stock_logs""","","","","","",""
"6a89a3103fb8c43ecce7c68b","log_1787145587830_1e4s","2026-08-19T13:19:47.830Z","","-2 kg | Manual OUT entry recorded for J075","","","","","","","Potato (আলু) (Stock OUT (-))","""2026-08-22T13:49:26.963Z""","""public"".""stock_logs""","","","","","",""
"6a89a3103fb8c43ecce7c68c","log_1787146030038_4evx","2026-08-19T13:27:10.038Z","","+4 kg | Manual IN entry recorded for J077","","","","","","","Ginger (আদা) (Stock IN (+))","""2026-08-22T13:49:26.963Z""","""public"".""stock_logs""","","","","","",""
"6a89a3103fb8c43ecce7c68d","log_1787146543117_am4h","2026-08-19T13:35:43.117Z","","+2 g | Manual IN entry recorded for J029","","","","","","","Sugar (Stock IN (+))","""2026-08-22T13:49:26.963Z""","""public"".""stock_logs""","","","","","",""
"6a89a3103fb8c43ecce7c68e","log_1787238837250_g7xu","2026-08-20T15:13:57.250Z","","-1 packet | Manual OUT entry recorded for J001","","","","","","","Rice (রাইস) (Stock OUT (-))","""2026-08-22T13:49:26.963Z""","""public"".""stock_logs""","","","","","",""
"6a89a3103fb8c43ecce7c68f","log_1787241641931_62t3","2026-08-20T16:00:41.931Z","","-1 packet | Manual OUT entry recorded for J054","","","","","","","Milk (দুধ) (Stock OUT (-))","""2026-08-22T13:49:26.963Z""","""public"".""stock_logs""","","","","","",""
"6a89a3103fb8c43ecce7c690","log_1787242083199_xgxr","2026-08-20T16:08:03.199Z","","-1 packet | Manual OUT entry recorded for J109","","","","","","","Raita Pouch (Stock OUT (-))","""2026-08-22T13:49:26.963Z""","""public"".""stock_logs""","","","","","",""
"6a89a3103fb8c43ecce7c691","log_1787246578287_effj","2026-08-20T17:22:58.287Z","","-0.4 kg | Manual OUT entry recorded for J080","","","","","","","Carrot (Stock OUT (-))","""2026-08-22T13:49:26.963Z""","""public"".""stock_logs""","","","","","",""
"6a89a3103fb8c43ecce7c692","log_1787329093965_opc2","2026-08-21T16:18:13.965Z","","-2497.8 g | Workflow Adjustment","","","","","","","Kabuli Chana (Stock OUT (-))","""2026-08-22T13:49:26.963Z""","""public"".""stock_logs""","","","","","",""
"6a89a3103fb8c43ecce7c693","log_1787330054975_4cdl","2026-08-21T16:34:14.975Z","","+1 box | Workflow Adjustment","","","","","","","Yellow Food Color (Stock IN (+))","""2026-08-22T13:49:26.963Z""","""public"".""stock_logs""","","","","","",""
"6a89a3103fb8c43ecce7c694","log_1787330787847_btdo","2026-08-21T16:46:27.847Z","","-22 pcs | Workflow Adjustment","","","","","","","CAMPA JEERA (Stock OUT (-))","""2026-08-22T13:49:26.963Z""","""public"".""stock_logs""","","","","","",""
"6a89a3103fb8c43ecce7c695","log_1787331085834_zb6c","2026-08-21T16:51:25.834Z","","-50 g | Manual OUT entry recorded for J039","","","","","","","Rose Petals (Stock OUT (-))","""2026-08-22T13:49:26.963Z""","""public"".""stock_logs""","","","","","",""
"6a89a3103fb8c43ecce7c696","log_1787331418366_4vqx","2026-08-21T16:56:58.366Z","","-0.8 kg | Manual OUT entry recorded for J083","","","","","","","Tomato (টমেটো) (Stock OUT (-))","""2026-08-22T13:49:26.963Z""","""public"".""stock_logs""","","","","","",""
"6a89a3103fb8c43ecce7c697","log_1787374985883_dkx7","2026-08-22T05:03:05.883Z","","-6 kg | Workflow Adjustment","","","","","","","Capsicum (Stock OUT (-))","""2026-08-22T13:49:26.963Z""","""public"".""stock_logs""","","","","","",""
"6a89a3103fb8c43ecce7c698","log_1786894726395_7rnl","2026-08-16T15:38:46.395Z","","-1 pcs | Manual OUT entry recorded for J010","","","","","","","Soy Sauce (Stock OUT (-))","""2026-08-22T13:49:26.963Z""","""public"".""stock_logs""","","","","","",""
"6a89a3103fb8c43ecce7c699","log_1786894997014_mjbf","2026-08-16T15:43:17.014Z","","-1 box | Manual OUT entry recorded for J044","","","","","","","Mushroom (Stock OUT (-))","""2026-08-22T13:49:26.963Z""","""public"".""stock_logs""","","","","","",""
"6a89a3103fb8c43ecce7c69a","log_1786895335391_1aj9","2026-08-16T15:48:55.391Z","","+5 packet | Manual IN entry recorded for J055","","","","","","","Dahi (দই / Curd) (Stock IN (+))","""2026-08-22T13:49:26.963Z""","""public"".""stock_logs""","","","","","",""
"6a89a3103fb8c43ecce7c69b","log_1787068676311_yuyn","2026-08-18T15:57:56.311Z","","-0.6 kg | Manual OUT entry recorded for J088","","","","","","","Cucumber (শসা) (Stock OUT (-))","""2026-08-22T13:49:26.963Z""","""public"".""stock_logs""","","","","","",""
"6a89a3103fb8c43ecce7c69c","log_1787073819796_x8rj","2026-08-18T17:23:39.796Z","","-0.5 kg | Manual OUT entry recorded for J077","","","","","","","Ginger (আদা) (Stock OUT (-))","""2026-08-22T13:49:26.963Z""","""public"".""stock_logs""","","","","","",""
"6a89a3103fb8c43ecce7c69d","log_1787145246898_u8uu","2026-08-19T13:14:06.898Z","","-0.1 g | Manual OUT entry recorded for J033","","","","","","","Mogoz (Melon Seeds) (Stock OUT (-))","""2026-08-22T13:49:26.963Z""","""public"".""stock_logs""","","","","","",""
"6a89a3103fb8c43ecce7c69e","log_1787145608936_l3k3","2026-08-19T13:20:08.936Z","","-3 kg | Manual OUT entry recorded for J077","","","","","","","Ginger (আদা) (Stock OUT (-))","""2026-08-22T13:49:26.963Z""","""public"".""stock_logs""","","","","","",""
"6a89a3103fb8c43ecce7c69f","log_1787146045540_rybn","2026-08-19T13:27:25.540Z","","+4 kg | Manual IN entry recorded for J078","","","","","","","Garlic (রসুন) (Stock IN (+))","""2026-08-22T13:49:26.963Z""","""public"".""stock_logs""","","","","","",""
"6a89a3103fb8c43ecce7c6a0","log_1787146664503_dcff","2026-08-19T13:37:44.503Z","","+2 g | Manual IN entry recorded for J029","","","","","","","Sugar (Stock IN (+))","""2026-08-22T13:49:26.963Z""","""public"".""stock_logs""","","","","","",""
"6a89a3103fb8c43ecce7c6a1","log_1787238851295_mcql","2026-08-20T15:14:11.295Z","","-5 packet | Manual OUT entry recorded for J002","","","","","","","Palm Oil (পাম অয়েল) (Stock OUT (-))","""2026-08-22T13:49:26.963Z""","""public"".""stock_logs""","","","","","",""
"6a89a3103fb8c43ecce7c6a2","log_1787241657957_ddlr","2026-08-20T16:00:57.957Z","","-8 packet | Manual OUT entry recorded for J055","","","","","","","Dahi (দই / Curd) (Stock OUT (-))","""2026-08-22T13:49:26.963Z""","""public"".""stock_logs""","","","","","",""
"6a89a3103fb8c43ecce7c6a3","log_1787242101234_ozrc","2026-08-20T16:08:21.234Z","","-1 packet | Manual OUT entry recorded for J110","","","","","","","Chatni Box (Stock OUT (-))","""2026-08-22T13:49:26.963Z""","""public"".""stock_logs""","","","","","",""
"6a89a3103fb8c43ecce7c6a4","log_1787246596024_1cic","2026-08-20T17:23:16.024Z","","-0.2 kg | Manual OUT entry recorded for J088","","","","","","","Cucumber (শসা) (Stock OUT (-))","""2026-08-22T13:49:26.963Z""","""public"".""stock_logs""","","","","","",""
"6a89a3103fb8c43ecce7c6a5","log_1787329128703_8mzq","2026-08-21T16:18:48.703Z","","-2 packet | Workflow Adjustment","","","","","","","Dalda / Vanaspati (Stock OUT (-))","""2026-08-22T13:49:26.963Z""","""public"".""stock_logs""","","","","","",""
"6a89a3103fb8c43ecce7c6a6","log_1787330072206_cmo5","2026-08-21T16:34:32.206Z","","-1 box | Workflow Adjustment","","","","","","","Green Food Color (Stock OUT (-))","""2026-08-22T13:49:26.963Z""","""public"".""stock_logs""","","","","","",""
"6a89a3103fb8c43ecce7c6a7","log_1787330833611_7ueq","2026-08-21T16:47:13.611Z","","-7 packet | Manual OUT entry recorded for J002","","","","","","","Palm Oil (পাম অয়েল) (Stock OUT (-))","""2026-08-22T13:49:26.963Z""","""public"".""stock_logs""","","","","","",""
"6a89a3103fb8c43ecce7c6a8","log_1787331120283_bnpt","2026-08-21T16:52:00.283Z","","-1 pcs | Manual OUT entry recorded for J047","","","","","","","Kissan Tomato Sauce Pouch (Stock OUT (-))","""2026-08-22T13:49:26.963Z""","""public"".""stock_logs""","","","","","",""
"6a89a3103fb8c43ecce7c6a9","log_1787331451205_1fcm","2026-08-21T16:57:31.205Z","","-0.8 kg | Manual OUT entry recorded for J084","","","","","","","Cabbage (বাঁধাকপি) (Stock OUT (-))","""2026-08-22T13:49:26.963Z""","""public"".""stock_logs""","","","","","",""
"6a89a3103fb8c43ecce7c6aa","log_1787375006495_0ubk","2026-08-22T05:03:26.495Z","","+5 kg | Workflow Adjustment","","","","","","","Cucumber (শসা) (Stock IN (+))","""2026-08-22T13:49:26.963Z""","""public"".""stock_logs""","","","","","",""
"6a89a3103fb8c43ecce7c6ab","log_1786894735172_ylkm","2026-08-16T15:38:55.172Z","","-1 pcs | Manual OUT entry recorded for J010","","","","","","","Soy Sauce (Stock OUT (-))","""2026-08-22T13:49:26.963Z""","""public"".""stock_logs""","","","","","",""
"6a89a3103fb8c43ecce7c6ac","log_1786895019851_lze2","2026-08-16T15:43:39.851Z","","-0.2 g | Manual OUT entry recorded for J051","","","","","","","Dhania (Coriander Seeds) (Stock OUT (-))","""2026-08-22T13:49:26.963Z""","""public"".""stock_logs""","","","","","",""
"6a89a3103fb8c43ecce7c6ad","log_1786895355130_kkl2","2026-08-16T15:49:15.130Z","","+4 packet | Manual IN entry recorded for J052","","","","","","","Egg (ডিম) (Stock IN (+))","""2026-08-22T13:49:26.963Z""","""public"".""stock_logs""","","","","","",""
"6a89a3103fb8c43ecce7c6ae","log_1787068694380_4lpi","2026-08-18T15:58:14.380Z","","-0.6 kg | Manual OUT entry recorded for J079","","","","","","","Capsicum (Stock OUT (-))","""2026-08-22T13:49:26.963Z""","""public"".""stock_logs""","","","","","",""
"6a89a3103fb8c43ecce7c6af","log_1787073834347_gikg","2026-08-18T17:23:54.347Z","","+0.5 kg | Manual IN entry recorded for J077","","","","","","","Ginger (আদা) (Stock IN (+))","""2026-08-22T13:49:26.963Z""","""public"".""stock_logs""","","","","","",""
"6a89a3103fb8c43ecce7c6b0","log_1787145281689_gtgq","2026-08-19T13:14:41.689Z","","-0.12 g | Manual OUT entry recorded for J037","","","","","","","Dalchini (Cinnamon) (Stock OUT (-))","""2026-08-22T13:49:26.963Z""","""public"".""stock_logs""","","","","","",""
"6a89a3103fb8c43ecce7c6b1","log_1787145624414_e2wv","2026-08-19T13:20:24.414Z","","-3 kg | Manual OUT entry recorded for J078","","","","","","","Garlic (রসুন) (Stock OUT (-))","""2026-08-22T13:49:26.963Z""","""public"".""stock_logs""","","","","","",""
"6a89a3103fb8c43ecce7c6b2","log_1787146182502_mxwq","2026-08-19T13:29:42.502Z","","+5 kg | Manual IN entry recorded for J079","","","","","","","Capsicum (Stock IN (+))","""2026-08-22T13:49:26.963Z""","""public"".""stock_logs""","","","","","",""
"6a89a3103fb8c43ecce7c6b3","log_1787146670025_mand","2026-08-19T13:37:50.025Z","","-2 g | Removed Stock IN entry for SKU J029","","","","","","","Sugar (Delete Stock IN)","""2026-08-22T13:49:26.963Z""","""public"".""stock_logs""","","","","","",""
"6a89a3103fb8c43ecce7c6b4","log_1787238863622_5uwl","2026-08-20T15:14:23.622Z","","-1 L | Manual OUT entry recorded for J004","","","","","","","Mustard Oil (মাস্টার অয়েল) (Stock OUT (-))","""2026-08-22T13:49:26.963Z""","""public"".""stock_logs""","","","","","",""
"6a89a3103fb8c43ecce7c6b5","log_1787241676837_itfo","2026-08-20T16:01:16.837Z","","-1 packet | Manual OUT entry recorded for J057","","","","","","","Butter (Stock OUT (-))","""2026-08-22T13:49:26.963Z""","""public"".""stock_logs""","","","","","",""
"6a89a3103fb8c43ecce7c6b6","log_1787242300641_ntuo","2026-08-20T16:11:40.641Z","","-1 pcs | Manual OUT entry recorded for J106","","","","","","","750ml Container (Stock OUT (-))","""2026-08-22T13:49:26.963Z""","""public"".""stock_logs""","","","","","",""
"6a89a3103fb8c43ecce7c6b7","log_1787327269156_vqkf","2026-08-21T15:47:49.156Z","","-1 packet | Workflow Adjustment","","","","","","","Tomato Sauce (টমেটো sos) (Stock OUT (-))","""2026-08-22T13:49:26.963Z""","""public"".""stock_logs""","","","","","",""
"6a89a3103fb8c43ecce7c6b8","log_1787329150891_k9dd","2026-08-21T16:19:10.891Z","","+1000 g | Workflow Adjustment","","","","","","","Mix Dal (Stock IN (+))","""2026-08-22T13:49:26.963Z""","""public"".""stock_logs""","","","","","",""
"6a89a3103fb8c43ecce7c6b9","log_1787330112964_2zw0","2026-08-21T16:35:12.964Z","","-899.45 g | Workflow Adjustment","","","","","","","Black Pepper (Gol Morich) (Stock OUT (-))","""2026-08-22T13:49:26.963Z""","""public"".""stock_logs""","","","","","",""
"6a89a3103fb8c43ecce7c6ba","log_1787330852761_ttii","2026-08-21T16:47:32.761Z","","-3 kg | Manual OUT entry recorded for J005","","","","","","","Maida (মাইদা) (Stock OUT (-))","""2026-08-22T13:49:26.963Z""","""public"".""stock_logs""","","","","","",""
"6a89a3103fb8c43ecce7c6bb","log_1787331141698_62u2","2026-08-21T16:52:21.698Z","","-200 g | Manual OUT entry recorded for J019","","","","","","","Jeera (Cumin Seeds) (Stock OUT (-))","""2026-08-22T13:49:26.963Z""","""public"".""stock_logs""","","","","","",""
"6a89a3103fb8c43ecce7c6bc","log_1787331519293_qvza","2026-08-21T16:58:39.293Z","","-0.4 kg | Manual OUT entry recorded for J086","","","","","","","Dhania Pata (Coriander) (Stock OUT (-))","""2026-08-22T13:49:26.963Z""","""public"".""stock_logs""","","","","","",""
"6a89a3103fb8c43ecce7c6bd","log_1786894747128_j5bp","2026-08-16T15:39:07.128Z","","-1 pcs | Manual OUT entry recorded for J011","","","","","","","Vinegar (Stock OUT (-))","""2026-08-22T13:49:26.963Z""","""public"".""stock_logs""","","","","","",""
"6a89a3103fb8c43ecce7c6be","log_1786895044632_aubf","2026-08-16T15:44:04.632Z","","-1 packet | Manual OUT entry recorded for J054","","","","","","","Milk (দুধ) (Stock OUT (-))","""2026-08-22T13:49:26.963Z""","""public"".""stock_logs""","","","","","",""
"6a89a3103fb8c43ecce7c6bf","log_1787068182077_t007","2026-08-18T15:49:42.078Z","","-1.2 kg | Manual OUT entry recorded for J084","","","","","","","Cabbage (বাঁধাকপি) (Stock OUT (-))","""2026-08-22T13:49:26.963Z""","""public"".""stock_logs""","","","","","",""
"6a89a3103fb8c43ecce7c6c0","log_1787068711040_yyyu","2026-08-18T15:58:31.040Z","","-0.6 kg | Manual OUT entry recorded for J080","","","","","","","Carrot (Stock OUT (-))","""2026-08-22T13:49:26.963Z""","""public"".""stock_logs""","","","","","",""
"6a89a3103fb8c43ecce7c6c1","log_1787144530620_fwev","2026-08-19T13:02:10.620Z","","-6 packet | Manual OUT entry recorded for J002","","","","","","","Palm Oil (পাম অয়েল) (Stock OUT (-))","""2026-08-22T13:49:26.963Z""","""public"".""stock_logs""","","","","","",""
"6a89a3103fb8c43ecce7c6c2","log_1787145306319_s7b4","2026-08-19T13:15:06.319Z","","-0.15 g | Manual OUT entry recorded for J038","","","","","","","Starful (Star Anise) (Stock OUT (-))","""2026-08-22T13:49:26.963Z""","""public"".""stock_logs""","","","","","",""
"6a89a3103fb8c43ecce7c6c3","log_1787145645034_bpaz","2026-08-19T13:20:45.034Z","","-0.6 kg | Manual OUT entry recorded for J079","","","","","","","Capsicum (Stock OUT (-))","""2026-08-22T13:49:26.963Z""","""public"".""stock_logs""","","","","","",""
"6a89a3103fb8c43ecce7c6c4","log_1787146217757_proz","2026-08-19T13:30:17.757Z","","+0.5 kg | Manual IN entry recorded for J081","","","","","","","Beans (Stock IN (+))","""2026-08-22T13:49:26.963Z""","""public"".""stock_logs""","","","","","",""
"6a89a3103fb8c43ecce7c6c5","log_1787146703671_0nsy","2026-08-19T13:38:23.671Z","","+0.5 g | Manual IN entry recorded for J020","","","","","","","Dal (Pulses) (Stock IN (+))","""2026-08-22T13:49:26.963Z""","""public"".""stock_logs""","","","","","",""
"6a89a3103fb8c43ecce7c6c6","log_1787238887673_25vl","2026-08-20T15:14:47.673Z","","-4 packet | Manual OUT entry recorded for J007","","","","","","","Chowmein Noodle (চাউমিন) (Stock OUT (-))","""2026-08-22T13:49:26.963Z""","""public"".""stock_logs""","","","","","",""
"6a89a3103fb8c43ecce7c6c7","log_1787241696290_gcbf","2026-08-20T16:01:36.290Z","","-1 packet | Manual OUT entry recorded for J058","","","","","","","Amul Fresh Cream (Stock OUT (-))","""2026-08-22T13:49:26.963Z""","""public"".""stock_logs""","","","","","",""
"6a89a3103fb8c43ecce7c6c8","log_1787242391513_xkgd","2026-08-20T16:13:11.513Z","","-24 pcs | Manual OUT entry recorded for J067","","","","","","","Bisleri Water 500ml (Stock OUT (-))","""2026-08-22T13:49:26.963Z""","""public"".""stock_logs""","","","","","",""
"6a89a3103fb8c43ecce7c6c9","log_1787327316888_dhfj","2026-08-21T15:48:36.888Z","","+10 pcs | Workflow Adjustment","","","","","","","Chili Sauce (Stock IN (+))","""2026-08-22T13:49:26.963Z""","""public"".""stock_logs""","","","","","",""
"6a89a3103fb8c43ecce7c6ca","log_1787329260890_9dfd","2026-08-21T16:21:00.890Z","","-449.7 g | Workflow Adjustment","","","","","","","Elachi (Cardamom) (Stock OUT (-))","""2026-08-22T13:49:26.963Z""","""public"".""stock_logs""","","","","","",""
"6a89a3103fb8c43ecce7c6cb","log_1787330363113_gyns","2026-08-21T16:39:23.113Z","","-14 pcs | Workflow Adjustment","","","","","","","Campa White 100ml (Stock OUT (-))","""2026-08-22T13:49:26.963Z""","""public"".""stock_logs""","","","","","",""
"6a89a3103fb8c43ecce7c6cc","log_1787330872072_q0nl","2026-08-21T16:47:52.072Z","","-1 packet | Manual OUT entry recorded for J008","","","","","","","Tomato Sauce (টমেটো sos) (Stock OUT (-))","""2026-08-22T13:49:26.963Z""","""public"".""stock_logs""","","","","","",""
"6a89a3103fb8c43ecce7c6cd","log_1787331168063_6ifv","2026-08-21T16:52:48.063Z","","-3 packet | Manual OUT entry recorded for J052","","","","","","","Egg (ডিম) (Stock OUT (-))","""2026-08-22T13:49:26.963Z""","""public"".""stock_logs""","","","","","",""
"6a89a3103fb8c43ecce7c6ce","log_1787331543090_q4ai","2026-08-21T16:59:03.090Z","","-0.8 kg | Manual OUT entry recorded for J088","","","","","","","Cucumber (শসা) (Stock OUT (-))","""2026-08-22T13:49:26.963Z""","""public"".""stock_logs""","","","","","",""
"6a89a3103fb8c43ecce7c6cf","log_1786894769537_ycg3","2026-08-16T15:39:29.537Z","","-1 kg | Manual OUT entry recorded for J012","","","","","","","Corn Flour (Stock OUT (-))","""2026-08-22T13:49:26.963Z""","""public"".""stock_logs""","","","","","",""
"6a89a3103fb8c43ecce7c6d0","log_1786895064879_snh7","2026-08-16T15:44:24.879Z","","-3 packet | Manual OUT entry recorded for J055","","","","","","","Dahi (দই / Curd) (Stock OUT (-))","""2026-08-22T13:49:26.963Z""","""public"".""stock_logs""","","","","","",""
"6a89a3103fb8c43ecce7c6d1","log_1787068303883_6gh9","2026-08-18T15:51:43.883Z","","-3 packet | Manual OUT entry recorded for J002","","","","","","","Palm Oil (পাম অয়েল) (Stock OUT (-))","""2026-08-22T13:49:26.963Z""","""public"".""stock_logs""","","","","","",""
"6a89a3103fb8c43ecce7c6d2","log_1787068729983_841j","2026-08-18T15:58:49.983Z","","-0.3 kg | Manual OUT entry recorded for J081","","","","","","","Beans (Stock OUT (-))","""2026-08-22T13:49:26.963Z""","""public"".""stock_logs""","","","","","",""
"6a89a3103fb8c43ecce7c6d3","log_1787144542725_svw0","2026-08-19T13:02:22.725Z","","-5 kg | Manual OUT entry recorded for J006","","","","","","","Atta (আটা) (Stock OUT (-))","""2026-08-22T13:49:26.963Z""","""public"".""stock_logs""","","","","","",""
"6a89a3103fb8c43ecce7c6d4","log_1787145331999_vxei","2026-08-19T13:15:31.999Z","","-1 packet | Manual OUT entry recorded for J040","","","","","","","Shahi Jeera (Stock OUT (-))","""2026-08-22T13:49:26.963Z""","""public"".""stock_logs""","","","","","",""
"6a89a3103fb8c43ecce7c6d5","log_1787145660782_e42b","2026-08-19T13:21:00.782Z","","-0.5 kg | Manual OUT entry recorded for J080","","","","","","","Carrot (Stock OUT (-))","""2026-08-22T13:49:26.963Z""","""public"".""stock_logs""","","","","","",""
"6a89a3103fb8c43ecce7c6d6","log_1787146239055_08hn","2026-08-19T13:30:39.055Z","","+5 kg | Manual IN entry recorded for J083","","","","","","","Tomato (টমেটো) (Stock IN (+))","""2026-08-22T13:49:26.963Z""","""public"".""stock_logs""","","","","","",""
"6a89a3103fb8c43ecce7c6d7","log_1787154260820_alcp","2026-08-19T15:44:20.820Z","","+20 pcs | Manual IN entry recorded for J085","","","","","","","Lemon (লেবু) (Stock IN (+))","""2026-08-22T13:49:26.963Z""","""public"".""stock_logs""","","","","","",""
"6a89a3103fb8c43ecce7c6d8","log_1787238900548_4nw0","2026-08-20T15:15:00.548Z","","-1 packet | Manual OUT entry recorded for J008","","","","","","","Tomato Sauce (টমেটো sos) (Stock OUT (-))","""2026-08-22T13:49:26.963Z""","""public"".""stock_logs""","","","","","",""
"6a89a3103fb8c43ecce7c6d9","log_1787241815977_bskl","2026-08-20T16:03:35.977Z","","-0.8 kg | Manual OUT entry recorded for J079","","","","","","","Capsicum (Stock OUT (-))","""2026-08-22T13:49:26.963Z""","""public"".""stock_logs""","","","","","",""
"6a89a3103fb8c43ecce7c6da","log_1787242408862_ma13","2026-08-20T16:13:28.862Z","","-36 pcs | Manual OUT entry recorded for J064","","","","","","","Bisleri Water 1L (Stock OUT (-))","""2026-08-22T13:49:26.963Z""","""public"".""stock_logs""","","","","","",""
"6a89a3103fb8c43ecce7c6db","log_1787327374442_z2mb","2026-08-21T15:49:34.442Z","","+4 pcs | Workflow Adjustment","","","","","","","Soy Sauce (Stock IN (+))","""2026-08-22T13:49:26.963Z""","""public"".""stock_logs""","","","","","",""
"6a89a3103fb8c43ecce7c6dc","log_1787329329894_f4qh","2026-08-21T16:22:09.894Z","","-319.67 g | Workflow Adjustment","","","","","","","Starful (Star Anise) (Stock OUT (-))","""2026-08-22T13:49:26.963Z""","""public"".""stock_logs""","","","","","",""
"6a89a3103fb8c43ecce7c6dd","log_1787330407658_t3u5","2026-08-21T16:40:07.658Z","","+5 pcs | Workflow Adjustment","","","","","","","Campa Black 500ml (Stock IN (+))","""2026-08-22T13:49:26.963Z""","""public"".""stock_logs""","","","","","",""
"6a89a3103fb8c43ecce7c6de","log_1787330889466_z393","2026-08-21T16:48:09.467Z","","-1 pcs | Manual OUT entry recorded for J013","","","","","","","Kasuri Methi (Stock OUT (-))","""2026-08-22T13:49:26.963Z""","""public"".""stock_logs""","","","","","",""
"6a89a3103fb8c43ecce7c6df","log_1787331206529_7x1v","2026-08-21T16:53:26.529Z","","-5 packet | Manual OUT entry recorded for J052","","","","","","","Egg (ডিম) (Stock OUT (-))","""2026-08-22T13:49:26.963Z""","""public"".""stock_logs""","","","","","",""
"6a89a3103fb8c43ecce7c6e0","log_1787331731791_ic7h","2026-08-21T17:02:11.791Z","","-4702.8 g | Workflow Adjustment","","","","","","","Sugar (Stock OUT (-))","""2026-08-22T13:49:26.963Z""","""public"".""stock_logs""","","","","","",""
"6a89a3103fb8c43ecce7c6e1","log_1786894779412_lwqy","2026-08-16T15:39:39.412Z","","-1 pcs | Manual OUT entry recorded for J013","","","","","","","Kasuri Methi (Stock OUT (-))","""2026-08-22T13:49:26.963Z""","""public"".""stock_logs""","","","","","",""
"6a89a3103fb8c43ecce7c6e2","log_1786895092654_0z06","2026-08-16T15:44:52.654Z","","-23 kg | Manual OUT entry recorded for J076","","","","","","","Onion (পেঁয়াজ) (Stock OUT (-))","""2026-08-22T13:49:26.963Z""","""public"".""stock_logs""","","","","","",""
"6a89a3103fb8c43ecce7c6e3","log_1787068317456_w2a6","2026-08-18T15:51:57.456Z","","-4 kg | Manual OUT entry recorded for J005","","","","","","","Maida (মাইদা) (Stock OUT (-))","""2026-08-22T13:49:26.963Z""","""public"".""stock_logs""","","","","","",""
"6a89a3103fb8c43ecce7c6e4","log_1787068817145_j0ab","2026-08-18T16:00:17.145Z","","-0.25 kg | Manual OUT entry recorded for J082","","","","","","","Green Chilli (কাঁচা লঙ্কা) (Stock OUT (-))","""2026-08-22T13:49:26.963Z""","""public"".""stock_logs""","","","","","",""
"6a89a3103fb8c43ecce7c6e5","log_1787144564769_q03x","2026-08-19T13:02:44.769Z","","-4 kg | Manual OUT entry recorded for J005","","","","","","","Maida (মাইদা) (Stock OUT (-))","""2026-08-22T13:49:26.963Z""","""public"".""stock_logs""","","","","","",""
"6a89a3103fb8c43ecce7c6e6","log_1787145352828_6wiz","2026-08-19T13:15:52.828Z","","-2 packet | Manual OUT entry recorded for J031","","","","","","","Dalda / Vanaspati (Stock OUT (-))","""2026-08-22T13:49:26.963Z""","""public"".""stock_logs""","","","","","",""
"6a89a3103fb8c43ecce7c6e7","log_1787145680632_sn4c","2026-08-19T13:21:20.632Z","","-0.3 kg | Manual OUT entry recorded for J081","","","","","","","Beans (Stock OUT (-))","""2026-08-22T13:49:26.963Z""","""public"".""stock_logs""","","","","","",""
"6a89a3103fb8c43ecce7c6e8","log_1787146263068_1ssl","2026-08-19T13:31:03.068Z","","+6 kg | Manual IN entry recorded for J084","","","","","","","Cabbage (বাঁধাকপি) (Stock IN (+))","""2026-08-22T13:49:26.963Z""","""public"".""stock_logs""","","","","","",""
"6a89a3103fb8c43ecce7c6e9","log_1787155051631_dxwm","2026-08-19T15:57:31.631Z","","+5 packet | Workflow Adjustment","","","","","","","plastic FOLK (Stock IN (+))","""2026-08-22T13:49:26.963Z""","""public"".""stock_logs""","","","","","",""
"6a89a3113fb8c43ecce7c6ea","log_1787238922624_1k3e","2026-08-20T15:15:22.624Z","","-1 pcs | Manual OUT entry recorded for J011","","","","","","","Vinegar (Stock OUT (-))","""2026-08-22T13:49:26.963Z""","""public"".""stock_logs""","","","","","",""
"6a89a3113fb8c43ecce7c6eb","log_1787241834584_cfk1","2026-08-20T16:03:54.584Z","","-0.6 kg | Manual OUT entry recorded for J080","","","","","","","Carrot (Stock OUT (-))","""2026-08-22T13:49:26.963Z""","""public"".""stock_logs""","","","","","",""
"6a89a3113fb8c43ecce7c6ec","log_1787242431062_bfli","2026-08-20T16:13:51.062Z","","+3 packet | Manual IN entry recorded for J054","","","","","","","Milk (দুধ) (Stock IN (+))","""2026-08-22T13:49:26.963Z""","""public"".""stock_logs""","","","","","",""
"6a89a3113fb8c43ecce7c6ed","log_1787327535211_sj76","2026-08-21T15:52:15.212Z","","-85 pcs | Workflow Adjustment","","","","","","","Kasuri Methi (Stock OUT (-))","""2026-08-22T13:49:26.963Z""","""public"".""stock_logs""","","","","","",""
"6a89a3113fb8c43ecce7c6ee","log_1787329494638_xkxy","2026-08-21T16:24:54.638Z","","-49.9 g | Workflow Adjustment","","","","","","","Rose Petals (Stock OUT (-))","""2026-08-22T13:49:26.963Z""","""public"".""stock_logs""","","","","","",""
"6a89a3113fb8c43ecce7c6ef","log_1787330525215_knmc","2026-08-21T16:42:05.215Z","","-47 pcs | Workflow Adjustment","","","","","","","Campa White 500ml (Stock OUT (-))","""2026-08-22T13:49:26.963Z""","""public"".""stock_logs""","","","","","",""
"6a89a3113fb8c43ecce7c6f0","log_1787330902435_4m98","2026-08-21T16:48:22.435Z","","-1 packet | Manual OUT entry recorded for J014","","","","","","","Chat Masala (Stock OUT (-))","""2026-08-22T13:49:26.963Z""","""public"".""stock_logs""","","","","","",""
"6a89a3113fb8c43ecce7c6f1","log_1787331226662_qda6","2026-08-21T16:53:46.662Z","","-2 packet | Manual OUT entry recorded for J054","","","","","","","Milk (দুধ) (Stock OUT (-))","""2026-08-22T13:49:26.963Z""","""public"".""stock_logs""","","","","","",""
"6a89a3113fb8c43ecce7c6f2","log_1787331898273_sr21","2026-08-21T17:04:58.273Z","","+1 pcs | Removed Stock OUT entry for SKU J047","","","","","","","Kissan Tomato Sauce Pouch (Delete Stock OUT)","""2026-08-22T13:49:26.963Z""","""public"".""stock_logs""","","","","","",""
"6a89a3113fb8c43ecce7c6f3","log_1786894801111_4c5n","2026-08-16T15:40:01.111Z","","-1 kg | Manual OUT entry recorded for J016","","","","","","","Ajinomoto (Ajina) (Stock OUT (-))","""2026-08-22T13:49:26.963Z""","""public"".""stock_logs""","","","","","",""
"6a89a3113fb8c43ecce7c6f4","log_1786895116516_yde7","2026-08-16T15:45:16.516Z","","-0.5 kg | Manual OUT entry recorded for J079","","","","","","","Capsicum (Stock OUT (-))","""2026-08-22T13:49:26.963Z""","""public"".""stock_logs""","","","","","",""
"6a89a3113fb8c43ecce7c6f5","log_1787068333515_019e","2026-08-18T15:52:13.515Z","","-2 packet | Manual OUT entry recorded for J007","","","","","","","Chowmein Noodle (চাউমিন) (Stock OUT (-))","""2026-08-22T13:49:26.963Z""","""public"".""stock_logs""","","","","","",""
"6a89a3113fb8c43ecce7c6f6","log_1787068834427_5gfs","2026-08-18T16:00:34.427Z","","-0.8 kg | Manual OUT entry recorded for J083","","","","","","","Tomato (টমেটো) (Stock OUT (-))","""2026-08-22T13:49:26.963Z""","""public"".""stock_logs""","","","","","",""
"6a89a3113fb8c43ecce7c6f7","log_1787144615926_ozx7","2026-08-19T13:03:35.926Z","","-5 packet | Manual OUT entry recorded for J007","","","","","","","Chowmein Noodle (চাউমিন) (Stock OUT (-))","""2026-08-22T13:49:26.963Z""","""public"".""stock_logs""","","","","","",""
"6a89a3113fb8c43ecce7c6f8","log_1787145377065_8d0z","2026-08-19T13:16:17.065Z","","-1 box | Manual OUT entry recorded for J045","","","","","","","Green Peas (Stock OUT (-))","""2026-08-22T13:49:26.963Z""","""public"".""stock_logs""","","","","","",""
"6a89a3113fb8c43ecce7c6f9","log_1787145698278_bpcu","2026-08-19T13:21:38.278Z","","-0.25 kg | Manual OUT entry recorded for J082","","","","","","","Green Chilli (কাঁচা লঙ্কা) (Stock OUT (-))","""2026-08-22T13:49:26.963Z""","""public"".""stock_logs""","","","","","",""
"6a89a3113fb8c43ecce7c6fa","log_1787146287316_cbzp","2026-08-19T13:31:27.316Z","","+1.7 kg | Manual IN entry recorded for J086","","","","","","","Dhania Pata (Coriander) (Stock IN (+))","""2026-08-22T13:49:26.963Z""","""public"".""stock_logs""","","","","","",""
"6a89a3113fb8c43ecce7c6fb","log_1787156133964_bgei","2026-08-19T16:15:33.964Z","","+2000 g | Workflow Adjustment","","","","","","","Dal (Pulses) (Stock IN (+))","""2026-08-22T13:49:26.963Z""","""public"".""stock_logs""","","","","","",""
"6a89a3113fb8c43ecce7c6fc","log_1787238940690_zytn","2026-08-20T15:15:40.690Z","","-1 kg | Manual OUT entry recorded for J012","","","","","","","Corn Flour (Stock OUT (-))","""2026-08-22T13:49:26.963Z""","""public"".""stock_logs""","","","","","",""
"6a89a3113fb8c43ecce7c6fd","log_1787241863540_tvhr","2026-08-20T16:04:23.540Z","","-1.5 kg | Manual OUT entry recorded for J084","","","","","","","Cabbage (বাঁধাকপি) (Stock OUT (-))","""2026-08-22T13:49:26.963Z""","""public"".""stock_logs""","","","","","",""
"6a89a3113fb8c43ecce7c6fe","log_1787242450864_091a","2026-08-20T16:14:10.864Z","","+8 packet | Manual IN entry recorded for J055","","","","","","","Dahi (দই / Curd) (Stock IN (+))","""2026-08-22T13:49:26.963Z""","""public"".""stock_logs""","","","","","",""
"6a89a3113fb8c43ecce7c6ff","log_1787327609464_6lim","2026-08-21T15:53:29.464Z","","+1 kg | Workflow Adjustment","","","","","","","Ajinomoto (Ajina) (Stock IN (+))","""2026-08-22T13:49:26.963Z""","""public"".""stock_logs""","","","","","",""
"6a89a3113fb8c43ecce7c700","log_1787329679587_n4j5","2026-08-21T16:27:59.587Z","","+1 packet | Workflow Adjustment","","","","","","","Papad (Stock IN (+))","""2026-08-22T13:49:26.963Z""","""public"".""stock_logs""","","","","","",""
"6a89a3113fb8c43ecce7c701","log_1787330639012_gd9j","2026-08-21T16:43:59.012Z","","+32 pcs | Workflow Adjustment","","","","","","","Kinley Soda (Stock IN (+))","""2026-08-22T13:49:26.963Z""","""public"".""stock_logs""","","","","","",""
"6a89a3113fb8c43ecce7c702","log_1787330929990_7p16","2026-08-21T16:48:49.990Z","","-5 packet | Manual OUT entry recorded for J017","","","","","","","Chilli Powder (Stock OUT (-))","""2026-08-22T13:49:26.963Z""","""public"".""stock_logs""","","","","","",""
"6a89a3113fb8c43ecce7c703","log_1787331246434_r1ip","2026-08-21T16:54:06.434Z","","-3 packet | Manual OUT entry recorded for J055","","","","","","","Dahi (দই / Curd) (Stock OUT (-))","""2026-08-22T13:49:26.963Z""","""public"".""stock_logs""","","","","","",""
"6a89a3113fb8c43ecce7c704","log_1787332002564_xx51","2026-08-21T17:06:42.565Z","","+179 pcs | Workflow Adjustment","","","","","","","Kissan Tomato Sauce Pouch (Stock IN (+))","""2026-08-22T13:49:26.963Z""","""public"".""stock_logs""","","","","","",""
"6a89a3113fb8c43ecce7c705","log_1786894824026_xozn","2026-08-16T15:40:24.026Z","","-2 packet | Manual OUT entry recorded for J014","","","","","","","Chat Masala (Stock OUT (-))","""2026-08-22T13:49:26.963Z""","""public"".""stock_logs""","","","","","",""
"6a89a3113fb8c43ecce7c706","log_1786895133772_bnjk","2026-08-16T15:45:33.772Z","","-0.6 kg | Manual OUT entry recorded for J080","","","","","","","Carrot (Stock OUT (-))","""2026-08-22T13:49:26.963Z""","""public"".""stock_logs""","","","","","",""
"6a89a3113fb8c43ecce7c707","log_1787068345550_08em","2026-08-18T15:52:25.550Z","","-1 packet | Manual OUT entry recorded for J008","","","","","","","Tomato Sauce (টমেটো sos) (Stock OUT (-))","""2026-08-22T13:49:26.963Z""","""public"".""stock_logs""","","","","","",""
"6a89a3113fb8c43ecce7c708","log_1787068854292_o7kc","2026-08-18T16:00:54.292Z","","-0.2 kg | Manual OUT entry recorded for J086","","","","","","","Dhania Pata (Coriander) (Stock OUT (-))","""2026-08-22T13:49:26.963Z""","""public"".""stock_logs""","","","","","",""
"6a89a3113fb8c43ecce7c709","log_1787144650933_ind7","2026-08-19T13:04:10.933Z","","-1 packet | Manual OUT entry recorded for J008","","","","","","","Tomato Sauce (টমেটো sos) (Stock OUT (-))","""2026-08-22T13:49:26.963Z""","""public"".""stock_logs""","","","","","",""
"6a89a3113fb8c43ecce7c70a","log_1787145395694_5735","2026-08-19T13:16:35.694Z","","-2 packet | Manual OUT entry recorded for J030","","","","","","","Posto (Poppy Seeds) (Stock OUT (-))","""2026-08-22T13:49:26.963Z""","""public"".""stock_logs""","","","","","",""
"6a89a3113fb8c43ecce7c70b","log_1787145732973_qrfp","2026-08-19T13:22:12.973Z","","-3.3 kg | Manual OUT entry recorded for J083","","","","","","","Tomato (টমেটো) (Stock OUT (-))","""2026-08-22T13:49:26.963Z""","""public"".""stock_logs""","","","","","",""
"6a89a3113fb8c43ecce7c70c","log_1787146317574_qu49","2026-08-19T13:31:57.574Z","","+2 packet | Manual IN entry recorded for J054","","","","","","","Milk (দুধ) (Stock IN (+))","""2026-08-22T13:49:26.963Z""","""public"".""stock_logs""","","","","","",""
"6a89a3113fb8c43ecce7c70d","log_1787156161804_u7ud","2026-08-19T16:16:01.804Z","","-4000 g | Workflow Adjustment","","","","","","","Dal (Pulses) (Stock OUT (-))","""2026-08-22T13:49:26.963Z""","""public"".""stock_logs""","","","","","",""
"6a89a3113fb8c43ecce7c70e","log_1787238983084_sltm","2026-08-20T15:16:23.084Z","","-1 pcs | Manual OUT entry recorded for J013","","","","","","","Kasuri Methi (Stock OUT (-))","""2026-08-22T13:49:26.963Z""","""public"".""stock_logs""","","","","","",""
"6a89a3113fb8c43ecce7c70f","log_1787241888174_kzvr","2026-08-20T16:04:48.174Z","","-0.3 kg | Manual OUT entry recorded for J086","","","","","","","Dhania Pata (Coriander) (Stock OUT (-))","""2026-08-22T13:49:26.963Z""","""public"".""stock_logs""","","","","","",""
"6a89a3113fb8c43ecce7c710","log_1787242525601_siwx","2026-08-20T16:15:25.601Z","","+5 kg | Manual IN entry recorded for J053","","","","","","","Staff Rice (Stock IN (+))","""2026-08-22T13:49:26.963Z""","""public"".""stock_logs""","","","","","",""
"6a89a3113fb8c43ecce7c711","log_1787327673655_iisw","2026-08-21T15:54:33.655Z","","-20 packet | Workflow Adjustment","","","","","","","Chilli Powder (Stock OUT (-))","""2026-08-22T13:49:26.963Z""","""public"".""stock_logs""","","","","","",""
"6a89a3113fb8c43ecce7c712","log_1787329724825_4xtl","2026-08-21T16:28:44.825Z","","-1 packet | Workflow Adjustment","","","","","","","Shahi Jeera (Stock OUT (-))","""2026-08-22T13:49:26.963Z""","""public"".""stock_logs""","","","","","",""
"6a89a3113fb8c43ecce7c713","log_1787330670747_h7i5","2026-08-21T16:44:30.747Z","","+1 pcs | Workflow Adjustment","","","","","","","THUMSUP 1L (Stock IN (+))","""2026-08-22T13:49:26.963Z""","""public"".""stock_logs""","","","","","",""
"6a89a3113fb8c43ecce7c714","log_1787330951166_oel8","2026-08-21T16:49:11.166Z","","-200 g | Manual OUT entry recorded for J019","","","","","","","Jeera (Cumin Seeds) (Stock OUT (-))","""2026-08-22T13:49:26.963Z""","""public"".""stock_logs""","","","","","",""
"6a89a3113fb8c43ecce7c715","log_1787331259775_p6l3","2026-08-21T16:54:19.775Z","","-1 packet | Manual OUT entry recorded for J057","","","","","","","Butter (Stock OUT (-))","""2026-08-22T13:49:26.963Z""","""public"".""stock_logs""","","","","","",""
"6a89a3113fb8c43ecce7c716","log_1787332022700_lh22","2026-08-21T17:07:02.700Z","","-358 pcs | Workflow Adjustment","","","","","","","Kissan Tomato Sauce Pouch (Stock OUT (-))","""2026-08-22T13:49:26.963Z""","""public"".""stock_logs""","","","","","",""
"6a89a3113fb8c43ecce7c717","log_1786894839044_l6hl","2026-08-16T15:40:39.044Z","","-2 pcs | Manual OUT entry recorded for J015","","","","","","","Kashmiri Chilli Powder (Stock OUT (-))","""2026-08-22T13:49:26.963Z""","""public"".""stock_logs""","","","","","",""
"6a89a3113fb8c43ecce7c718","log_1786895150627_edbj","2026-08-16T15:45:50.627Z","","-0.5 kg | Manual OUT entry recorded for J081","","","","","","","Beans (Stock OUT (-))","""2026-08-22T13:49:26.963Z""","""public"".""stock_logs""","","","","","",""
"6a89a3113fb8c43ecce7c719","log_1787068375770_ut8c","2026-08-18T15:52:55.770Z","","-3 packet | Manual OUT entry recorded for J017","","","","","","","Chilli Powder (Stock OUT (-))","""2026-08-22T13:49:26.963Z""","""public"".""stock_logs""","","","","","",""
"6a89a3113fb8c43ecce7c71a","log_1787068894747_isyl","2026-08-18T16:01:34.747Z","","+5 kg | Manual IN entry recorded for J076","","","","","","","Onion (পেঁয়াজ) (Stock IN (+))","""2026-08-22T13:49:26.963Z""","""public"".""stock_logs""","","","","","",""
"6a89a3113fb8c43ecce7c71b","log_1787144764236_n2y3","2026-08-19T13:06:04.236Z","","-2 pcs | Manual OUT entry recorded for J013","","","","","","","Kasuri Methi (Stock OUT (-))","""2026-08-22T13:49:26.963Z""","""public"".""stock_logs""","","","","","",""
"6a89a3113fb8c43ecce7c71c","log_1787145420254_50yv","2026-08-19T13:17:00.254Z","","-2 pcs | Manual OUT entry recorded for J124","","","","","","","Vim Soap / Bar (Bhim Srap) (Stock OUT (-))","""2026-08-22T13:49:26.963Z""","""public"".""stock_logs""","","","","","",""
"6a89a3113fb8c43ecce7c71d","log_1787145759223_dxsi","2026-08-19T13:22:39.223Z","","-1.4 kg | Manual OUT entry recorded for J084","","","","","","","Cabbage (বাঁধাকপি) (Stock OUT (-))","""2026-08-22T13:49:26.963Z""","""public"".""stock_logs""","","","","","",""
"6a89a3113fb8c43ecce7c71e","log_1787146339933_x0zw","2026-08-19T13:32:19.933Z","","+4 packet | Manual IN entry recorded for J055","","","","","","","Dahi (দই / Curd) (Stock IN (+))","""2026-08-22T13:49:26.963Z""","""public"".""stock_logs""","","","","","",""
"6a89a3113fb8c43ecce7c71f","log_1787157681190_64dg","2026-08-19T16:41:21.190Z","","+500 g | Workflow Adjustment","","","","","","","Paneer (পনির) (Stock IN (+))","""2026-08-22T13:49:26.963Z""","""public"".""stock_logs""","","","","","",""
"6a89a3113fb8c43ecce7c720","log_1787238999271_3rhc","2026-08-20T15:16:39.271Z","","-1 packet | Manual OUT entry recorded for J014","","","","","","","Chat Masala (Stock OUT (-))","""2026-08-22T13:49:26.963Z""","""public"".""stock_logs""","","","","","",""
"6a89a3113fb8c43ecce7c721","log_1787241912301_8you","2026-08-20T16:05:12.301Z","","-0.8 kg | Manual OUT entry recorded for J088","","","","","","","Cucumber (শসা) (Stock OUT (-))","""2026-08-22T13:49:26.963Z""","""public"".""stock_logs""","","","","","",""
"6a89a3113fb8c43ecce7c722","log_1787242916058_r4jr","2026-08-20T16:21:56.058Z","","+10 pcs | Manual IN entry recorded for J124","","","","","","","Vim Soap / Bar (Bhim Srap) (Stock IN (+))","""2026-08-22T13:49:26.963Z""","""public"".""stock_logs""","","","","","",""
"6a89a3113fb8c43ecce7c723","log_1787327705367_bfti","2026-08-21T15:55:05.367Z","","-3 packet | Workflow Adjustment","","","","","","","Haldi (Turmeric Powder) (Stock OUT (-))","""2026-08-22T13:49:26.963Z""","""public"".""stock_logs""","","","","","",""
"6a89a3113fb8c43ecce7c724","log_1787329772885_lycm","2026-08-21T16:29:32.885Z","","-39.9 g | Workflow Adjustment","","","","","","","Long (Cloves) (Stock OUT (-))","""2026-08-22T13:49:26.963Z""","""public"".""stock_logs""","","","","","",""
"6a89a3113fb8c43ecce7c725","log_1787330702711_xw1o","2026-08-21T16:45:02.711Z","","+8 pcs | Workflow Adjustment","","","","","","","THUMSUP 1L (Stock IN (+))","""2026-08-22T13:49:26.963Z""","""public"".""stock_logs""","","","","","",""
"6a89a3113fb8c43ecce7c726","log_1787330965489_cawc","2026-08-21T16:49:25.489Z","","-500 g | Manual OUT entry recorded for J021","","","","","","","Kabuli Chana (Stock OUT (-))","""2026-08-22T13:49:26.963Z""","""public"".""stock_logs""","","","","","",""
"6a89a3113fb8c43ecce7c727","log_1787331283473_22lj","2026-08-21T16:54:43.473Z","","-3 kg | Manual OUT entry recorded for J075","","","","","","","Potato (আলু) (Stock OUT (-))","""2026-08-22T13:49:26.963Z""","""public"".""stock_logs""","","","","","",""
"6a89a3113fb8c43ecce7c728","log_1787332048394_lmmt","2026-08-21T17:07:28.394Z","","-49 pcs | Workflow Adjustment","","","","","","","Jaljeera Powder (Stock OUT (-))","""2026-08-22T13:49:26.963Z""","""public"".""stock_logs""","","","","","",""
"6a89a3113fb8c43ecce7c729","log_1786894853050_oo96","2026-08-16T15:40:53.050Z","","-2 packet | Manual OUT entry recorded for J018","","","","","","","Haldi (Turmeric Powder) (Stock OUT (-))","""2026-08-22T13:49:26.964Z""","""public"".""stock_logs""","","","","","",""
"6a89a3113fb8c43ecce7c72a","log_1786895195080_orcf","2026-08-16T15:46:35.080Z","","-2.2 kg | Manual OUT entry recorded for J084","","","","","","","Cabbage (বাঁধাকপি) (Stock OUT (-))","""2026-08-22T13:49:26.964Z""","""public"".""stock_logs""","","","","","",""
"6a89a3113fb8c43ecce7c72b","log_1787068406077_6wz7","2026-08-18T15:53:26.077Z","","-3 packet | Manual OUT entry recorded for J046","","","","","","","Papad (Stock OUT (-))","""2026-08-22T13:49:26.964Z""","""public"".""stock_logs""","","","","","",""
"6a89a3113fb8c43ecce7c72c","log_1787068909993_jgck","2026-08-18T16:01:49.993Z","","+4 packet | Manual IN entry recorded for J055","","","","","","","Dahi (দই / Curd) (Stock IN (+))","""2026-08-22T13:49:26.964Z""","""public"".""stock_logs""","","","","","",""
"6a89a3113fb8c43ecce7c72d","log_1787144779155_7cn9","2026-08-19T13:06:19.155Z","","-1 kg | Manual OUT entry recorded for J016","","","","","","","Ajinomoto (Ajina) (Stock OUT (-))","""2026-08-22T13:49:26.964Z""","""public"".""stock_logs""","","","","","",""
"6a89a3113fb8c43ecce7c72e","log_1787145461221_3zxx","2026-08-19T13:17:41.221Z","","-1 packet | Manual OUT entry recorded for J054","","","","","","","Milk (দুধ) (Stock OUT (-))","""2026-08-22T13:49:26.964Z""","""public"".""stock_logs""","","","","","",""
"6a89a3113fb8c43ecce7c72f","log_1787145788454_sj81","2026-08-19T13:23:08.454Z","","-0.3 kg | Manual OUT entry recorded for J086","","","","","","","Dhania Pata (Coriander) (Stock OUT (-))","""2026-08-22T13:49:26.964Z""","""public"".""stock_logs""","","","","","",""
"6a89a3113fb8c43ecce7c730","log_1787146362545_tgim","2026-08-19T13:32:42.545Z","","+2 box | Manual IN entry recorded for J045","","","","","","","Green Peas (Stock IN (+))","""2026-08-22T13:49:26.964Z""","""public"".""stock_logs""","","","","","",""
"6a89a3113fb8c43ecce7c731","log_1787158759948_01ax","2026-08-19T16:59:19.948Z","","-246 pcs | Workflow Adjustment","","","","","","","1000ml Container (Stock OUT (-))","""2026-08-22T13:49:26.964Z""","""public"".""stock_logs""","","","","","",""
"6a89a3113fb8c43ecce7c732","log_1787239017873_gy5t","2026-08-20T15:16:57.873Z","","-1 pcs | Manual OUT entry recorded for J015","","","","","","","Kashmiri Chilli Powder (Stock OUT (-))","""2026-08-22T13:49:26.964Z""","""public"".""stock_logs""","","","","","",""
"6a89a3113fb8c43ecce7c733","log_1787241945222_ni11","2026-08-20T16:05:45.222Z","","-3 kg | Manual OUT entry recorded for J075","","","","","","","Potato (আলু) (Stock OUT (-))","""2026-08-22T13:49:26.964Z""","""public"".""stock_logs""","","","","","",""
"6a89ff1515416b8b69c1463d","","""2026-08-22T19:57:09.950Z""","","","","","","order_deduct","","","","","","stk_10","Soy Sauce","-2","-2","ORD-20260822-4810","6a89ff1515416b8b69c1463c"
"6a89ff40b49fecce8618d4d4","","""2026-08-22T19:57:52.745Z""","","","","","","order_deduct","","","","","","stk_10","Soy Sauce","-2","-4","ORD-20260822-7847","6a89ff40b49fecce8618d4d3"